meeting_id,segment_id,start_time,end_time,speaker,text,is_overlap,overlap_type,topic,decision,action_item,event_type,content,owner,deadline,uncertainty_note
R8007_M8011,R8007_M8011_seg0001,1.480,11.520,N_SPK8066,大家好，欢迎来参加本次的讨论会啊，咱们这次讨论会呢主要是说一下短视频APP对我们的生活的一个影响以及体验的一个调查。,False,none,,,,topic_transition,讨论好，欢迎来参加本次的讨论会，这次讨论会呢主要是说短视频APP对的生活的一个影响以及体验的...,,,
R8007_M8011,R8007_M8011_seg0002,11.970,24.000,N_SPK8066,首先呢，咱们讲一下这个用户现在对短视频的这个需求点主要是在哪些方面，就我个人而言，对我来说短视频提供最多的是一些情感类的搞笑类的。,False,none,,,,topic_transition,讨论首先呢，讲用户现在对短视频的需求点主要是在哪些方面，就我个人而言，对我来说短视频提供最多...,,,
R8007_M8011,R8007_M8011_seg0003,24.350,34.090,N_SPK8066,科普类以及适用于社交方面的还有一些提供技能方面的一些点，咱们可以对这些方面可以进行一些讨论。,False,none,,,,speaker_stance,认为科普类以及适用于社交方面的还有一些提供技能方面的一些点，可以对这些方面可以进行一些讨论,,,
R8007_M8011,R8007_M8011_seg0004,34.800,46.150,N_SPK8068,啊，个人而言的话，我这人用的就是娱乐的比较多，就是买衣服买包包啊鞋子呀这一类的，反正在上面都会买，因。,True,partial,,,,uncertainty,高重叠语音，内容或说话人归属不确定,,,多人同时说话，按项目规则标为不确定
R8007_M8011,R8007_M8011_seg0004,34.800,46.150,N_SPK8066,就云购物。,True,partial,,,,uncertainty,高重叠语音，内容或说话人归属不确定,,,多人同时说话，按项目规则标为不确定
R8007_M8011,R8007_M8011_seg0005,47.460,60.730,N_SPK8066,也算是云购物现在对。,True,partial,,,,uncertainty,高重叠语音，内容或说话人归属不确定,,,多人同时说话，按项目规则标为不确定
R8007_M8011,R8007_M8011_seg0005,47.460,60.730,N_SPK8068,差不多吧，因为不光是我自己一个人买，属于入入坑的，然后因为是自己的那个闺蜜啊啥的在上面买衣服啊啥的，买完了之后质量比较好。,True,partial,,,,uncertainty,高重叠语音，内容或说话人归属不确定,,,多人同时说话，按项目规则标为不确定
R8007_M8011,R8007_M8011_seg0006,60.730,108.530,N_SPK8068,然后他们就会推荐推荐给我的话，我就会看着有兴趣，对对就是这样儿呢。,True,partial,,,,uncertainty,高重叠语音，内容或说话人归属不确定,,,多人同时说话，按项目规则标为不确定
R8007_M8011,R8007_M8011_seg0006,60.730,108.530,N_SPK8069,就种草了。,True,partial,,,,uncertainty,高重叠语音，内容或说话人归属不确定,,,多人同时说话，按项目规则标为不确定
R8007_M8011,R8007_M8011_seg0006,60.730,108.530,N_SPK8067,而且在抖音上或者这些短视频平台的话，都是一些主播带货，就是省去了我们自己挑款的时间，嗯。,True,partial,,,,uncertainty,高重叠语音，内容或说话人归属不确定,,,多人同时说话，按项目规则标为不确定
R8007_M8011,R8007_M8011_seg0006,60.730,108.530,N_SPK8066,那像云购物像淘宝啊这种东西，其实也是可以提供这种服务的大。,True,partial,,,,uncertainty,高重叠语音，内容或说话人归属不确定,,,多人同时说话，按项目规则标为不确定
R8007_M8011,R8007_M8011_seg0006,60.730,108.530,N_SPK8068,嗯。,True,partial,,,,uncertainty,高重叠语音，内容或说话人归属不确定,,,多人同时说话，按项目规则标为不确定
R8007_M8011,R8007_M8011_seg0006,60.730,108.530,N_SPK8068,不一样不一样的。,True,partial,,,,uncertainty,高重叠语音，内容或说话人归属不确定,,,多人同时说话，按项目规则标为不确定
R8007_M8011,R8007_M8011_seg0006,60.730,108.530,N_SPK8067,就是我说的是主播带货，就是可以把挑款的时间交给主播，我们如果相信这个主播的话，就会从他那儿买东西。,True,partial,,,,uncertainty,高重叠语音，内容或说话人归属不确定,,,多人同时说话，按项目规则标为不确定
R8007_M8011,R8007_M8011_seg0006,60.730,108.530,N_SPK8069,淘宝的话。,True,partial,,,,uncertainty,高重叠语音，内容或说话人归属不确定,,,多人同时说话，按项目规则标为不确定
R8007_M8011,R8007_M8011_seg0006,60.730,108.530,N_SPK8066,啊他会把所有的功能给你展示出来。,True,partial,,,,uncertainty,高重叠语音，内容或说话人归属不确定,,,多人同时说话，按项目规则标为不确定
R8007_M8011,R8007_M8011_seg0006,60.730,108.530,N_SPK8067,对，如果要是我们在淘宝上买东西的话，还要自己挑款，自己挑看，挑质量，如果你相信那个主播的话，你就可以直接在那儿，在他那儿买。,True,partial,,,,uncertainty,高重叠语音，内容或说话人归属不确定,,,多人同时说话，按项目规则标为不确定
R8007_M8011,R8007_M8011_seg0006,60.730,108.530,N_SPK8066,就是他会把你所需求的东西的点给你整理完毕之后，告诉你这款是ok的然后你就可以去选择这一款。,True,partial,,,,uncertainty,高重叠语音，内容或说话人归属不确定,,,多人同时说话，按项目规则标为不确定
R8007_M8011,R8007_M8011_seg0006,60.730,108.530,N_SPK8068,对，你。,True,partial,,,,uncertainty,高重叠语音，内容或说话人归属不确定,,,多人同时说话，按项目规则标为不确定
R8007_M8011,R8007_M8011_seg0006,60.730,108.530,N_SPK8067,对对对，可以。,True,partial,,,,uncertainty,高重叠语音，内容或说话人归属不确定,,,多人同时说话，按项目规则标为不确定
R8007_M8011,R8007_M8011_seg0006,60.730,108.530,N_SPK8068,是，觉得你需要这个东西，然后你就可以购入就可以买了。,True,partial,,,,uncertainty,高重叠语音，内容或说话人归属不确定,,,多人同时说话，按项目规则标为不确定
R8007_M8011,R8007_M8011_seg0007,108.610,114.420,N_SPK8067,因为现在上班时间都特别忙嘛，然后就会时，私下的时间比较少。,True,partial,,,,uncertainty,高重叠语音，内容或说话人归属不确定,,,多人同时说话，按项目规则标为不确定
R8007_M8011,R8007_M8011_seg0007,108.610,114.420,N_SPK8069,但。,True,partial,,,,uncertainty,高重叠语音，内容或说话人归属不确定,,,多人同时说话，按项目规则标为不确定
R8007_M8011,R8007_M8011_seg0008,114.900,137.190,N_SPK8066,就减少了你。,True,partial,,,,uncertainty,高重叠语音，内容或说话人归属不确定,,,多人同时说话，按项目规则标为不确定
R8007_M8011,R8007_M8011_seg0008,114.900,137.190,N_SPK8069,但是据我所知，淘宝现在也是有那个主播的就是卖东西。,True,partial,,,,uncertainty,高重叠语音，内容或说话人归属不确定,,,多人同时说话，按项目规则标为不确定
R8007_M8011,R8007_M8011_seg0008,114.900,137.190,N_SPK8067,对。,True,partial,,,,uncertainty,高重叠语音，内容或说话人归属不确定,,,多人同时说话，按项目规则标为不确定
R8007_M8011,R8007_M8011_seg0008,114.900,137.190,N_SPK8066,对这也是淘宝的一个APP的也算是属于短视频APP里的。,True,partial,,,,uncertainty,高重叠语音，内容或说话人归属不确定,,,多人同时说话，按项目规则标为不确定
R8007_M8011,R8007_M8011_seg0008,114.900,137.190,N_SPK8069,是学他的这个。,True,partial,,,,uncertainty,高重叠语音，内容或说话人归属不确定,,,多人同时说话，按项目规则标为不确定
R8007_M8011,R8007_M8011_seg0008,114.900,137.190,N_SPK8068,先入为主嘛，就是开快手儿和那个抖音先，对出来，先出来的，然后大家，就是不光是你自己，你身边的朋友，所有人手机里都有。,True,partial,,,,uncertainty,高重叠语音，内容或说话人归属不确定,,,多人同时说话，按项目规则标为不确定
R8007_M8011,R8007_M8011_seg0008,114.900,137.190,N_SPK8066,快手跟抖音是比较先出的对。,True,partial,,,,uncertainty,高重叠语音，内容或说话人归属不确定,,,多人同时说话，按项目规则标为不确定
R8007_M8011,R8007_M8011_seg0008,114.900,137.190,N_SPK8067,对对对对对。,True,partial,,,,uncertainty,高重叠语音，内容或说话人归属不确定,,,多人同时说话，按项目规则标为不确定
R8007_M8011,R8007_M8011_seg0009,137.190,162.210,N_SPK8068,抖音或者说是这个快手，然后你肯定就是，好看的然后他就会分享，分享了之后你就会看，然后你可能你觉得需要这个东西会下载，你就去找这个人儿去买这东西。,True,partial,,,,uncertainty,高重叠语音，内容或说话人归属不确定,,,多人同时说话，按项目规则标为不确定
R8007_M8011,R8007_M8011_seg0009,137.190,162.210,N_SPK8066,对。,True,partial,,,,uncertainty,高重叠语音，内容或说话人归属不确定,,,多人同时说话，按项目规则标为不确定
R8007_M8011,R8007_M8011_seg0009,137.190,162.210,N_SPK8066,当然对。,True,partial,,,,uncertainty,高重叠语音，内容或说话人归属不确定,,,多人同时说话，按项目规则标为不确定
R8007_M8011,R8007_M8011_seg0009,137.190,162.210,N_SPK8067,啊，是的是的是的。,True,partial,,,,uncertainty,高重叠语音，内容或说话人归属不确定,,,多人同时说话，按项目规则标为不确定
R8007_M8011,R8007_M8011_seg0009,137.190,162.210,N_SPK8066,对，云购物这其实只是暂时短视频提供的其中的一个福利点之一，短视频最主要的还是提供一些短视频的一些分享，像一些搞笑的段子啊一些什么样的东西，对大家其实。,True,partial,,,,uncertainty,高重叠语音，内容或说话人归属不确定,,,多人同时说话，按项目规则标为不确定
R8007_M8011,R8007_M8011_seg0009,137.190,162.210,N_SPK8069,有娱乐方面儿的。,True,partial,,,,uncertainty,高重叠语音，内容或说话人归属不确定,,,多人同时说话，按项目规则标为不确定
R8007_M8011,R8007_M8011_seg0009,137.190,162.210,N_SPK8067,嗯。,True,partial,,,,uncertainty,高重叠语音，内容或说话人归属不确定,,,多人同时说话，按项目规则标为不确定
R8007_M8011,R8007_M8011_seg0010,162.770,192.050,N_SPK8066,对我来言对我而言，我刚接触短视频的话是发现这个，呃搞笑的视频会比较多一些比较吸引我一些会比较减压所以会。,True,partial,,,,uncertainty,高重叠语音，内容或说话人归属不确定,,,多人同时说话，按项目规则标为不确定
R8007_M8011,R8007_M8011_seg0010,162.770,192.050,N_SPK8067,我刚我刚开始看的就是技术流的视频。,True,partial,,,,uncertainty,高重叠语音，内容或说话人归属不确定,,,多人同时说话，按项目规则标为不确定
R8007_M8011,R8007_M8011_seg0010,162.770,192.050,N_SPK8068,他。,True,partial,,,,uncertainty,高重叠语音，内容或说话人归属不确定,,,多人同时说话，按项目规则标为不确定
R8007_M8011,R8007_M8011_seg0010,162.770,192.050,N_SPK8068,的。,True,partial,,,,uncertainty,高重叠语音，内容或说话人归属不确定,,,多人同时说话，按项目规则标为不确定
R8007_M8011,R8007_M8011_seg0010,162.770,192.050,N_SPK8069,对刚开始我接触短视频，也是因为为了娱乐搞笑。,True,partial,,,,uncertainty,高重叠语音，内容或说话人归属不确定,,,多人同时说话，按项目规则标为不确定
R8007_M8011,R8007_M8011_seg0010,162.770,192.050,N_SPK8068,啊，我可我不是。,True,partial,,,,uncertainty,高重叠语音，内容或说话人归属不确定,,,多人同时说话，按项目规则标为不确定
R8007_M8011,R8007_M8011_seg0010,162.770,192.050,N_SPK8067,啊，对对我也是，嗯。,True,partial,,,,uncertainty,高重叠语音，内容或说话人归属不确定,,,多人同时说话，按项目规则标为不确定
R8007_M8011,R8007_M8011_seg0010,162.770,192.050,N_SPK8068,哦。,True,partial,,,,uncertainty,高重叠语音，内容或说话人归属不确定,,,多人同时说话，按项目规则标为不确定
R8007_M8011,R8007_M8011_seg0010,162.770,192.050,N_SPK8068,我就是看这种情景类的呀，这种有的时候儿他们就是拍的剧情，但是，对最近的话就是，就是模仿流比较高，就是你拍了这种情景的话。,True,partial,,,,uncertainty,高重叠语音，内容或说话人归属不确定,,,多人同时说话，按项目规则标为不确定
R8007_M8011,R8007_M8011_seg0010,162.770,192.050,N_SPK8066,对也是其实。,True,partial,,,,uncertainty,高重叠语音，内容或说话人归属不确定,,,多人同时说话，按项目规则标为不确定
R8007_M8011,R8007_M8011_seg0010,162.770,192.050,N_SPK8066,情景剧是吗。,True,partial,,,,uncertainty,高重叠语音，内容或说话人归属不确定,,,多人同时说话，按项目规则标为不确定
R8007_M8011,R8007_M8011_seg0010,162.770,192.050,N_SPK8066,啊啊对对对。,True,partial,,,,uncertainty,高重叠语音，内容或说话人归属不确定,,,多人同时说话，按项目规则标为不确定
R8007_M8011,R8007_M8011_seg0011,192.150,217.790,N_SPK8068,又会有另外的几个人过来又拍同样的，我觉得就是比较，对。,True,partial,,,,uncertainty,高重叠语音，内容或说话人归属不确定,,,多人同时说话，按项目规则标为不确定
R8007_M8011,R8007_M8011_seg0011,192.150,217.790,N_SPK8066,一个爆款会出现相继的爆款，所有人不不一样的人会拍同一样的段子对。,True,partial,,,,uncertainty,高重叠语音，内容或说话人归属不确定,,,多人同时说话，按项目规则标为不确定
R8007_M8011,R8007_M8011_seg0011,192.150,217.790,N_SPK8069,就会。,True,partial,,,,uncertainty,高重叠语音，内容或说话人归属不确定,,,多人同时说话，按项目规则标为不确定
R8007_M8011,R8007_M8011_seg0011,192.150,217.790,N_SPK8069,模仿的这个，就很，嗯。,True,partial,,,,uncertainty,高重叠语音，内容或说话人归属不确定,,,多人同时说话，按项目规则标为不确定
R8007_M8011,R8007_M8011_seg0011,192.150,217.790,N_SPK8068,对太多了模仿的然后，你可能，你因为现在这些的话就是你对什么感兴趣，他这个APP就对这个推的比较多。,True,partial,,,,uncertainty,高重叠语音，内容或说话人归属不确定,,,多人同时说话，按项目规则标为不确定
R8007_M8011,R8007_M8011_seg0011,192.150,217.790,N_SPK8066,就。,True,partial,,,,uncertainty,高重叠语音，内容或说话人归属不确定,,,多人同时说话，按项目规则标为不确定
R8007_M8011,R8007_M8011_seg0011,192.150,217.790,N_SPK8067,是。,True,partial,,,,uncertainty,高重叠语音，内容或说话人归属不确定,,,多人同时说话，按项目规则标为不确定
R8007_M8011,R8007_M8011_seg0011,192.150,217.790,N_SPK8066,对千人千面他会推荐你相对应的一些事情啊。,True,partial,,,,uncertainty,高重叠语音，内容或说话人归属不确定,,,多人同时说话，按项目规则标为不确定
R8007_M8011,R8007_M8011_seg0011,192.150,217.790,N_SPK8067,对对对。,True,partial,,,,uncertainty,高重叠语音，内容或说话人归属不确定,,,多人同时说话，按项目规则标为不确定
R8007_M8011,R8007_M8011_seg0011,192.150,217.790,N_SPK8068,对推的比较多就老看那一样的东西，所以有时候儿也挺烦这个的。,True,partial,,,,uncertainty,高重叠语音，内容或说话人归属不确定,,,多人同时说话，按项目规则标为不确定
R8007_M8011,R8007_M8011_seg0011,192.150,217.790,N_SPK8067,嗯。,True,partial,,,,uncertainty,高重叠语音，内容或说话人归属不确定,,,多人同时说话，按项目规则标为不确定
R8007_M8011,R8007_M8011_seg0012,218.250,263.460,N_SPK8067,但是我，有有时候就比较好，像那种解压的视频，如果咱们经常看，经常浏览的话，或者点赞之类的，他们就会经常给你推一些比较减压的视频，那种看起来还是比较舒服的。,True,partial,,,,uncertainty,高重叠语音，内容或说话人归属不确定,,,多人同时说话，按项目规则标为不确定
R8007_M8011,R8007_M8011_seg0012,218.250,263.460,N_SPK8069,就是。,True,partial,,,,uncertainty,高重叠语音，内容或说话人归属不确定,,,多人同时说话，按项目规则标为不确定
R8007_M8011,R8007_M8011_seg0012,218.250,263.460,N_SPK8068,嗯。,True,partial,,,,uncertainty,高重叠语音，内容或说话人归属不确定,,,多人同时说话，按项目规则标为不确定
R8007_M8011,R8007_M8011_seg0012,218.250,263.460,N_SPK8066,对。,True,partial,,,,uncertainty,高重叠语音，内容或说话人归属不确定,,,多人同时说话，按项目规则标为不确定
R8007_M8011,R8007_M8011_seg0012,218.250,263.460,N_SPK8068,就是那种和可就是划了肥皂的那些那个吗？,True,partial,,,,uncertainty,高重叠语音，内容或说话人归属不确定,,,多人同时说话，按项目规则标为不确定
R8007_M8011,R8007_M8011_seg0012,218.250,263.460,N_SPK8066,对。,True,partial,,,,uncertainty,高重叠语音，内容或说话人归属不确定,,,多人同时说话，按项目规则标为不确定
R8007_M8011,R8007_M8011_seg0012,218.250,263.460,N_SPK8067,还有。,True,partial,,,,uncertainty,高重叠语音，内容或说话人归属不确定,,,多人同时说话，按项目规则标为不确定
R8007_M8011,R8007_M8011_seg0012,218.250,263.460,N_SPK8069,如果如果是我们家的话，我们家看短视频，最多的是我妈妈，然后她看的就是生活类的。,True,partial,,,,uncertainty,高重叠语音，内容或说话人归属不确定,,,多人同时说话，按项目规则标为不确定
R8007_M8011,R8007_M8011_seg0012,218.250,263.460,N_SPK8068,呃。,True,partial,,,,uncertainty,高重叠语音，内容或说话人归属不确定,,,多人同时说话，按项目规则标为不确定
R8007_M8011,R8007_M8011_seg0012,218.250,263.460,N_SPK8067,对，中老年妇女都比较爱看，像我爸。,True,partial,,,,uncertainty,高重叠语音，内容或说话人归属不确定,,,多人同时说话，按项目规则标为不确定
R8007_M8011,R8007_M8011_seg0012,218.250,263.460,N_SPK8069,生活类的但是我发现他这个生活类的假科普的现象很严重，就比如说经常看完一个短视频，就跟我们说什么，床底下不让放鞋，卫生间不让放镜子，对这，就很无语。,True,partial,,,,uncertainty,高重叠语音，内容或说话人归属不确定,,,多人同时说话，按项目规则标为不确定
R8007_M8011,R8007_M8011_seg0012,218.250,263.460,N_SPK8066,是生活类的段子吗？,True,partial,,,,uncertainty,高重叠语音，内容或说话人归属不确定,,,多人同时说话，按项目规则标为不确定
R8007_M8011,R8007_M8011_seg0012,218.250,263.460,N_SPK8068,科普。,True,partial,,,,uncertainty,高重叠语音，内容或说话人归属不确定,,,多人同时说话，按项目规则标为不确定
R8007_M8011,R8007_M8011_seg0012,218.250,263.460,N_SPK8067,嗯，没错，没错。,True,partial,,,,uncertainty,高重叠语音，内容或说话人归属不确定,,,多人同时说话，按项目规则标为不确定
R8007_M8011,R8007_M8011_seg0012,218.250,263.460,N_SPK8066,啊对客服的。,True,partial,,,,uncertainty,高重叠语音，内容或说话人归属不确定,,,多人同时说话，按项目规则标为不确定
R8007_M8011,R8007_M8011_seg0012,218.250,263.460,N_SPK8066,嗯对。,True,partial,,,,uncertainty,高重叠语音，内容或说话人归属不确定,,,多人同时说话，按项目规则标为不确定
R8007_M8011,R8007_M8011_seg0012,218.250,263.460,N_SPK8068,哎呀，那太多啦。,True,partial,,,,uncertainty,高重叠语音，内容或说话人归属不确定,,,多人同时说话，按项目规则标为不确定
R8007_M8011,R8007_M8011_seg0012,218.250,263.460,N_SPK8066,这些受众面。,True,partial,,,,uncertainty,高重叠语音，内容或说话人归属不确定,,,多人同时说话，按项目规则标为不确定
R8007_M8011,R8007_M8011_seg0012,218.250,263.460,N_SPK8067,这只嗯。,True,partial,,,,uncertainty,高重叠语音，内容或说话人归属不确定,,,多人同时说话，按项目规则标为不确定
R8007_M8011,R8007_M8011_seg0013,263.540,272.960,N_SPK8068,自己分辨比较好。,True,partial,,,,uncertainty,高重叠语音，内容或说话人归属不确定,,,多人同时说话，按项目规则标为不确定
R8007_M8011,R8007_M8011_seg0013,263.540,272.960,N_SPK8067,对对对。,True,partial,,,,uncertainty,高重叠语音，内容或说话人归属不确定,,,多人同时说话，按项目规则标为不确定
R8007_M8011,R8007_M8011_seg0013,263.540,272.960,N_SPK8066,对中老年人的受众面还是蛮大的，他们就会比较相信这一些算是伪科普的一些内容吧，但是相对于短视频来源。,True,partial,,,,uncertainty,高重叠语音，内容或说话人归属不确定,,,多人同时说话，按项目规则标为不确定
R8007_M8011,R8007_M8011_seg0013,263.540,272.960,N_SPK8069,嗯。,True,partial,,,,uncertainty,高重叠语音，内容或说话人归属不确定,,,多人同时说话，按项目规则标为不确定
R8007_M8011,R8007_M8011_seg0014,273.750,280.250,N_SPK8066,除了伪科普，其实还有很多这种科普类型的博主，去分享呢一些科普的知识还是蛮多的。,False,none,,,,speaker_stance,认为除了伪科普，还有很多这种科普类型的博主，去分享呢一些科普的知识还是蛮多的,,,
R8007_M8011,R8007_M8011_seg0015,280.410,283.510,N_SPK8067,我也比较喜欢看科普类的比较长长知识。,True,partial,,,,uncertainty,高重叠语音，内容或说话人归属不确定,,,多人同时说话，按项目规则标为不确定
R8007_M8011,R8007_M8011_seg0015,280.410,283.510,N_SPK8068,有。,True,partial,,,,uncertainty,高重叠语音，内容或说话人归属不确定,,,多人同时说话，按项目规则标为不确定
R8007_M8011,R8007_M8011_seg0015,280.410,283.510,N_SPK8069,嗯嗯。,True,partial,,,,uncertainty,高重叠语音，内容或说话人归属不确定,,,多人同时说话，按项目规则标为不确定
R8007_M8011,R8007_M8011_seg0016,283.740,295.940,N_SPK8068,对我看呢，鹤叔，我不知道你们看没看啊，我我一般看的话就是鹤叔，还有就是保险类的比较多，然后因为关注了他们，然后等到时候看的话就先看自己关注的。,True,partial,,,,uncertainty,高重叠语音，内容或说话人归属不确定,,,多人同时说话，按项目规则标为不确定
R8007_M8011,R8007_M8011_seg0016,283.740,295.940,N_SPK8066,对。,True,partial,,,,uncertainty,高重叠语音，内容或说话人归属不确定,,,多人同时说话，按项目规则标为不确定
R8007_M8011,R8007_M8011_seg0016,283.740,295.940,N_SPK8067,嗯。,True,partial,,,,uncertainty,高重叠语音，内容或说话人归属不确定,,,多人同时说话，按项目规则标为不确定
R8007_M8011,R8007_M8011_seg0016,283.740,295.940,N_SPK8067,看了，看过。,True,partial,,,,uncertainty,高重叠语音，内容或说话人归属不确定,,,多人同时说话，按项目规则标为不确定
R8007_M8011,R8007_M8011_seg0016,283.740,295.940,N_SPK8066,哦看过。,True,partial,,,,uncertainty,高重叠语音，内容或说话人归属不确定,,,多人同时说话，按项目规则标为不确定
R8007_M8011,R8007_M8011_seg0017,295.940,322.210,N_SPK8068,谁更新了新的视频，你就先看了之后再去看其他的，反正我就是这样，而且再就是的话，我会看一些就电视剧的啊，像自己没看过电视剧的经典的出现了之后，你可能就点开他的主页把这一系列的看完。,True,partial,,,,uncertainty,高重叠语音，内容或说话人归属不确定,,,多人同时说话，按项目规则标为不确定
R8007_M8011,R8007_M8011_seg0017,295.940,322.210,N_SPK8066,更新了新的视频就会看一下。,True,partial,,,,uncertainty,高重叠语音，内容或说话人归属不确定,,,多人同时说话，按项目规则标为不确定
R8007_M8011,R8007_M8011_seg0017,295.940,322.210,N_SPK8066,好。,True,partial,,,,uncertainty,高重叠语音，内容或说话人归属不确定,,,多人同时说话，按项目规则标为不确定
R8007_M8011,R8007_M8011_seg0017,295.940,322.210,N_SPK8067,哦，那个片段是不是，嗯。,True,partial,,,,uncertainty,高重叠语音，内容或说话人归属不确定,,,多人同时说话，按项目规则标为不确定
R8007_M8011,R8007_M8011_seg0017,295.940,322.210,N_SPK8069,哦哦，那个对片段。,True,partial,,,,uncertainty,高重叠语音，内容或说话人归属不确定,,,多人同时说话，按项目规则标为不确定
R8007_M8011,R8007_M8011_seg0017,295.940,322.210,N_SPK8066,是。,True,partial,,,,uncertainty,高重叠语音，内容或说话人归属不确定,,,多人同时说话，按项目规则标为不确定
R8007_M8011,R8007_M8011_seg0017,295.940,322.210,N_SPK8068,对很经典的片段嘛。,True,partial,,,,uncertainty,高重叠语音，内容或说话人归属不确定,,,多人同时说话，按项目规则标为不确定
R8007_M8011,R8007_M8011_seg0017,295.940,322.210,N_SPK8066,是电视剧的片段，还是说是那种类似于电视电影电视的那种解析呢。,True,partial,,,,uncertainty,高重叠语音，内容或说话人归属不确定,,,多人同时说话，按项目规则标为不确定
R8007_M8011,R8007_M8011_seg0017,295.940,322.210,N_SPK8069,对，这这个也可以。,True,partial,,,,uncertainty,高重叠语音，内容或说话人归属不确定,,,多人同时说话，按项目规则标为不确定
R8007_M8011,R8007_M8011_seg0017,295.940,322.210,N_SPK8068,都有啊，因为你看过了之后，就是他就会给你推荐一个从电视剧到电影都会有啊。,True,partial,,,,uncertainty,高重叠语音，内容或说话人归属不确定,,,多人同时说话，按项目规则标为不确定
R8007_M8011,R8007_M8011_seg0017,295.940,322.210,N_SPK8067,对对对。,True,partial,,,,uncertainty,高重叠语音，内容或说话人归属不确定,,,多人同时说话，按项目规则标为不确定
R8007_M8011,R8007_M8011_seg0018,322.580,323.540,N_SPK8066,一些精彩片段。,False,none,,,,speaker_stance,认为一些精彩片段,,,
R8007_M8011,R8007_M8011_seg0019,323.780,324.150,N_SPK8068,对。,False,none,,,,speaker_stance,认为对,,,
R8007_M8011,R8007_M8011_seg0020,324.250,351.680,N_SPK8066,啊。,True,partial,,,,uncertainty,高重叠语音，内容或说话人归属不确定,,,多人同时说话，按项目规则标为不确定
R8007_M8011,R8007_M8011_seg0020,324.250,351.680,N_SPK8069,其实有时候也不是精彩片段，就是非常吸引人的一个片段，也也会。,True,partial,,,,uncertainty,高重叠语音，内容或说话人归属不确定,,,多人同时说话，按项目规则标为不确定
R8007_M8011,R8007_M8011_seg0020,324.250,351.680,N_SPK8066,啊。,True,partial,,,,uncertainty,高重叠语音，内容或说话人归属不确定,,,多人同时说话，按项目规则标为不确定
R8007_M8011,R8007_M8011_seg0020,324.250,351.680,N_SPK8068,我我觉得这个也是有利有弊啊，就是有的时候你没有看过的，然后你看了之后，比如说你再去电影院啊，或者哪儿看的话，就没有看的那个欲望了，就是看过的还好。,True,partial,,,,uncertainty,高重叠语音，内容或说话人归属不确定,,,多人同时说话，按项目规则标为不确定
R8007_M8011,R8007_M8011_seg0020,324.250,351.680,N_SPK8066,对。,True,partial,,,,uncertainty,高重叠语音，内容或说话人归属不确定,,,多人同时说话，按项目规则标为不确定
R8007_M8011,R8007_M8011_seg0020,324.250,351.680,N_SPK8069,就很，很想看。,True,partial,,,,uncertainty,高重叠语音，内容或说话人归属不确定,,,多人同时说话，按项目规则标为不确定
R8007_M8011,R8007_M8011_seg0020,324.250,351.680,N_SPK8066,是我有时候会比较喜欢看那种电影的解析，就是有些电影我没有时间去看一个多小时那么长时间，但是电影解析他会把那些精彩的点会告诉你，其实这也是一个在。,True,partial,,,,uncertainty,高重叠语音，内容或说话人归属不确定,,,多人同时说话，按项目规则标为不确定
R8007_M8011,R8007_M8011_seg0020,324.250,351.680,N_SPK8067,哦，是的，我也看过。,True,partial,,,,uncertainty,高重叠语音，内容或说话人归属不确定,,,多人同时说话，按项目规则标为不确定
R8007_M8011,R8007_M8011_seg0020,324.250,351.680,N_SPK8069,嗯。,True,partial,,,,uncertainty,高重叠语音，内容或说话人归属不确定,,,多人同时说话，按项目规则标为不确定
R8007_M8011,R8007_M8011_seg0020,324.250,351.680,N_SPK8068,还要看完。,True,partial,,,,uncertainty,高重叠语音，内容或说话人归属不确定,,,多人同时说话，按项目规则标为不确定
R8007_M8011,R8007_M8011_seg0021,352.050,357.420,N_SPK8066,空闲时间的一个碎片化时间的利用，短视频也是很好的满足了大家的这个需求点。,True,partial,,,,uncertainty,高重叠语音，内容或说话人归属不确定,,,多人同时说话，按项目规则标为不确定
R8007_M8011,R8007_M8011_seg0021,352.050,357.420,N_SPK8068,对这个也不错，我也经常看。,True,partial,,,,uncertainty,高重叠语音，内容或说话人归属不确定,,,多人同时说话，按项目规则标为不确定
R8007_M8011,R8007_M8011_seg0021,352.050,357.420,N_SPK8069,嗯，有这个需求，对。,True,partial,,,,uncertainty,高重叠语音，内容或说话人归属不确定,,,多人同时说话，按项目规则标为不确定
R8007_M8011,R8007_M8011_seg0022,357.620,363.880,N_SPK8067,而且有的时候可能是咱们看的时候没有看到的点，视频解析它会给你讲解到，就特别好。,True,partial,,,,uncertainty,高重叠语音，内容或说话人归属不确定,,,多人同时说话，按项目规则标为不确定
R8007_M8011,R8007_M8011_seg0022,357.620,363.880,N_SPK8066,对。,True,partial,,,,uncertainty,高重叠语音，内容或说话人归属不确定,,,多人同时说话，按项目规则标为不确定
R8007_M8011,R8007_M8011_seg0023,364.020,382.630,N_SPK8069,对，讲解它会有一个你看不到的东西，他就会说出来，然后说出来发现，哇，原来这样。,True,partial,,,,uncertainty,高重叠语音，内容或说话人归属不确定,,,多人同时说话，按项目规则标为不确定
R8007_M8011,R8007_M8011_seg0023,364.020,382.630,N_SPK8068,对反正我。,True,partial,,,,uncertainty,高重叠语音，内容或说话人归属不确定,,,多人同时说话，按项目规则标为不确定
R8007_M8011,R8007_M8011_seg0023,364.020,382.630,N_SPK8066,他讲。,True,partial,,,,uncertainty,高重叠语音，内容或说话人归属不确定,,,多人同时说话，按项目规则标为不确定
R8007_M8011,R8007_M8011_seg0023,364.020,382.630,N_SPK8066,是的。,True,partial,,,,uncertainty,高重叠语音，内容或说话人归属不确定,,,多人同时说话，按项目规则标为不确定
R8007_M8011,R8007_M8011_seg0023,364.020,382.630,N_SPK8066,因为很多视频博主他他从出发的点不一样，有些人是专门挑那种比较高能的点去对整个剧情解析，有些人是挑一些情感情感主线或者这些支线去解析。,True,partial,,,,uncertainty,高重叠语音，内容或说话人归属不确定,,,多人同时说话，按项目规则标为不确定
R8007_M8011,R8007_M8011_seg0023,364.020,382.630,N_SPK8067,哦，是的是的是的。,True,partial,,,,uncertainty,高重叠语音，内容或说话人归属不确定,,,多人同时说话，按项目规则标为不确定
R8007_M8011,R8007_M8011_seg0023,364.020,382.630,N_SPK8067,对对对，没错。,True,partial,,,,uncertainty,高重叠语音，内容或说话人归属不确定,,,多人同时说话，按项目规则标为不确定
R8007_M8011,R8007_M8011_seg0023,364.020,382.630,N_SPK8066,对其实对大家来说，也是一种互补吧。,True,partial,,,,uncertainty,高重叠语音，内容或说话人归属不确定,,,多人同时说话，按项目规则标为不确定
R8007_M8011,R8007_M8011_seg0023,364.020,382.630,N_SPK8068,哎。,True,partial,,,,uncertainty,高重叠语音，内容或说话人归属不确定,,,多人同时说话，按项目规则标为不确定
R8007_M8011,R8007_M8011_seg0024,382.740,412.860,N_SPK8069,嗯啊可以。,True,partial,,,,uncertainty,高重叠语音，内容或说话人归属不确定,,,多人同时说话，按项目规则标为不确定
R8007_M8011,R8007_M8011_seg0024,382.740,412.860,N_SPK8067,嗯。,True,partial,,,,uncertainty,高重叠语音，内容或说话人归属不确定,,,多人同时说话，按项目规则标为不确定
R8007_M8011,R8007_M8011_seg0024,382.740,412.860,N_SPK8068,对但是，现在看的就是最近看的啊，就有的时候会看到有一些那种监控的，啊我觉得特别气人的那种，然后像这样儿这样儿的话，我我会经常点开他的评论去看啊。,True,partial,,,,uncertainty,高重叠语音，内容或说话人归属不确定,,,多人同时说话，按项目规则标为不确定
R8007_M8011,R8007_M8011_seg0024,382.740,412.860,N_SPK8069,哦对，我也看过。,True,partial,,,,uncertainty,高重叠语音，内容或说话人归属不确定,,,多人同时说话，按项目规则标为不确定
R8007_M8011,R8007_M8011_seg0024,382.740,412.860,N_SPK8069,对，比如说事，事故平，事故现场是吗？对我也看过。,True,partial,,,,uncertainty,高重叠语音，内容或说话人归属不确定,,,多人同时说话，按项目规则标为不确定
R8007_M8011,R8007_M8011_seg0024,382.740,412.860,N_SPK8068,对。,True,partial,,,,uncertainty,高重叠语音，内容或说话人归属不确定,,,多人同时说话，按项目规则标为不确定
R8007_M8011,R8007_M8011_seg0024,382.740,412.860,N_SPK8068,对有事事故的有不是的呀，就比如说各种不一样的呀，就比如说偷东西的或者什么的不一样的，还有比如说，还有比如特别看的比较多的就是什么呀，警察一眼之中就能把你认出来的那种看的太多了。,True,partial,,,,uncertainty,高重叠语音，内容或说话人归属不确定,,,多人同时说话，按项目规则标为不确定
R8007_M8011,R8007_M8011_seg0024,382.740,412.860,N_SPK8069,嗯。,True,partial,,,,uncertainty,高重叠语音，内容或说话人归属不确定,,,多人同时说话，按项目规则标为不确定
R8007_M8011,R8007_M8011_seg0024,382.740,412.860,N_SPK8066,对的确是很气愤。,True,partial,,,,uncertainty,高重叠语音，内容或说话人归属不确定,,,多人同时说话，按项目规则标为不确定
R8007_M8011,R8007_M8011_seg0024,382.740,412.860,N_SPK8069,嗯。,True,partial,,,,uncertainty,高重叠语音，内容或说话人归属不确定,,,多人同时说话，按项目规则标为不确定
R8007_M8011,R8007_M8011_seg0025,412.860,427.750,N_SPK8068,就是说这个逃犯在他们眼里就是，他们记得太多了，一看你一眼就知道你可能是犯事儿的，然后你有你带那种气质就，就得安排就得就得去逮你的那种，看的特别多的这种，然后有的时候觉得这样呢？,True,partial,,,,uncertainty,高重叠语音，内容或说话人归属不确定,,,多人同时说话，按项目规则标为不确定
R8007_M8011,R8007_M8011_seg0025,412.860,427.750,N_SPK8069,慧眼识人。,True,partial,,,,uncertainty,高重叠语音，内容或说话人归属不确定,,,多人同时说话，按项目规则标为不确定
R8007_M8011,R8007_M8011_seg0026,427.940,434.720,N_SPK8068,对觉得也很搞笑，然后这样的时候，我还会比较看评论啊，对。,True,partial,,,,uncertainty,高重叠语音，内容或说话人归属不确定,,,多人同时说话，按项目规则标为不确定
R8007_M8011,R8007_M8011_seg0026,427.940,434.720,N_SPK8067,我也喜欢看评论。,True,partial,,,,uncertainty,高重叠语音，内容或说话人归属不确定,,,多人同时说话，按项目规则标为不确定
R8007_M8011,R8007_M8011_seg0026,427.940,434.720,N_SPK8069,哦，对我也喜欢。,True,partial,,,,uncertainty,高重叠语音，内容或说话人归属不确定,,,多人同时说话，按项目规则标为不确定
R8007_M8011,R8007_M8011_seg0027,434.920,454.310,N_SPK8068,唉对，我看评论大过于看她的那个呃视频。,True,partial,,,,uncertainty,高重叠语音，内容或说话人归属不确定,,,多人同时说话，按项目规则标为不确定
R8007_M8011,R8007_M8011_seg0027,434.920,454.310,N_SPK8067,有时候段子可能没有那么有意思，但是评论都特别有意思。,True,partial,,,,uncertainty,高重叠语音，内容或说话人归属不确定,,,多人同时说话，按项目规则标为不确定
R8007_M8011,R8007_M8011_seg0027,434.920,454.310,N_SPK8069,对有时候就是看视频，看着看，对看着看着就翻到那个评论，或者是看视频看几秒钟，一分钟，就开始点开那个视频，不是不是视频，就那个评论对对对。,True,partial,,,,uncertainty,高重叠语音，内容或说话人归属不确定,,,多人同时说话，按项目规则标为不确定
R8007_M8011,R8007_M8011_seg0027,434.920,454.310,N_SPK8066,评论有时候会一针见血去讲一些事情。,True,partial,,,,uncertainty,高重叠语音，内容或说话人归属不确定,,,多人同时说话，按项目规则标为不确定
R8007_M8011,R8007_M8011_seg0027,434.920,454.310,N_SPK8067,啊。,True,partial,,,,uncertainty,高重叠语音，内容或说话人归属不确定,,,多人同时说话，按项目规则标为不确定
R8007_M8011,R8007_M8011_seg0027,434.920,454.310,N_SPK8067,嗯。,True,partial,,,,uncertainty,高重叠语音，内容或说话人归属不确定,,,多人同时说话，按项目规则标为不确定
R8007_M8011,R8007_M8011_seg0027,434.920,454.310,N_SPK8066,看评论。,True,partial,,,,uncertainty,高重叠语音，内容或说话人归属不确定,,,多人同时说话，按项目规则标为不确定
R8007_M8011,R8007_M8011_seg0028,454.810,468.190,N_SPK8068,对我反正看评论看的比较多，看评论大过于看视频，然后我觉得太有意思了，因为我觉得评论的话，都是神人，而且还有好多那种，特别合辙押韵的一段儿一段儿的话，我觉得就特别有意思。,True,partial,,,,uncertainty,高重叠语音，内容或说话人归属不确定,,,多人同时说话，按项目规则标为不确定
R8007_M8011,R8007_M8011_seg0028,454.810,468.190,N_SPK8069,对。,True,partial,,,,uncertainty,高重叠语音，内容或说话人归属不确定,,,多人同时说话，按项目规则标为不确定
R8007_M8011,R8007_M8011_seg0028,454.810,468.190,N_SPK8066,是的是的。,True,partial,,,,uncertainty,高重叠语音，内容或说话人归属不确定,,,多人同时说话，按项目规则标为不确定
R8007_M8011,R8007_M8011_seg0028,454.810,468.190,N_SPK8069,就段子。,True,partial,,,,uncertainty,高重叠语音，内容或说话人归属不确定,,,多人同时说话，按项目规则标为不确定
R8007_M8011,R8007_M8011_seg0029,468.560,502.220,N_SPK8068,嗯。,True,partial,,,,uncertainty,高重叠语音，内容或说话人归属不确定,,,多人同时说话，按项目规则标为不确定
R8007_M8011,R8007_M8011_seg0029,468.560,502.220,N_SPK8066,段子手无处不在。,True,partial,,,,uncertainty,高重叠语音，内容或说话人归属不确定,,,多人同时说话，按项目规则标为不确定
R8007_M8011,R8007_M8011_seg0029,468.560,502.220,N_SPK8069,嗯。,True,partial,,,,uncertainty,高重叠语音，内容或说话人归属不确定,,,多人同时说话，按项目规则标为不确定
R8007_M8011,R8007_M8011_seg0029,468.560,502.220,N_SPK8068,对，但是我平常的话，除了关注这些的话，再就是关注游戏比较多，因为对我玩儿游戏玩的比较多，基本上就是，什么吃鸡儿啊，或者还有什么还有那种，还有就是。,True,partial,,,,uncertainty,高重叠语音，内容或说话人归属不确定,,,多人同时说话，按项目规则标为不确定
R8007_M8011,R8007_M8011_seg0029,468.560,502.220,N_SPK8067,我也是。,True,partial,,,,uncertainty,高重叠语音，内容或说话人归属不确定,,,多人同时说话，按项目规则标为不确定
R8007_M8011,R8007_M8011_seg0029,468.560,502.220,N_SPK8066,是游戏的直播的那种直播吗还是。,True,partial,,,,uncertainty,高重叠语音，内容或说话人归属不确定,,,多人同时说话，按项目规则标为不确定
R8007_M8011,R8007_M8011_seg0029,468.560,502.220,N_SPK8068,直播看到的就是看到的少，对。,True,partial,,,,uncertainty,高重叠语音，内容或说话人归属不确定,,,多人同时说话，按项目规则标为不确定
R8007_M8011,R8007_M8011_seg0029,468.560,502.220,N_SPK8067,直播教学。,True,partial,,,,uncertainty,高重叠语音，内容或说话人归属不确定,,,多人同时说话，按项目规则标为不确定
R8007_M8011,R8007_M8011_seg0029,468.560,502.220,N_SPK8069,我看过那个关于游戏，就是页，那个人物制作得非常精美的，可能算是游戏的宣传。,True,partial,,,,uncertainty,高重叠语音，内容或说话人归属不确定,,,多人同时说话，按项目规则标为不确定
R8007_M8011,R8007_M8011_seg0029,468.560,502.220,N_SPK8066,啊所有的UI设计三D，呃模型之类的那种是吗，那那属于类似于机能的一种展示，也是相对于一个科普吧。,True,partial,,,,uncertainty,高重叠语音，内容或说话人归属不确定,,,多人同时说话，按项目规则标为不确定
R8007_M8011,R8007_M8011_seg0029,468.560,502.220,N_SPK8068,呃，呃。,True,partial,,,,uncertainty,高重叠语音，内容或说话人归属不确定,,,多人同时说话，按项目规则标为不确定
R8007_M8011,R8007_M8011_seg0029,468.560,502.220,N_SPK8069,对对三D模型。,True,partial,,,,uncertainty,高重叠语音，内容或说话人归属不确定,,,多人同时说话，按项目规则标为不确定
R8007_M8011,R8007_M8011_seg0030,502.580,509.720,N_SPK8067,对。,True,partial,,,,uncertainty,高重叠语音，内容或说话人归属不确定,,,多人同时说话，按项目规则标为不确定
R8007_M8011,R8007_M8011_seg0030,502.580,509.720,N_SPK8069,然后我是没有玩儿过那种游戏，但是我看过那个短视频，我就想问这游戏是什么名字，是是游戏还是视频？,True,partial,,,,uncertainty,高重叠语音，内容或说话人归属不确定,,,多人同时说话，按项目规则标为不确定
R8007_M8011,R8007_M8011_seg0030,502.580,509.720,N_SPK8068,因。,True,partial,,,,uncertainty,高重叠语音，内容或说话人归属不确定,,,多人同时说话，按项目规则标为不确定
R8007_M8011,R8007_M8011_seg0030,502.580,509.720,N_SPK8067,还可以有。,True,partial,,,,uncertainty,高重叠语音，内容或说话人归属不确定,,,多人同时说话，按项目规则标为不确定
R8007_M8011,R8007_M8011_seg0031,509.850,512.560,N_SPK8067,那就达到了一种宣传的目的呀，嗯。,True,partial,,,,uncertainty,高重叠语音，内容或说话人归属不确定,,,多人同时说话，按项目规则标为不确定
R8007_M8011,R8007_M8011_seg0031,509.850,512.560,N_SPK8068,嗯。,True,partial,,,,uncertainty,高重叠语音，内容或说话人归属不确定,,,多人同时说话，按项目规则标为不确定
R8007_M8011,R8007_M8011_seg0031,509.850,512.560,N_SPK8069,对对对。,True,partial,,,,uncertainty,高重叠语音，内容或说话人归属不确定,,,多人同时说话，按项目规则标为不确定
R8007_M8011,R8007_M8011_seg0032,512.760,515.920,N_SPK8068,呃，有对，对。,True,full,,,,uncertainty,高重叠语音，内容或说话人归属不确定,,,多人同时说话，按项目规则标为不确定
R8007_M8011,R8007_M8011_seg0032,512.760,515.920,N_SPK8066,吸引大家来玩这个游戏，也相当于一种变相的。,True,full,,,,uncertainty,高重叠语音，内容或说话人归属不确定,,,多人同时说话，按项目规则标为不确定
R8007_M8011,R8007_M8011_seg0032,512.760,515.920,N_SPK8067,对对对。,True,full,,,,uncertainty,高重叠语音，内容或说话人归属不确定,,,多人同时说话，按项目规则标为不确定
R8007_M8011,R8007_M8011_seg0033,516.470,535.220,N_SPK8068,在宣传这个的话，我觉得那个宣传比较多的肯定是他广告打得好，而且有的像宣传的话，他，就是你宣传的这个样，但是你真实下载了这个游戏了之后，他可能就不是这个样了。,True,partial,,,,uncertainty,高重叠语音，内容或说话人归属不确定,,,多人同时说话，按项目规则标为不确定
R8007_M8011,R8007_M8011_seg0033,516.470,535.220,N_SPK8066,广告。,True,partial,,,,uncertainty,高重叠语音，内容或说话人归属不确定,,,多人同时说话，按项目规则标为不确定
R8007_M8011,R8007_M8011_seg0033,516.470,535.220,N_SPK8069,他不愿意看广告。,True,partial,,,,uncertainty,高重叠语音，内容或说话人归属不确定,,,多人同时说话，按项目规则标为不确定
R8007_M8011,R8007_M8011_seg0033,516.470,535.220,N_SPK8069,哦对。,True,partial,,,,uncertainty,高重叠语音，内容或说话人归属不确定,,,多人同时说话，按项目规则标为不确定
R8007_M8011,R8007_M8011_seg0033,516.470,535.220,N_SPK8068,所以他还是广告有的时候还是。,True,partial,,,,uncertainty,高重叠语音，内容或说话人归属不确定,,,多人同时说话，按项目规则标为不确定
R8007_M8011,R8007_M8011_seg0033,516.470,535.220,N_SPK8069,出入比较大。,True,partial,,,,uncertainty,高重叠语音，内容或说话人归属不确定,,,多人同时说话，按项目规则标为不确定
R8007_M8011,R8007_M8011_seg0033,516.470,535.220,N_SPK8066,是。,True,partial,,,,uncertainty,高重叠语音，内容或说话人归属不确定,,,多人同时说话，按项目规则标为不确定
R8007_M8011,R8007_M8011_seg0033,516.470,535.220,N_SPK8068,对，别信。,True,partial,,,,uncertainty,高重叠语音，内容或说话人归属不确定,,,多人同时说话，按项目规则标为不确定
R8007_M8011,R8007_M8011_seg0034,535.490,545.270,N_SPK8066,对目前短视频的需求对大家来说还是蛮多的，那如果是对于这些需求点，大家有没有什么一些新功能的一些意见比如说创新的功能。,False,none,,,,speaker_stance,认为对目前短视频的需求对来说还是蛮多的，那如果是对于这些需求点，有没有什么一些新功能的一些意...,,,
R8007_M8011,R8007_M8011_seg0035,545.290,548.610,N_SPK8069,我只希望界面更简洁一些，不要那么复杂。,True,partial,,,,uncertainty,高重叠语音，内容或说话人归属不确定,,,多人同时说话，按项目规则标为不确定
R8007_M8011,R8007_M8011_seg0035,545.290,548.610,N_SPK8067,就是那个。,True,partial,,,,uncertainty,高重叠语音，内容或说话人归属不确定,,,多人同时说话，按项目规则标为不确定
R8007_M8011,R8007_M8011_seg0036,549.070,561.850,N_SPK8067,科普的，希望就是嗯博博主上传视频的时候，可以平台稍微的，对对对，对的，这样可以说减少一下对中老年人的误导。,True,full,,,,uncertainty,高重叠语音，内容或说话人归属不确定,,,多人同时说话，按项目规则标为不确定
R8007_M8011,R8007_M8011_seg0036,549.070,561.850,N_SPK8068,辟谣的把那些，对。,True,full,,,,uncertainty,高重叠语音，内容或说话人归属不确定,,,多人同时说话，按项目规则标为不确定
R8007_M8011,R8007_M8011_seg0036,549.070,561.850,N_SPK8069,呃，对辟谣的。,True,full,,,,uncertainty,高重叠语音，内容或说话人归属不确定,,,多人同时说话，按项目规则标为不确定
R8007_M8011,R8007_M8011_seg0036,549.070,561.850,N_SPK8066,啊后台有一个监控说这是真客服还是假客服，伪客服的话就相当于筛选出来。,True,full,,,,uncertainty,高重叠语音，内容或说话人归属不确定,,,多人同时说话，按项目规则标为不确定
R8007_M8011,R8007_M8011_seg0036,549.070,561.850,N_SPK8068,对。,True,full,,,,uncertainty,高重叠语音，内容或说话人归属不确定,,,多人同时说话，按项目规则标为不确定
R8007_M8011,R8007_M8011_seg0037,561.960,574.330,N_SPK8068,啊，这个误导太多了，有的时候就说，啊，比如说这样千万别这么做，可能有毒可能影响一家子，太太太恶心了这。,True,partial,,,,uncertainty,高重叠语音，内容或说话人归属不确定,,,多人同时说话，按项目规则标为不确定
R8007_M8011,R8007_M8011_seg0037,561.960,574.330,N_SPK8069,嗯嗯嗯。,True,partial,,,,uncertainty,高重叠语音，内容或说话人归属不确定,,,多人同时说话，按项目规则标为不确定
R8007_M8011,R8007_M8011_seg0037,561.960,574.330,N_SPK8069,对对对，就就很烦。,True,partial,,,,uncertainty,高重叠语音，内容或说话人归属不确定,,,多人同时说话，按项目规则标为不确定
R8007_M8011,R8007_M8011_seg0037,561.960,574.330,N_SPK8066,对。,True,partial,,,,uncertainty,高重叠语音，内容或说话人归属不确定,,,多人同时说话，按项目规则标为不确定
R8007_M8011,R8007_M8011_seg0037,561.960,574.330,N_SPK8069,就我妈看一个视频跟我说，跟我弟说，跟我爸说，我我都受不了了。,True,partial,,,,uncertainty,高重叠语音，内容或说话人归属不确定,,,多人同时说话，按项目规则标为不确定
R8007_M8011,R8007_M8011_seg0038,574.610,608.420,N_SPK8068,但是你还不能说他说这是假的，他说假的能发出来吗？他们还会这样儿。,True,partial,,,,uncertainty,高重叠语音，内容或说话人归属不确定,,,多人同时说话，按项目规则标为不确定
R8007_M8011,R8007_M8011_seg0038,574.610,608.420,N_SPK8069,对呀对对对。,True,partial,,,,uncertainty,高重叠语音，内容或说话人归属不确定,,,多人同时说话，按项目规则标为不确定
R8007_M8011,R8007_M8011_seg0038,574.610,608.420,N_SPK8066,对也会有这种顾虑中老年人。,True,partial,,,,uncertainty,高重叠语音，内容或说话人归属不确定,,,多人同时说话，按项目规则标为不确定
R8007_M8011,R8007_M8011_seg0038,574.610,608.420,N_SPK8067,像，像前段时间那个新闻，就是靳东的那个，一个中，大家都知道吧，一个中老年的妇女说要跟他谈恋爱，其实这，对就是一个，明显那个博主就是一个假的。,True,partial,,,,uncertainty,高重叠语音，内容或说话人归属不确定,,,多人同时说话，按项目规则标为不确定
R8007_M8011,R8007_M8011_seg0038,574.610,608.420,N_SPK8068,哦哦哦。,True,partial,,,,uncertainty,高重叠语音，内容或说话人归属不确定,,,多人同时说话，按项目规则标为不确定
R8007_M8011,R8007_M8011_seg0038,574.610,608.420,N_SPK8068,哦知道知道。,True,partial,,,,uncertainty,高重叠语音，内容或说话人归属不确定,,,多人同时说话，按项目规则标为不确定
R8007_M8011,R8007_M8011_seg0038,574.610,608.420,N_SPK8069,哦。,True,partial,,,,uncertainty,高重叠语音，内容或说话人归属不确定,,,多人同时说话，按项目规则标为不确定
R8007_M8011,R8007_M8011_seg0038,574.610,608.420,N_SPK8068,啊对。,True,partial,,,,uncertainty,高重叠语音，内容或说话人归属不确定,,,多人同时说话，按项目规则标为不确定
R8007_M8011,R8007_M8011_seg0038,574.610,608.420,N_SPK8069,哦，我不知道。,True,partial,,,,uncertainty,高重叠语音，内容或说话人归属不确定,,,多人同时说话，按项目规则标为不确定
R8007_M8011,R8007_M8011_seg0038,574.610,608.420,N_SPK8066,对这个就是像这种的，就是一个虚假的后台，就是监控的应该是加一个这种后台的监控。,True,partial,,,,uncertainty,高重叠语音，内容或说话人归属不确定,,,多人同时说话，按项目规则标为不确定
R8007_M8011,R8007_M8011_seg0038,574.610,608.420,N_SPK8068,对。,True,partial,,,,uncertainty,高重叠语音，内容或说话人归属不确定,,,多人同时说话，按项目规则标为不确定
R8007_M8011,R8007_M8011_seg0038,574.610,608.420,N_SPK8067,对，所以，没错，这个一定要加加强监管，这样是非常容易骗到中老年人，他们现在分辨能力比较弱。,True,partial,,,,uncertainty,高重叠语音，内容或说话人归属不确定,,,多人同时说话，按项目规则标为不确定
R8007_M8011,R8007_M8011_seg0038,574.610,608.420,N_SPK8068,嗯。,True,partial,,,,uncertainty,高重叠语音，内容或说话人归属不确定,,,多人同时说话，按项目规则标为不确定
R8007_M8011,R8007_M8011_seg0038,574.610,608.420,N_SPK8069,嗯对的确。,True,partial,,,,uncertainty,高重叠语音，内容或说话人归属不确定,,,多人同时说话，按项目规则标为不确定
R8007_M8011,R8007_M8011_seg0038,574.610,608.420,N_SPK8068,啊，对。,True,partial,,,,uncertainty,高重叠语音，内容或说话人归属不确定,,,多人同时说话，按项目规则标为不确定
R8007_M8011,R8007_M8011_seg0039,608.500,636.970,N_SPK8068,嗯。,True,partial,,,,uncertainty,高重叠语音，内容或说话人归属不确定,,,多人同时说话，按项目规则标为不确定
R8007_M8011,R8007_M8011_seg0039,608.500,636.970,N_SPK8066,是像那种评论似的，其大家现在都是在把那个是往上滑的一下才能看到评论，那对评论有没有什么一些新的创新的设计呢，比如说这评论往上滑的时候我可能去把那些底框啊或者什么东西做成透明的。,True,partial,,,,uncertainty,高重叠语音，内容或说话人归属不确定,,,多人同时说话，按项目规则标为不确定
R8007_M8011,R8007_M8011_seg0039,608.500,636.970,N_SPK8067,嗯。,True,partial,,,,uncertainty,高重叠语音，内容或说话人归属不确定,,,多人同时说话，按项目规则标为不确定
R8007_M8011,R8007_M8011_seg0039,608.500,636.970,N_SPK8069,透明化对对对，就不要影响视频的。,True,partial,,,,uncertainty,高重叠语音，内容或说话人归属不确定,,,多人同时说话，按项目规则标为不确定
R8007_M8011,R8007_M8011_seg0039,608.500,636.970,N_SPK8066,对。,True,partial,,,,uncertainty,高重叠语音，内容或说话人归属不确定,,,多人同时说话，按项目规则标为不确定
R8007_M8011,R8007_M8011_seg0039,608.500,636.970,N_SPK8068,啊，跟弹幕似的，我觉得比较爽。,True,partial,,,,uncertainty,高重叠语音，内容或说话人归属不确定,,,多人同时说话，按项目规则标为不确定
R8007_M8011,R8007_M8011_seg0039,608.500,636.970,N_SPK8067,我先。,True,partial,,,,uncertainty,高重叠语音，内容或说话人归属不确定,,,多人同时说话，按项目规则标为不确定
R8007_M8011,R8007_M8011_seg0039,608.500,636.970,N_SPK8066,或者是。,True,partial,,,,uncertainty,高重叠语音，内容或说话人归属不确定,,,多人同时说话，按项目规则标为不确定
R8007_M8011,R8007_M8011_seg0039,608.500,636.970,N_SPK8066,对或者是有一些优秀的那种评论，比如说段子手我回复得特别好，一针见血的点赞了之后，我可以直接把他弄到，弹幕形的弹幕的形式放到视频上呢。,True,partial,,,,uncertainty,高重叠语音，内容或说话人归属不确定,,,多人同时说话，按项目规则标为不确定
R8007_M8011,R8007_M8011_seg0039,608.500,636.970,N_SPK8069,唉对，点赞多的可以。,True,partial,,,,uncertainty,高重叠语音，内容或说话人归属不确定,,,多人同时说话，按项目规则标为不确定
R8007_M8011,R8007_M8011_seg0039,608.500,636.970,N_SPK8068,哦置顶的是吧？我觉得这样儿可以。,True,partial,,,,uncertainty,高重叠语音，内容或说话人归属不确定,,,多人同时说话，按项目规则标为不确定
R8007_M8011,R8007_M8011_seg0039,608.500,636.970,N_SPK8069,唉，可以可以可以。,True,partial,,,,uncertainty,高重叠语音，内容或说话人归属不确定,,,多人同时说话，按项目规则标为不确定
R8007_M8011,R8007_M8011_seg0040,637.520,648.060,N_SPK8068,因为我看我看这个讨论好多人都比较看评论，我当然是希望这种评论比较好的比较高质量的这些在上边儿，然后先滑得到就不会。,False,none,,,,speaker_stance,认为因为我看我看讨论好多人都比较看评论，我当然是希望这种评论比较好的比较高质量的这些在上边儿...,,,
R8007_M8011,R8007_M8011_seg0041,648.060,653.160,N_SPK8068,往下滑了好多，然后看到一些没用的一一样的附议的那种。,True,partial,,,,uncertainty,高重叠语音，内容或说话人归属不确定,,,多人同时说话，按项目规则标为不确定
R8007_M8011,R8007_M8011_seg0041,648.060,653.160,N_SPK8069,嗯嗯嗯。,True,partial,,,,uncertainty,高重叠语音，内容或说话人归属不确定,,,多人同时说话，按项目规则标为不确定
R8007_M8011,R8007_M8011_seg0041,648.060,653.160,N_SPK8066,对。,True,partial,,,,uncertainty,高重叠语音，内容或说话人归属不确定,,,多人同时说话，按项目规则标为不确定
R8007_M8011,R8007_M8011_seg0042,653.680,675.630,N_SPK8069,就好的评论直接置顶。,True,partial,,,,uncertainty,高重叠语音，内容或说话人归属不确定,,,多人同时说话，按项目规则标为不确定
R8007_M8011,R8007_M8011_seg0042,653.680,675.630,N_SPK8066,对对，他就是点赞多的我可以完成一个，比如说弹幕上墙类似的一个功能是也是一个创新的点。,True,partial,,,,uncertainty,高重叠语音，内容或说话人归属不确定,,,多人同时说话，按项目规则标为不确定
R8007_M8011,R8007_M8011_seg0042,653.680,675.630,N_SPK8069,嗯嗯。,True,partial,,,,uncertainty,高重叠语音，内容或说话人归属不确定,,,多人同时说话，按项目规则标为不确定
R8007_M8011,R8007_M8011_seg0042,653.680,675.630,N_SPK8068,唉，这个可以啊，我觉得这个可以有。,True,partial,,,,uncertainty,高重叠语音，内容或说话人归属不确定,,,多人同时说话，按项目规则标为不确定
R8007_M8011,R8007_M8011_seg0042,653.680,675.630,N_SPK8066,其实我还觉得像现在因为需求点很多，所以说各种各样的类型的短视频也是很多的是不是可以做到把每一个需求分类明细化，比如说我想要刷某一个类型的，我可以点他整一个大概。,True,partial,,,,uncertainty,高重叠语音，内容或说话人归属不确定,,,多人同时说话，按项目规则标为不确定
R8007_M8011,R8007_M8011_seg0043,675.630,688.660,N_SPK8066,比如说我就搞笑的，我就分科普的武士技能的对，对分类会做一个明细的介绍呢，虽然说现在短视频但是有一种我刷过这一种类型的，他后续会给我推荐其他类型的视频的话。,True,partial,,,,uncertainty,高重叠语音，内容或说话人归属不确定,,,多人同时说话，按项目规则标为不确定
R8007_M8011,R8007_M8011_seg0043,675.630,688.660,N_SPK8069,分类是吗？,True,partial,,,,uncertainty,高重叠语音，内容或说话人归属不确定,,,多人同时说话，按项目规则标为不确定
R8007_M8011,R8007_M8011_seg0044,688.660,707.340,N_SPK8066,那是不是分类，分类的话会更合理更合适一些呢。,True,partial,,,,uncertainty,高重叠语音，内容或说话人归属不确定,,,多人同时说话，按项目规则标为不确定
R8007_M8011,R8007_M8011_seg0044,688.660,707.340,N_SPK8067,他现在就是如果你经常看同一种类型的视频，他会给你推荐这种类型的。,True,partial,,,,uncertainty,高重叠语音，内容或说话人归属不确定,,,多人同时说话，按项目规则标为不确定
R8007_M8011,R8007_M8011_seg0044,688.660,707.340,N_SPK8069,嗯。,True,partial,,,,uncertainty,高重叠语音，内容或说话人归属不确定,,,多人同时说话，按项目规则标为不确定
R8007_M8011,R8007_M8011_seg0044,688.660,707.340,N_SPK8066,啊，但是我要是想再看一下其他类型的呢。,True,partial,,,,uncertainty,高重叠语音，内容或说话人归属不确定,,,多人同时说话，按项目规则标为不确定
R8007_M8011,R8007_M8011_seg0044,688.660,707.340,N_SPK8068,这。,True,partial,,,,uncertainty,高重叠语音，内容或说话人归属不确定,,,多人同时说话，按项目规则标为不确定
R8007_M8011,R8007_M8011_seg0044,688.660,707.340,N_SPK8067,对，所以我也希望就是，比方说他可以给你推一段时间，或者多少条的相同类型的视频，然后接下来就可以恢复正常。,True,partial,,,,uncertainty,高重叠语音，内容或说话人归属不确定,,,多人同时说话，按项目规则标为不确定
R8007_M8011,R8007_M8011_seg0044,688.660,707.340,N_SPK8069,嗯。,True,partial,,,,uncertainty,高重叠语音，内容或说话人归属不确定,,,多人同时说话，按项目规则标为不确定
R8007_M8011,R8007_M8011_seg0044,688.660,707.340,N_SPK8068,可以这样，我觉得。,True,partial,,,,uncertainty,高重叠语音，内容或说话人归属不确定,,,多人同时说话，按项目规则标为不确定
R8007_M8011,R8007_M8011_seg0044,688.660,707.340,N_SPK8069,然后再。,True,partial,,,,uncertainty,高重叠语音，内容或说话人归属不确定,,,多人同时说话，按项目规则标为不确定
R8007_M8011,R8007_M8011_seg0045,707.990,722.000,N_SPK8066,对这也是一个。,True,partial,,,,uncertainty,高重叠语音，内容或说话人归属不确定,,,多人同时说话，按项目规则标为不确定
R8007_M8011,R8007_M8011_seg0045,707.990,722.000,N_SPK8069,然后再给你，推别的不同的视频，对对对，就，会疲劳的。,True,partial,,,,uncertainty,高重叠语音，内容或说话人归属不确定,,,多人同时说话，按项目规则标为不确定
R8007_M8011,R8007_M8011_seg0045,707.990,722.000,N_SPK8068,对我觉得这样儿比较好，因为你不可能你永远都看这一种类型儿的，然后你你对是会疲劳，但是你如果说分类的话，你还得单独点进去，然后找这个分类再弄，相对还是比较麻烦，你还不如就是。,True,partial,,,,uncertainty,高重叠语音，内容或说话人归属不确定,,,多人同时说话，按项目规则标为不确定
R8007_M8011,R8007_M8011_seg0045,707.990,722.000,N_SPK8067,对对对。,True,partial,,,,uncertainty,高重叠语音，内容或说话人归属不确定,,,多人同时说话，按项目规则标为不确定
R8007_M8011,R8007_M8011_seg0045,707.990,722.000,N_SPK8066,对。,True,partial,,,,uncertainty,高重叠语音，内容或说话人归属不确定,,,多人同时说话，按项目规则标为不确定
R8007_M8011,R8007_M8011_seg0045,707.990,722.000,N_SPK8067,而且。,True,partial,,,,uncertainty,高重叠语音，内容或说话人归属不确定,,,多人同时说话，按项目规则标为不确定
R8007_M8011,R8007_M8011_seg0046,722.000,737.960,N_SPK8068,刷几条儿一样的之后之后恢复正常，然后这样比较好。,True,partial,,,,uncertainty,高重叠语音，内容或说话人归属不确定,,,多人同时说话，按项目规则标为不确定
R8007_M8011,R8007_M8011_seg0046,722.000,737.960,N_SPK8066,会出现一些其他类型的视频对。,True,partial,,,,uncertainty,高重叠语音，内容或说话人归属不确定,,,多人同时说话，按项目规则标为不确定
R8007_M8011,R8007_M8011_seg0046,722.000,737.960,N_SPK8067,对对对。,True,partial,,,,uncertainty,高重叠语音，内容或说话人归属不确定,,,多人同时说话，按项目规则标为不确定
R8007_M8011,R8007_M8011_seg0046,722.000,737.960,N_SPK8068,对对对，是我也是觉得是这样，再就是我觉得像这个的话，呃，像咱们可能我可平常看剧啊或者看什么比较多，可以就说是跟那个什么似的。,True,partial,,,,uncertainty,高重叠语音，内容或说话人归属不确定,,,多人同时说话，按项目规则标为不确定
R8007_M8011,R8007_M8011_seg0046,722.000,737.960,N_SPK8067,嗯。,True,partial,,,,uncertainty,高重叠语音，内容或说话人归属不确定,,,多人同时说话，按项目规则标为不确定
R8007_M8011,R8007_M8011_seg0046,722.000,737.960,N_SPK8066,对。,True,partial,,,,uncertainty,高重叠语音，内容或说话人归属不确定,,,多人同时说话，按项目规则标为不确定
R8007_M8011,R8007_M8011_seg0047,737.960,764.020,N_SPK8068,就是做到就是可以跟电视剧啊什么的同步，那样的我觉得也挺好的，对嗯。,True,partial,,,,uncertainty,高重叠语音，内容或说话人归属不确定,,,多人同时说话，按项目规则标为不确定
R8007_M8011,R8007_M8011_seg0047,737.960,764.020,N_SPK8067,哦，这个也可以，因为现在可能中午，我们上班族嘛，周末都想在家休息，可能上班的时候就是中午午休的时候，刷刷手机就可以稍微的追一下剧什么的。,True,partial,,,,uncertainty,高重叠语音，内容或说话人归属不确定,,,多人同时说话，按项目规则标为不确定
R8007_M8011,R8007_M8011_seg0047,737.960,764.020,N_SPK8069,嗯。,True,partial,,,,uncertainty,高重叠语音，内容或说话人归属不确定,,,多人同时说话，按项目规则标为不确定
R8007_M8011,R8007_M8011_seg0047,737.960,764.020,N_SPK8066,对平常没有时间。,True,partial,,,,uncertainty,高重叠语音，内容或说话人归属不确定,,,多人同时说话，按项目规则标为不确定
R8007_M8011,R8007_M8011_seg0047,737.960,764.020,N_SPK8066,可以。,True,partial,,,,uncertainty,高重叠语音，内容或说话人归属不确定,,,多人同时说话，按项目规则标为不确定
R8007_M8011,R8007_M8011_seg0047,737.960,764.020,N_SPK8066,对利用自己碎片化的时间。,True,partial,,,,uncertainty,高重叠语音，内容或说话人归属不确定,,,多人同时说话，按项目规则标为不确定
R8007_M8011,R8007_M8011_seg0047,737.960,764.020,N_SPK8069,然后那个那个片段，对有时候那个片段，还可以看到，就以前没看过的，就比较有意思的电视剧，也想，也想看。,True,partial,,,,uncertainty,高重叠语音，内容或说话人归属不确定,,,多人同时说话，按项目规则标为不确定
R8007_M8011,R8007_M8011_seg0047,737.960,764.020,N_SPK8067,对对对。,True,partial,,,,uncertainty,高重叠语音，内容或说话人归属不确定,,,多人同时说话，按项目规则标为不确定
R8007_M8011,R8007_M8011_seg0047,737.960,764.020,N_SPK8068,嗯。,True,partial,,,,uncertainty,高重叠语音，内容或说话人归属不确定,,,多人同时说话，按项目规则标为不确定
R8007_M8011,R8007_M8011_seg0048,764.970,766.670,N_SPK8069,会引起自己的兴趣。,False,none,,,,speaker_stance,认为会引起自己的兴趣,,,
R8007_M8011,R8007_M8011_seg0049,767.140,790.670,N_SPK8068,会。,True,partial,,,,uncertainty,高重叠语音，内容或说话人归属不确定,,,多人同时说话，按项目规则标为不确定
R8007_M8011,R8007_M8011_seg0049,767.140,790.670,N_SPK8066,对会会。,True,partial,,,,uncertainty,高重叠语音，内容或说话人归属不确定,,,多人同时说话，按项目规则标为不确定
R8007_M8011,R8007_M8011_seg0049,767.140,790.670,N_SPK8068,我会我会啊，我会点开他的主页看，有的时候会放，因为有的时候你点进去他并不告诉你这个电影叫什么名字，你得翻半天评论，你才知道这个电影儿，对。,True,partial,,,,uncertainty,高重叠语音，内容或说话人归属不确定,,,多人同时说话，按项目规则标为不确定
R8007_M8011,R8007_M8011_seg0049,767.140,790.670,N_SPK8069,呃，对对对。,True,partial,,,,uncertainty,高重叠语音，内容或说话人归属不确定,,,多人同时说话，按项目规则标为不确定
R8007_M8011,R8007_M8011_seg0049,767.140,790.670,N_SPK8069,对还要还要，问别人这个电视剧叫什么名字，或者这个电影叫什么名字。,True,partial,,,,uncertainty,高重叠语音，内容或说话人归属不确定,,,多人同时说话，按项目规则标为不确定
R8007_M8011,R8007_M8011_seg0049,767.140,790.670,N_SPK8066,是。,True,partial,,,,uncertainty,高重叠语音，内容或说话人归属不确定,,,多人同时说话，按项目规则标为不确定
R8007_M8011,R8007_M8011_seg0049,767.140,790.670,N_SPK8068,对，会翻到很多很多。,True,partial,,,,uncertainty,高重叠语音，内容或说话人归属不确定,,,多人同时说话，按项目规则标为不确定
R8007_M8011,R8007_M8011_seg0049,767.140,790.670,N_SPK8066,对也是有这种情况，嗯。,True,partial,,,,uncertainty,高重叠语音，内容或说话人归属不确定,,,多人同时说话，按项目规则标为不确定
R8007_M8011,R8007_M8011_seg0049,767.140,790.670,N_SPK8067,那那就可以说，比方说我们看到了这个视频，然后就去他主页，有时候去他主页找我们刚刚看到的这个视频也特别麻烦。,True,partial,,,,uncertainty,高重叠语音，内容或说话人归属不确定,,,多人同时说话，按项目规则标为不确定
R8007_M8011,R8007_M8011_seg0050,791.350,792.010,N_SPK8068,哦对。,False,none,,,,speaker_stance,认为哦对,,,
R8007_M8011,R8007_M8011_seg0051,792.280,815.510,N_SPK8067,是不是就可以说。,True,partial,,,,uncertainty,高重叠语音，内容或说话人归属不确定,,,多人同时说话，按项目规则标为不确定
R8007_M8011,R8007_M8011_seg0051,792.280,815.510,N_SPK8069,对或者是你，直接把那个视频。,True,partial,,,,uncertainty,高重叠语音，内容或说话人归属不确定,,,多人同时说话，按项目规则标为不确定
R8007_M8011,R8007_M8011_seg0051,792.280,815.510,N_SPK8068,快手儿要好一点，但是抖音的话会比较麻烦，快手儿的话，你看。,True,partial,,,,uncertainty,高重叠语音，内容或说话人归属不确定,,,多人同时说话，按项目规则标为不确定
R8007_M8011,R8007_M8011_seg0051,792.280,815.510,N_SPK8067,对。,True,partial,,,,uncertainty,高重叠语音，内容或说话人归属不确定,,,多人同时说话，按项目规则标为不确定
R8007_M8011,R8007_M8011_seg0051,792.280,815.510,N_SPK8066,对每个短视频，它有自己的一个功能的亮点啊。,True,partial,,,,uncertainty,高重叠语音，内容或说话人归属不确定,,,多人同时说话，按项目规则标为不确定
R8007_M8011,R8007_M8011_seg0051,792.280,815.510,N_SPK8068,对你像快手儿的话，你看的话，就是你这么过来的话，你就可以直接上下滑了就是这个，但是你要是抖音的话，你要是说是看到了他那个是他很早很早之前发的，那你就翻去吧，你可能要翻好久。,True,partial,,,,uncertainty,高重叠语音，内容或说话人归属不确定,,,多人同时说话，按项目规则标为不确定
R8007_M8011,R8007_M8011_seg0051,792.280,815.510,N_SPK8066,是你要滑好多对这也算是。,True,partial,,,,uncertainty,高重叠语音，内容或说话人归属不确定,,,多人同时说话，按项目规则标为不确定
R8007_M8011,R8007_M8011_seg0051,792.280,815.510,N_SPK8067,对，所以这一方面是需要改进的。,True,partial,,,,uncertainty,高重叠语音，内容或说话人归属不确定,,,多人同时说话，按项目规则标为不确定
R8007_M8011,R8007_M8011_seg0052,815.570,839.250,N_SPK8066,对这也算是一个功能的一个设计吧，那刚才大家也说到那些伪科普的，这也算是作为现在一些短视频的一些乱象之一。,True,partial,,,,uncertainty,高重叠语音，内容或说话人归属不确定,,,多人同时说话，按项目规则标为不确定
R8007_M8011,R8007_M8011_seg0052,815.570,839.250,N_SPK8068,对。,True,partial,,,,uncertainty,高重叠语音，内容或说话人归属不确定,,,多人同时说话，按项目规则标为不确定
R8007_M8011,R8007_M8011_seg0052,815.570,839.250,N_SPK8068,对你可能要翻。,True,partial,,,,uncertainty,高重叠语音，内容或说话人归属不确定,,,多人同时说话，按项目规则标为不确定
R8007_M8011,R8007_M8011_seg0052,815.570,839.250,N_SPK8067,对。,True,partial,,,,uncertainty,高重叠语音，内容或说话人归属不确定,,,多人同时说话，按项目规则标为不确定
R8007_M8011,R8007_M8011_seg0052,815.570,839.250,N_SPK8069,嗯嗯嗯。,True,partial,,,,uncertainty,高重叠语音，内容或说话人归属不确定,,,多人同时说话，按项目规则标为不确定
R8007_M8011,R8007_M8011_seg0052,815.570,839.250,N_SPK8066,我认为就是短视频这个APP出现啊，是为了全民的娱乐，娱乐呢肯定是分为各种各样的点。,True,partial,,,,uncertainty,高重叠语音，内容或说话人归属不确定,,,多人同时说话，按项目规则标为不确定
R8007_M8011,R8007_M8011_seg0052,815.570,839.250,N_SPK8069,各种，对都有。,True,partial,,,,uncertainty,高重叠语音，内容或说话人归属不确定,,,多人同时说话，按项目规则标为不确定
R8007_M8011,R8007_M8011_seg0052,815.570,839.250,N_SPK8066,那现在出现这么多视频的乱象，嗯大家对这些会有一些什么样的看法呢。,True,partial,,,,uncertainty,高重叠语音，内容或说话人归属不确定,,,多人同时说话，按项目规则标为不确定
R8007_M8011,R8007_M8011_seg0053,839.700,843.800,N_SPK8069,肯定是希望它整改啊。,True,partial,,,,uncertainty,高重叠语音，内容或说话人归属不确定,,,多人同时说话，按项目规则标为不确定
R8007_M8011,R8007_M8011_seg0053,839.700,843.800,N_SPK8067,希望，希望加强，后台加强监管。,True,partial,,,,uncertainty,高重叠语音，内容或说话人归属不确定,,,多人同时说话，按项目规则标为不确定
R8007_M8011,R8007_M8011_seg0053,839.700,843.800,N_SPK8068,当然啦。,True,partial,,,,uncertainty,高重叠语音，内容或说话人归属不确定,,,多人同时说话，按项目规则标为不确定
R8007_M8011,R8007_M8011_seg0054,843.960,856.340,N_SPK8068,你看还有好多那些冒充医生的，你有没有医生那个资格证儿啊？或者什么之类的呀？你这个后台你为什么不给他就说是，呃，看看就比如他有没有资格出来说这一段话呀。,True,partial,,,,uncertainty,高重叠语音，内容或说话人归属不确定,,,多人同时说话，按项目规则标为不确定
R8007_M8011,R8007_M8011_seg0054,843.960,856.340,N_SPK8069,不要什么样的视频都往上发。,True,partial,,,,uncertainty,高重叠语音，内容或说话人归属不确定,,,多人同时说话，按项目规则标为不确定
R8007_M8011,R8007_M8011_seg0054,843.960,856.340,N_SPK8067,对，有好多医生的科普。,True,partial,,,,uncertainty,高重叠语音，内容或说话人归属不确定,,,多人同时说话，按项目规则标为不确定
R8007_M8011,R8007_M8011_seg0054,843.960,856.340,N_SPK8069,嗯，是啊。,True,partial,,,,uncertainty,高重叠语音，内容或说话人归属不确定,,,多人同时说话，按项目规则标为不确定
R8007_M8011,R8007_M8011_seg0055,856.370,869.400,N_SPK8066,就是做类似于做这种科普性质的，就是需要他们做一个验证，就是说我上传自己的。,True,partial,,,,uncertainty,高重叠语音，内容或说话人归属不确定,,,多人同时说话，按项目规则标为不确定
R8007_M8011,R8007_M8011_seg0055,856.370,869.400,N_SPK8069,实名认证。,True,partial,,,,uncertainty,高重叠语音，内容或说话人归属不确定,,,多人同时说话，按项目规则标为不确定
R8007_M8011,R8007_M8011_seg0055,856.370,869.400,N_SPK8068,当然啦，就穿一个白大褂儿，都说自己是医生，那那真是那太假了。,True,partial,,,,uncertainty,高重叠语音，内容或说话人归属不确定,,,多人同时说话，按项目规则标为不确定
R8007_M8011,R8007_M8011_seg0055,856.370,869.400,N_SPK8066,嗯。,True,partial,,,,uncertainty,高重叠语音，内容或说话人归属不确定,,,多人同时说话，按项目规则标为不确定
R8007_M8011,R8007_M8011_seg0055,856.370,869.400,N_SPK8069,很，很必要的。,True,partial,,,,uncertainty,高重叠语音，内容或说话人归属不确定,,,多人同时说话，按项目规则标为不确定
R8007_M8011,R8007_M8011_seg0055,856.370,869.400,N_SPK8067,是的是的是的。,True,partial,,,,uncertainty,高重叠语音，内容或说话人归属不确定,,,多人同时说话，按项目规则标为不确定
R8007_M8011,R8007_M8011_seg0055,856.370,869.400,N_SPK8066,对。,True,partial,,,,uncertainty,高重叠语音，内容或说话人归属不确定,,,多人同时说话，按项目规则标为不确定
R8007_M8011,R8007_M8011_seg0056,870.030,882.020,N_SPK8066,对就是说现在的乱象其实包含了很多方面，第一就第一个就这种伪科普，第二个就是很多那种作假的去类似于做骗人的一些东西，然后再一个呢。,True,partial,,,,uncertainty,高重叠语音，内容或说话人归属不确定,,,多人同时说话，按项目规则标为不确定
R8007_M8011,R8007_M8011_seg0056,870.030,882.020,N_SPK8069,哦对对对对。,True,partial,,,,uncertainty,高重叠语音，内容或说话人归属不确定,,,多人同时说话，按项目规则标为不确定
R8007_M8011,R8007_M8011_seg0056,870.030,882.020,N_SPK8069,还有谣言。,True,partial,,,,uncertainty,高重叠语音，内容或说话人归属不确定,,,多人同时说话，按项目规则标为不确定
R8007_M8011,R8007_M8011_seg0057,883.090,888.920,N_SPK8066,对谣言谣言也是一种比较大的乱象，其他的还有什么。,True,partial,,,,uncertainty,高重叠语音，内容或说话人归属不确定,,,多人同时说话，按项目规则标为不确定
R8007_M8011,R8007_M8011_seg0057,883.090,888.920,N_SPK8068,哎呀，谣言。,True,partial,,,,uncertainty,高重叠语音，内容或说话人归属不确定,,,多人同时说话，按项目规则标为不确定
R8007_M8011,R8007_M8011_seg0057,883.090,888.920,N_SPK8069,其实，嗯嗯嗯。,True,partial,,,,uncertainty,高重叠语音，内容或说话人归属不确定,,,多人同时说话，按项目规则标为不确定
R8007_M8011,R8007_M8011_seg0057,883.090,888.920,N_SPK8067,传播谣言不只在短视频上啊。,True,partial,,,,uncertainty,高重叠语音，内容或说话人归属不确定,,,多人同时说话，按项目规则标为不确定
R8007_M8011,R8007_M8011_seg0058,889.700,895.870,N_SPK8066,咱们今天主要是讲对短短视频上造成了这些乱象啊。,True,partial,,,,uncertainty,高重叠语音，内容或说话人归属不确定,,,多人同时说话，按项目规则标为不确定
R8007_M8011,R8007_M8011_seg0058,889.700,895.870,N_SPK8067,但是，但是，但是如果通过短视频传播会传播的非常快。,True,partial,,,,uncertainty,高重叠语音，内容或说话人归属不确定,,,多人同时说话，按项目规则标为不确定
R8007_M8011,R8007_M8011_seg0059,896.010,897.040,N_SPK8069,呃对，的确。,False,none,,,,speaker_stance,认为对，的确,,,
R8007_M8011,R8007_M8011_seg0060,897.700,902.500,N_SPK8066,短视频这个面会覆盖的广。,True,full,,,,uncertainty,高重叠语音，内容或说话人归属不确定,,,多人同时说话，按项目规则标为不确定
R8007_M8011,R8007_M8011_seg0060,897.700,902.500,N_SPK8068,对，看的比较多呀，你像。,True,full,,,,uncertainty,高重叠语音，内容或说话人归属不确定,,,多人同时说话，按项目规则标为不确定
R8007_M8011,R8007_M8011_seg0060,897.700,902.500,N_SPK8067,对，因为用户受众都比较多。,True,full,,,,uncertainty,高重叠语音，内容或说话人归属不确定,,,多人同时说话，按项目规则标为不确定
R8007_M8011,R8007_M8011_seg0060,897.700,902.500,N_SPK8069,而且尤其是。,True,full,,,,uncertainty,高重叠语音，内容或说话人归属不确定,,,多人同时说话，按项目规则标为不确定
R8007_M8011,R8007_M8011_seg0061,902.640,912.000,N_SPK8069,对中老年人，他特别信那个，尤其是谣言，如果被一个中老年人看不透一传十十传百的，那种扩散的非常的快。,True,partial,,,,uncertainty,高重叠语音，内容或说话人归属不确定,,,多人同时说话，按项目规则标为不确定
R8007_M8011,R8007_M8011_seg0061,902.640,912.000,N_SPK8066,对。,True,partial,,,,uncertainty,高重叠语音，内容或说话人归属不确定,,,多人同时说话，按项目规则标为不确定
R8007_M8011,R8007_M8011_seg0062,912.150,921.630,N_SPK8068,对，他们对于这些消息的话还深信不疑，他太太那什么了，我觉得还是真的是这方面，是最需要整改的我觉得。,False,none,,,,speaker_stance,认为对，他们对于这些消息还深信不疑，他太太那什么了，还是真的是这方面，是最需要整改的,,,
R8007_M8011,R8007_M8011_seg0063,921.770,923.790,N_SPK8066,那还有什么其他方面的乱象吗。,False,none,,,,speaker_stance,认为那还有什么其他方面的乱象吗,,,
R8007_M8011,R8007_M8011_seg0064,924.980,925.720,N_SPK8067,黄赌毒。,True,full,,,,uncertainty,高重叠语音，内容或说话人归属不确定,,,多人同时说话，按项目规则标为不确定
R8007_M8011,R8007_M8011_seg0064,924.980,925.720,N_SPK8068,这都。,True,full,,,,uncertainty,高重叠语音，内容或说话人归属不确定,,,多人同时说话，按项目规则标为不确定
R8007_M8011,R8007_M8011_seg0064,924.980,925.720,N_SPK8069,嗯。,True,full,,,,uncertainty,高重叠语音，内容或说话人归属不确定,,,多人同时说话，按项目规则标为不确定
R8007_M8011,R8007_M8011_seg0065,927.100,931.370,N_SPK8066,就像前就前段时间，快手上出现的一些比较。,True,partial,,,,uncertainty,高重叠语音，内容或说话人归属不确定,,,多人同时说话，按项目规则标为不确定
R8007_M8011,R8007_M8011_seg0065,927.100,931.370,N_SPK8068,不。,True,partial,,,,uncertainty,高重叠语音，内容或说话人归属不确定,,,多人同时说话，按项目规则标为不确定
R8007_M8011,R8007_M8011_seg0066,931.370,940.200,N_SPK8067,不文明不太雅观的东西，还有，还有一些，宣传一些不太正能量的东西，比较负面的情绪之类的。,True,partial,,,,uncertainty,高重叠语音，内容或说话人归属不确定,,,多人同时说话，按项目规则标为不确定
R8007_M8011,R8007_M8011_seg0066,931.370,940.200,N_SPK8066,不文明的对。,True,partial,,,,uncertainty,高重叠语音，内容或说话人归属不确定,,,多人同时说话，按项目规则标为不确定
R8007_M8011,R8007_M8011_seg0066,931.370,940.200,N_SPK8069,哦对，有时候还粗话。,True,partial,,,,uncertainty,高重叠语音，内容或说话人归属不确定,,,多人同时说话，按项目规则标为不确定
R8007_M8011,R8007_M8011_seg0067,940.590,942.920,N_SPK8068,嗯，对。,True,partial,,,,uncertainty,高重叠语音，内容或说话人归属不确定,,,多人同时说话，按项目规则标为不确定
R8007_M8011,R8007_M8011_seg0067,940.590,942.920,N_SPK8067,会影响到青少年。,True,partial,,,,uncertainty,高重叠语音，内容或说话人归属不确定,,,多人同时说话，按项目规则标为不确定
R8007_M8011,R8007_M8011_seg0068,943.320,972.910,N_SPK8068,呃，这个倒是，但是他上边儿就是，我看像这个这上边宣传的这些，好多小孩儿在玩儿啊，然后什么的，我感觉它会影响他们对，很很。,True,partial,,,,uncertainty,高重叠语音，内容或说话人归属不确定,,,多人同时说话，按项目规则标为不确定
R8007_M8011,R8007_M8011_seg0068,943.320,972.910,N_SPK8066,对。,True,partial,,,,uncertainty,高重叠语音，内容或说话人归属不确定,,,多人同时说话，按项目规则标为不确定
R8007_M8011,R8007_M8011_seg0068,943.320,972.910,N_SPK8069,很危险是。,True,partial,,,,uncertainty,高重叠语音，内容或说话人归属不确定,,,多人同时说话，按项目规则标为不确定
R8007_M8011,R8007_M8011_seg0068,943.320,972.910,N_SPK8067,的。,True,partial,,,,uncertainty,高重叠语音，内容或说话人归属不确定,,,多人同时说话，按项目规则标为不确定
R8007_M8011,R8007_M8011_seg0068,943.320,972.910,N_SPK8066,对。,True,partial,,,,uncertainty,高重叠语音，内容或说话人归属不确定,,,多人同时说话，按项目规则标为不确定
R8007_M8011,R8007_M8011_seg0068,943.320,972.910,N_SPK8066,我记得嗯对这是一个很严重的事情，青少年是一刚接触到青少年，在接触到网络之后接触到这些乱象，他们会认为这是一个价值观是会固定对。,True,partial,,,,uncertainty,高重叠语音，内容或说话人归属不确定,,,多人同时说话，按项目规则标为不确定
R8007_M8011,R8007_M8011_seg0068,943.320,972.910,N_SPK8067,还。,True,partial,,,,uncertainty,高重叠语音，内容或说话人归属不确定,,,多人同时说话，按项目规则标为不确定
R8007_M8011,R8007_M8011_seg0068,943.320,972.910,N_SPK8069,还有一个就是，那个。,True,partial,,,,uncertainty,高重叠语音，内容或说话人归属不确定,,,多人同时说话，按项目规则标为不确定
R8007_M8011,R8007_M8011_seg0068,943.320,972.910,N_SPK8067,他们还没有那么明确的分。,True,partial,,,,uncertainty,高重叠语音，内容或说话人归属不确定,,,多人同时说话，按项目规则标为不确定
R8007_M8011,R8007_M8011_seg0068,943.320,972.910,N_SPK8068,三观会被扭曲。,True,partial,,,,uncertainty,高重叠语音，内容或说话人归属不确定,,,多人同时说话，按项目规则标为不确定
R8007_M8011,R8007_M8011_seg0068,943.320,972.910,N_SPK8069,他会会学习的，会学习。,True,partial,,,,uncertainty,高重叠语音，内容或说话人归属不确定,,,多人同时说话，按项目规则标为不确定
R8007_M8011,R8007_M8011_seg0068,943.320,972.910,N_SPK8066,对会影响了他们的三观。,True,partial,,,,uncertainty,高重叠语音，内容或说话人归属不确定,,,多人同时说话，按项目规则标为不确定
R8007_M8011,R8007_M8011_seg0068,943.320,972.910,N_SPK8067,没有那个分辨能力，还不太，对对对。,True,partial,,,,uncertainty,高重叠语音，内容或说话人归属不确定,,,多人同时说话，按项目规则标为不确定
R8007_M8011,R8007_M8011_seg0068,943.320,972.910,N_SPK8068,对三观会被扭曲。,True,partial,,,,uncertainty,高重叠语音，内容或说话人归属不确定,,,多人同时说话，按项目规则标为不确定
R8007_M8011,R8007_M8011_seg0069,972.930,980.380,N_SPK8066,对这也是其中的一个乱象那除了这样的话，其实短视频对我们用户有什么一些其他的影响呢。,True,partial,,,,uncertainty,高重叠语音，内容或说话人归属不确定,,,多人同时说话，按项目规则标为不确定
R8007_M8011,R8007_M8011_seg0069,972.930,980.380,N_SPK8067,嗯。,True,partial,,,,uncertainty,高重叠语音，内容或说话人归属不确定,,,多人同时说话，按项目规则标为不确定
R8007_M8011,R8007_M8011_seg0070,981.200,985.670,N_SPK8068,那影响比较大的就是去实体店买东西少了。,True,full,,,,uncertainty,高重叠语音，内容或说话人归属不确定,,,多人同时说话，按项目规则标为不确定
R8007_M8011,R8007_M8011_seg0070,981.200,985.670,N_SPK8069,对用户的影响肯定是娱乐。,True,full,,,,uncertainty,高重叠语音，内容或说话人归属不确定,,,多人同时说话，按项目规则标为不确定
R8007_M8011,R8007_M8011_seg0070,981.200,985.670,N_SPK8067,带给我们快乐。,True,full,,,,uncertainty,高重叠语音，内容或说话人归属不确定,,,多人同时说话，按项目规则标为不确定
R8007_M8011,R8007_M8011_seg0071,985.730,987.450,N_SPK8067,对，带给我们快乐比较多。,False,none,,,,speaker_stance,认为对，带给快乐比较多,,,
R8007_M8011,R8007_M8011_seg0072,987.450,991.120,N_SPK8068,对。,True,partial,,,,uncertainty,高重叠语音，内容或说话人归属不确定,,,多人同时说话，按项目规则标为不确定
R8007_M8011,R8007_M8011_seg0072,987.450,991.120,N_SPK8069,闲暇的时间有可以消遣的那个。,True,partial,,,,uncertainty,高重叠语音，内容或说话人归属不确定,,,多人同时说话，按项目规则标为不确定
R8007_M8011,R8007_M8011_seg0072,987.450,991.120,N_SPK8066,就。,True,partial,,,,uncertainty,高重叠语音，内容或说话人归属不确定,,,多人同时说话，按项目规则标为不确定
R8007_M8011,R8007_M8011_seg0073,991.440,997.610,N_SPK8066,就是可以解压，可以在闲暇的时间提供一些碎片化的，这种零碎的时间去。,True,partial,,,,uncertainty,高重叠语音，内容或说话人归属不确定,,,多人同时说话，按项目规则标为不确定
R8007_M8011,R8007_M8011_seg0073,991.440,997.610,N_SPK8069,对。,True,partial,,,,uncertainty,高重叠语音，内容或说话人归属不确定,,,多人同时说话，按项目规则标为不确定
R8007_M8011,R8007_M8011_seg0073,991.440,997.610,N_SPK8069,对还能学习一点儿东西。,True,partial,,,,uncertainty,高重叠语音，内容或说话人归属不确定,,,多人同时说话，按项目规则标为不确定
R8007_M8011,R8007_M8011_seg0074,997.640,1029.610,N_SPK8068,对就是省的我们去外边儿实体店买东西了，就是在上边什么需求都有了，吃的喝的啥的都有，而且上边的话还会有一些菜谱啊什么的，嘿，一看就会，一学就费的有好多。,True,partial,,,,uncertainty,高重叠语音，内容或说话人归属不确定,,,多人同时说话，按项目规则标为不确定
R8007_M8011,R8007_M8011_seg0074,997.640,1029.610,N_SPK8069,对。,True,partial,,,,uncertainty,高重叠语音，内容或说话人归属不确定,,,多人同时说话，按项目规则标为不确定
R8007_M8011,R8007_M8011_seg0074,997.640,1029.610,N_SPK8069,还能学做饭。,True,partial,,,,uncertainty,高重叠语音，内容或说话人归属不确定,,,多人同时说话，按项目规则标为不确定
R8007_M8011,R8007_M8011_seg0074,997.640,1029.610,N_SPK8069,呃，比那个比那要，直接去学习，就买本书学习要来得快得多。,True,partial,,,,uncertainty,高重叠语音，内容或说话人归属不确定,,,多人同时说话，按项目规则标为不确定
R8007_M8011,R8007_M8011_seg0074,997.640,1029.610,N_SPK8068,啊，这个倒是。,True,partial,,,,uncertainty,高重叠语音，内容或说话人归属不确定,,,多人同时说话，按项目规则标为不确定
R8007_M8011,R8007_M8011_seg0074,997.640,1029.610,N_SPK8067,或有时候你去网上搜都不见得有那么明确的分类，那么明确的呃视视视频介绍，所以我觉得这一点还是特别好的，然后对于中老年来说，他们也他们也有他们自己喜欢的东西。,True,partial,,,,uncertainty,高重叠语音，内容或说话人归属不确定,,,多人同时说话，按项目规则标为不确定
R8007_M8011,R8007_M8011_seg0074,997.640,1029.610,N_SPK8066,嗯。,True,partial,,,,uncertainty,高重叠语音，内容或说话人归属不确定,,,多人同时说话，按项目规则标为不确定
R8007_M8011,R8007_M8011_seg0074,997.640,1029.610,N_SPK8069,嗯嗯嗯。,True,partial,,,,uncertainty,高重叠语音，内容或说话人归属不确定,,,多人同时说话，按项目规则标为不确定
R8007_M8011,R8007_M8011_seg0074,997.640,1029.610,N_SPK8068,对。,True,partial,,,,uncertainty,高重叠语音，内容或说话人归属不确定,,,多人同时说话，按项目规则标为不确定
R8007_M8011,R8007_M8011_seg0075,1029.610,1037.030,N_SPK8067,然后各短视频APP根据他们的喜好，推荐他们，对对对，所以这一点都特别好。,True,partial,,,,uncertainty,高重叠语音，内容或说话人归属不确定,,,多人同时说话，按项目规则标为不确定
R8007_M8011,R8007_M8011_seg0075,1029.610,1037.030,N_SPK8066,也会推荐他们喜欢侧重点的东西啊。,True,partial,,,,uncertainty,高重叠语音，内容或说话人归属不确定,,,多人同时说话，按项目规则标为不确定
R8007_M8011,R8007_M8011_seg0076,1037.200,1037.530,N_SPK8069,嗯。,False,none,,,,speaker_stance,认为嗯,,,
R8007_M8011,R8007_M8011_seg0077,1038.020,1044.440,N_SPK8066,对尤其是今年在疫情期间，我认为短视频的发展是做了一个前所未有的一个推广。,True,partial,,,,uncertainty,高重叠语音，内容或说话人归属不确定,,,多人同时说话，按项目规则标为不确定
R8007_M8011,R8007_M8011_seg0077,1038.020,1044.440,N_SPK8068,是。,True,partial,,,,uncertainty,高重叠语音，内容或说话人归属不确定,,,多人同时说话，按项目规则标为不确定
R8007_M8011,R8007_M8011_seg0078,1044.840,1046.570,N_SPK8067,是的。,True,partial,,,,uncertainty,高重叠语音，内容或说话人归属不确定,,,多人同时说话，按项目规则标为不确定
R8007_M8011,R8007_M8011_seg0078,1044.840,1046.570,N_SPK8069,对都在家待着呢。,True,partial,,,,uncertainty,高重叠语音，内容或说话人归属不确定,,,多人同时说话，按项目规则标为不确定
R8007_M8011,R8007_M8011_seg0079,1046.680,1063.580,N_SPK8067,没错。,True,partial,,,,uncertainty,高重叠语音，内容或说话人归属不确定,,,多人同时说话，按项目规则标为不确定
R8007_M8011,R8007_M8011_seg0079,1046.680,1063.580,N_SPK8066,全民推广全民短视频全民在发短视频。,True,partial,,,,uncertainty,高重叠语音，内容或说话人归属不确定,,,多人同时说话，按项目规则标为不确定
R8007_M8011,R8007_M8011_seg0079,1046.680,1063.580,N_SPK8068,对。,True,partial,,,,uncertainty,高重叠语音，内容或说话人归属不确定,,,多人同时说话，按项目规则标为不确定
R8007_M8011,R8007_M8011_seg0079,1046.680,1063.580,N_SPK8067,全民都在用。,True,partial,,,,uncertainty,高重叠语音，内容或说话人归属不确定,,,多人同时说话，按项目规则标为不确定
R8007_M8011,R8007_M8011_seg0079,1046.680,1063.580,N_SPK8069,而且健身的视频还挺，蛮多的，自己在家健身。,True,partial,,,,uncertainty,高重叠语音，内容或说话人归属不确定,,,多人同时说话，按项目规则标为不确定
R8007_M8011,R8007_M8011_seg0079,1046.680,1063.580,N_SPK8068,唉对，姐嘣的。,True,partial,,,,uncertainty,高重叠语音，内容或说话人归属不确定,,,多人同时说话，按项目规则标为不确定
R8007_M8011,R8007_M8011_seg0079,1046.680,1063.580,N_SPK8066,对。,True,partial,,,,uncertainty,高重叠语音，内容或说话人归属不确定,,,多人同时说话，按项目规则标为不确定
R8007_M8011,R8007_M8011_seg0079,1046.680,1063.580,N_SPK8066,健身啊食谱啊，这些会就是所有人都能够用得上的或者做到的是，会很风靡我记得前段时间。,True,partial,,,,uncertainty,高重叠语音，内容或说话人归属不确定,,,多人同时说话，按项目规则标为不确定
R8007_M8011,R8007_M8011_seg0080,1064.090,1088.630,N_SPK8066,我认为对对用户影响最大的就是前段时间菜谱出了一款什么新菜，然后所有人大家都在短视频里分享自己所做的这个新菜对。,True,partial,,,,uncertainty,高重叠语音，内容或说话人归属不确定,,,多人同时说话，按项目规则标为不确定
R8007_M8011,R8007_M8011_seg0080,1064.090,1088.630,N_SPK8069,哦哦哦哦。,True,partial,,,,uncertainty,高重叠语音，内容或说话人归属不确定,,,多人同时说话，按项目规则标为不确定
R8007_M8011,R8007_M8011_seg0080,1064.090,1088.630,N_SPK8067,交作业。,True,partial,,,,uncertainty,高重叠语音，内容或说话人归属不确定,,,多人同时说话，按项目规则标为不确定
R8007_M8011,R8007_M8011_seg0080,1064.090,1088.630,N_SPK8068,反正那一段儿时间，我朋友圈也好，或者是那个看的刷的好，全部都是什么凉皮啊，然后自己做的凉皮啊，自己蒸的什么，馒头花卷儿啊之类的，反正都是这一类的。,True,partial,,,,uncertainty,高重叠语音，内容或说话人归属不确定,,,多人同时说话，按项目规则标为不确定
R8007_M8011,R8007_M8011_seg0080,1064.090,1088.630,N_SPK8069,自己做的，呃那个料理。,True,partial,,,,uncertainty,高重叠语音，内容或说话人归属不确定,,,多人同时说话，按项目规则标为不确定
R8007_M8011,R8007_M8011_seg0080,1064.090,1088.630,N_SPK8069,然然后发觉自己做的，跟视频里别人做的完全不一样。,True,partial,,,,uncertainty,高重叠语音，内容或说话人归属不确定,,,多人同时说话，按项目规则标为不确定
R8007_M8011,R8007_M8011_seg0081,1088.910,1091.660,N_SPK8068,那就是一看就会一学就费吗？,False,none,,,,open_question,待确认那就是一看就会一学就费吗？,,,
R8007_M8011,R8007_M8011_seg0082,1091.700,1092.230,N_SPK8069,对啊。,False,none,,,,speaker_stance,认为对,,,
R8007_M8011,R8007_M8011_seg0083,1093.360,1106.470,N_SPK8067,一看就会，一学都，一学就废。,True,partial,,,,uncertainty,高重叠语音，内容或说话人归属不确定,,,多人同时说话，按项目规则标为不确定
R8007_M8011,R8007_M8011_seg0083,1093.360,1106.470,N_SPK8069,都是手残党。,True,partial,,,,uncertainty,高重叠语音，内容或说话人归属不确定,,,多人同时说话，按项目规则标为不确定
R8007_M8011,R8007_M8011_seg0083,1093.360,1106.470,N_SPK8068,我就。,True,partial,,,,uncertainty,高重叠语音，内容或说话人归属不确定,,,多人同时说话，按项目规则标为不确定
R8007_M8011,R8007_M8011_seg0083,1093.360,1106.470,N_SPK8068,对但是，很快乐。,True,partial,,,,uncertainty,高重叠语音，内容或说话人归属不确定,,,多人同时说话，按项目规则标为不确定
R8007_M8011,R8007_M8011_seg0083,1093.360,1106.470,N_SPK8066,但这的确是在疫情期间为大家提供了一些快感，在这个压抑比较压抑性的这个环境里边，大家还是，也能做到一个类似于自娱自乐吧。,True,partial,,,,uncertainty,高重叠语音，内容或说话人归属不确定,,,多人同时说话，按项目规则标为不确定
R8007_M8011,R8007_M8011_seg0083,1093.360,1106.470,N_SPK8069,对，娱乐。,True,partial,,,,uncertainty,高重叠语音，内容或说话人归属不确定,,,多人同时说话，按项目规则标为不确定
R8007_M8011,R8007_M8011_seg0083,1093.360,1106.470,N_SPK8067,嗯。,True,partial,,,,uncertainty,高重叠语音，内容或说话人归属不确定,,,多人同时说话，按项目规则标为不确定
R8007_M8011,R8007_M8011_seg0084,1106.550,1113.040,N_SPK8069,嗯嗯。,True,partial,,,,uncertainty,高重叠语音，内容或说话人归属不确定,,,多人同时说话，按项目规则标为不确定
R8007_M8011,R8007_M8011_seg0084,1106.550,1113.040,N_SPK8068,对还是很快乐的觉得。,True,partial,,,,uncertainty,高重叠语音，内容或说话人归属不确定,,,多人同时说话，按项目规则标为不确定
R8007_M8011,R8007_M8011_seg0084,1106.550,1113.040,N_SPK8066,这也是一对对对用户一个比较好的影响。,True,partial,,,,uncertainty,高重叠语音，内容或说话人归属不确定,,,多人同时说话，按项目规则标为不确定
R8007_M8011,R8007_M8011_seg0084,1106.550,1113.040,N_SPK8067,呃。,True,partial,,,,uncertainty,高重叠语音，内容或说话人归属不确定,,,多人同时说话，按项目规则标为不确定
R8007_M8011,R8007_M8011_seg0084,1106.550,1113.040,N_SPK8068,虽然做废了，但是心里还是很美的。,True,partial,,,,uncertainty,高重叠语音，内容或说话人归属不确定,,,多人同时说话，按项目规则标为不确定
R8007_M8011,R8007_M8011_seg0084,1106.550,1113.040,N_SPK8069,对，很很高兴的。,True,partial,,,,uncertainty,高重叠语音，内容或说话人归属不确定,,,多人同时说话，按项目规则标为不确定
R8007_M8011,R8007_M8011_seg0085,1113.180,1114.530,N_SPK8066,对至少我今天我是。,True,full,,,,uncertainty,高重叠语音，内容或说话人归属不确定,,,多人同时说话，按项目规则标为不确定
R8007_M8011,R8007_M8011_seg0085,1113.180,1114.530,N_SPK8068,对自己动手儿。,True,full,,,,uncertainty,高重叠语音，内容或说话人归属不确定,,,多人同时说话，按项目规则标为不确定
R8007_M8011,R8007_M8011_seg0086,1115.400,1121.130,N_SPK8066,做到了一些什么东西，我有付出了对我有付出了。,True,partial,,,,uncertainty,高重叠语音，内容或说话人归属不确定,,,多人同时说话，按项目规则标为不确定
R8007_M8011,R8007_M8011_seg0086,1115.400,1121.130,N_SPK8069,对我有事儿要做，而且我我也做了，虽然我没做好。,True,partial,,,,uncertainty,高重叠语音，内容或说话人归属不确定,,,多人同时说话，按项目规则标为不确定
R8007_M8011,R8007_M8011_seg0087,1121.570,1127.170,N_SPK8068,对这个这个倒是。,True,partial,,,,uncertainty,高重叠语音，内容或说话人归属不确定,,,多人同时说话，按项目规则标为不确定
R8007_M8011,R8007_M8011_seg0087,1121.570,1127.170,N_SPK8067,短视频它之所以叫短视频是因为它每一个视频的时长都比较短。,True,partial,,,,uncertainty,高重叠语音，内容或说话人归属不确定,,,多人同时说话，按项目规则标为不确定
R8007_M8011,R8007_M8011_seg0088,1127.760,1136.290,N_SPK8066,对。,True,partial,,,,uncertainty,高重叠语音，内容或说话人归属不确定,,,多人同时说话，按项目规则标为不确定
R8007_M8011,R8007_M8011_seg0088,1127.760,1136.290,N_SPK8067,对于咱们来说，就是用咱们碎片的时间，学习也好，娱乐也好，都特别方便。,True,partial,,,,uncertainty,高重叠语音，内容或说话人归属不确定,,,多人同时说话，按项目规则标为不确定
R8007_M8011,R8007_M8011_seg0089,1136.860,1138.770,N_SPK8067,另外一个就是可以。,False,none,,,,speaker_stance,认为另外一个就是可以,,,
R8007_M8011,R8007_M8011_seg0090,1139.660,1141.160,N_SPK8067,每个人都有分享欲。,False,none,,,,speaker_stance,认为每个人都有分享欲,,,
R8007_M8011,R8007_M8011_seg0091,1141.710,1142.210,N_SPK8066,是的。,True,partial,,,,uncertainty,高重叠语音，内容或说话人归属不确定,,,多人同时说话，按项目规则标为不确定
R8007_M8011,R8007_M8011_seg0091,1141.710,1142.210,N_SPK8068,嗯。,True,partial,,,,uncertainty,高重叠语音，内容或说话人归属不确定,,,多人同时说话，按项目规则标为不确定
R8007_M8011,R8007_M8011_seg0092,1142.500,1146.830,N_SPK8069,你现在。,True,partial,,,,uncertainty,高重叠语音，内容或说话人归属不确定,,,多人同时说话，按项目规则标为不确定
R8007_M8011,R8007_M8011_seg0092,1142.500,1146.830,N_SPK8067,可以在短视频APP上就跟不同的人一起分享。,True,partial,,,,uncertainty,高重叠语音，内容或说话人归属不确定,,,多人同时说话，按项目规则标为不确定
R8007_M8011,R8007_M8011_seg0093,1147.180,1147.630,N_SPK8069,嗯嗯。,False,none,,,,speaker_stance,认为嗯嗯,,,
R8007_M8011,R8007_M8011_seg0094,1147.650,1148.840,N_SPK8067,那种感觉特别好。,False,none,,,,speaker_stance,认为那种感觉特别好,,,
R8007_M8011,R8007_M8011_seg0095,1149.030,1151.130,N_SPK8066,就类似于做到了一个。,True,full,,,,uncertainty,高重叠语音，内容或说话人归属不确定,,,多人同时说话，按项目规则标为不确定
R8007_M8011,R8007_M8011_seg0095,1149.030,1151.130,N_SPK8069,就是好东西，大家都要知道。,True,full,,,,uncertainty,高重叠语音，内容或说话人归属不确定,,,多人同时说话，按项目规则标为不确定
R8007_M8011,R8007_M8011_seg0096,1151.540,1154.380,N_SPK8066,对就做到了其实呃以前自己。,True,partial,,,,uncertainty,高重叠语音，内容或说话人归属不确定,,,多人同时说话，按项目规则标为不确定
R8007_M8011,R8007_M8011_seg0096,1151.540,1154.380,N_SPK8068,嗯。,True,partial,,,,uncertainty,高重叠语音，内容或说话人归属不确定,,,多人同时说话，按项目规则标为不确定
R8007_M8011,R8007_M8011_seg0097,1155.340,1157.060,N_SPK8066,类似于私藏的一些比较。,False,none,,,,speaker_stance,认为类似于私藏的一些比较,,,
R8007_M8011,R8007_M8011_seg0098,1157.950,1160.600,N_SPK8066,精高精尖的一些内容也可以分享到。,True,partial,,,,uncertainty,高重叠语音，内容或说话人归属不确定,,,多人同时说话，按项目规则标为不确定
R8007_M8011,R8007_M8011_seg0098,1157.950,1160.600,N_SPK8067,啊。,True,partial,,,,uncertainty,高重叠语音，内容或说话人归属不确定,,,多人同时说话，按项目规则标为不确定
R8007_M8011,R8007_M8011_seg0099,1160.850,1161.300,N_SPK8069,绝招。,False,none,,,,speaker_stance,认为绝招,,,
R8007_M8011,R8007_M8011_seg0100,1161.780,1163.480,N_SPK8066,对分享到这个短视频上去。,False,none,,,,speaker_stance,认为对分享到短视频上去,,,
R8007_M8011,R8007_M8011_seg0101,1164.050,1165.680,N_SPK8068,对这个倒是。,True,partial,,,,uncertainty,高重叠语音，内容或说话人归属不确定,,,多人同时说话，按项目规则标为不确定
R8007_M8011,R8007_M8011_seg0101,1164.050,1165.680,N_SPK8066,推广给所有人。,True,partial,,,,uncertainty,高重叠语音，内容或说话人归属不确定,,,多人同时说话，按项目规则标为不确定
R8007_M8011,R8007_M8011_seg0102,1165.860,1174.460,N_SPK8067,对，比方说咱们平时自己啊，买过的东西，可以跟大家一起分享，然后大家一。,True,partial,,,,uncertainty,高重叠语音，内容或说话人归属不确定,,,多人同时说话，按项目规则标为不确定
R8007_M8011,R8007_M8011_seg0102,1165.860,1174.460,N_SPK8066,就种草给大家。,True,partial,,,,uncertainty,高重叠语音，内容或说话人归属不确定,,,多人同时说话，按项目规则标为不确定
R8007_M8011,R8007_M8011_seg0103,1174.520,1202.590,N_SPK8067,对对对，因为毕竟是嗯我们都是真心实意在分享东西，可能很多人因为某一产某一款产品或者某样东西踩过雷，我们可以。,True,partial,,,,uncertainty,高重叠语音，内容或说话人归属不确定,,,多人同时说话，按项目规则标为不确定
R8007_M8011,R8007_M8011_seg0103,1174.520,1202.590,N_SPK8068,嗯，好。,True,partial,,,,uncertainty,高重叠语音，内容或说话人归属不确定,,,多人同时说话，按项目规则标为不确定
R8007_M8011,R8007_M8011_seg0103,1174.520,1202.590,N_SPK8066,对是的。,True,partial,,,,uncertainty,高重叠语音，内容或说话人归属不确定,,,多人同时说话，按项目规则标为不确定
R8007_M8011,R8007_M8011_seg0103,1174.520,1202.590,N_SPK8068,好好好，是。,True,partial,,,,uncertainty,高重叠语音，内容或说话人归属不确定,,,多人同时说话，按项目规则标为不确定
R8007_M8011,R8007_M8011_seg0103,1174.520,1202.590,N_SPK8068,我。,True,partial,,,,uncertainty,高重叠语音，内容或说话人归属不确定,,,多人同时说话，按项目规则标为不确定
R8007_M8011,R8007_M8011_seg0103,1174.520,1202.590,N_SPK8069,嗯嗯，对呀踩雷的可多了。,True,partial,,,,uncertainty,高重叠语音，内容或说话人归属不确定,,,多人同时说话，按项目规则标为不确定
R8007_M8011,R8007_M8011_seg0103,1174.520,1202.590,N_SPK8068,咱也踩雷的太多啦，这些个踩雷，买东西，真的是。,True,partial,,,,uncertainty,高重叠语音，内容或说话人归属不确定,,,多人同时说话，按项目规则标为不确定
R8007_M8011,R8007_M8011_seg0103,1174.520,1202.590,N_SPK8066,对踩雷他会。,True,partial,,,,uncertainty,高重叠语音，内容或说话人归属不确定,,,多人同时说话，按项目规则标为不确定
R8007_M8011,R8007_M8011_seg0103,1174.520,1202.590,N_SPK8067,对，对所以我们可以通过这。,True,partial,,,,uncertainty,高重叠语音，内容或说话人归属不确定,,,多人同时说话，按项目规则标为不确定
R8007_M8011,R8007_M8011_seg0103,1174.520,1202.590,N_SPK8069,有有的时候，真的是，到手的东西跟视频的东西不一样儿。,True,partial,,,,uncertainty,高重叠语音，内容或说话人归属不确定,,,多人同时说话，按项目规则标为不确定
R8007_M8011,R8007_M8011_seg0103,1174.520,1202.590,N_SPK8067,对我们可以通过这种嗯分享，然后告诉大家，都特别好。,True,partial,,,,uncertainty,高重叠语音，内容或说话人归属不确定,,,多人同时说话，按项目规则标为不确定
R8007_M8011,R8007_M8011_seg0103,1174.520,1202.590,N_SPK8068,天差地别。,True,partial,,,,uncertainty,高重叠语音，内容或说话人归属不确定,,,多人同时说话，按项目规则标为不确定
R8007_M8011,R8007_M8011_seg0103,1174.520,1202.590,N_SPK8069,挂羊头卖狗肉。,True,partial,,,,uncertainty,高重叠语音，内容或说话人归属不确定,,,多人同时说话，按项目规则标为不确定
R8007_M8011,R8007_M8011_seg0103,1174.520,1202.590,N_SPK8066,那像这种情况会对这个，分享带货的主播有一些什么看法吗。,True,partial,,,,uncertainty,高重叠语音，内容或说话人归属不确定,,,多人同时说话，按项目规则标为不确定
R8007_M8011,R8007_M8011_seg0104,1203.150,1225.210,N_SPK8068,嗯，对于网红那一些的话，我觉得跟他们说，不要就说是他们给钱，你就得就给他们说，还是还还是，得是，对。,True,partial,,,,uncertainty,高重叠语音，内容或说话人归属不确定,,,多人同时说话，按项目规则标为不确定
R8007_M8011,R8007_M8011_seg0104,1203.150,1225.210,N_SPK8069,主播的人品。,True,partial,,,,uncertainty,高重叠语音，内容或说话人归属不确定,,,多人同时说话，按项目规则标为不确定
R8007_M8011,R8007_M8011_seg0104,1203.150,1225.210,N_SPK8067,对，不要是。,True,partial,,,,uncertainty,高重叠语音，内容或说话人归属不确定,,,多人同时说话，按项目规则标为不确定
R8007_M8011,R8007_M8011_seg0104,1203.150,1225.210,N_SPK8069,对呀，不要。,True,partial,,,,uncertainty,高重叠语音，内容或说话人归属不确定,,,多人同时说话，按项目规则标为不确定
R8007_M8011,R8007_M8011_seg0104,1203.150,1225.210,N_SPK8066,还是要分别还是要分辨出。,True,partial,,,,uncertainty,高重叠语音，内容或说话人归属不确定,,,多人同时说话，按项目规则标为不确定
R8007_M8011,R8007_M8011_seg0104,1203.150,1225.210,N_SPK8067,不要是个人就做主播。,True,partial,,,,uncertainty,高重叠语音，内容或说话人归属不确定,,,多人同时说话，按项目规则标为不确定
R8007_M8011,R8007_M8011_seg0104,1203.150,1225.210,N_SPK8069,对呀，要有自己的。,True,partial,,,,uncertainty,高重叠语音，内容或说话人归属不确定,,,多人同时说话，按项目规则标为不确定
R8007_M8011,R8007_M8011_seg0104,1203.150,1225.210,N_SPK8068,对对对，还是。,True,partial,,,,uncertainty,高重叠语音，内容或说话人归属不确定,,,多人同时说话，按项目规则标为不确定
R8007_M8011,R8007_M8011_seg0104,1203.150,1225.210,N_SPK8069,人格问题不要为了挣钱，出卖良心。,True,partial,,,,uncertainty,高重叠语音，内容或说话人归属不确定,,,多人同时说话，按项目规则标为不确定
R8007_M8011,R8007_M8011_seg0104,1203.150,1225.210,N_SPK8067,希望后面就是那个，他们提升主播的时候，可以把把关。,True,partial,,,,uncertainty,高重叠语音，内容或说话人归属不确定,,,多人同时说话，按项目规则标为不确定
R8007_M8011,R8007_M8011_seg0104,1203.150,1225.210,N_SPK8068,这个可以整改，就比如说。,True,partial,,,,uncertainty,高重叠语音，内容或说话人归属不确定,,,多人同时说话，按项目规则标为不确定
R8007_M8011,R8007_M8011_seg0105,1225.250,1239.090,N_SPK8068,对，可以为，反正是因为大家都是为了方便嘛，你你卖这个东西到时候买我们买回来就是，跟那个完全不一样，我们肯定也不会用，也就会就踩雷了嘛，但是，他但是。,True,partial,,,,uncertainty,高重叠语音，内容或说话人归属不确定,,,多人同时说话，按项目规则标为不确定
R8007_M8011,R8007_M8011_seg0105,1225.250,1239.090,N_SPK8069,对。,True,partial,,,,uncertainty,高重叠语音，内容或说话人归属不确定,,,多人同时说话，按项目规则标为不确定
R8007_M8011,R8007_M8011_seg0105,1225.250,1239.090,N_SPK8069,不要只看脸。,True,partial,,,,uncertainty,高重叠语音，内容或说话人归属不确定,,,多人同时说话，按项目规则标为不确定
R8007_M8011,R8007_M8011_seg0105,1225.250,1239.090,N_SPK8066,对的确会出现这种情况。,True,partial,,,,uncertainty,高重叠语音，内容或说话人归属不确定,,,多人同时说话，按项目规则标为不确定
R8007_M8011,R8007_M8011_seg0106,1239.090,1252.310,N_SPK8068,肯定还会有其他的呀，像看那个打假的阿纯就说的，就说你用这个东西的话，你可能它过一段时间就会换一个包装，然后换一个名字过来，所以对一样的东西。,True,partial,,,,uncertainty,高重叠语音，内容或说话人归属不确定,,,多人同时说话，按项目规则标为不确定
R8007_M8011,R8007_M8011_seg0106,1239.090,1252.310,N_SPK8069,对对对，还是一样的东西。,True,partial,,,,uncertainty,高重叠语音，内容或说话人归属不确定,,,多人同时说话，按项目规则标为不确定
R8007_M8011,R8007_M8011_seg0106,1239.090,1252.310,N_SPK8066,是的确。,True,partial,,,,uncertainty,高重叠语音，内容或说话人归属不确定,,,多人同时说话，按项目规则标为不确定
R8007_M8011,R8007_M8011_seg0107,1252.310,1262.750,N_SPK8068,还还是希望他们都会把这一些能够分类一下。,True,partial,,,,uncertainty,高重叠语音，内容或说话人归属不确定,,,多人同时说话，按项目规则标为不确定
R8007_M8011,R8007_M8011_seg0107,1252.310,1262.750,N_SPK8069,不同的包装。,True,partial,,,,uncertainty,高重叠语音，内容或说话人归属不确定,,,多人同时说话，按项目规则标为不确定
R8007_M8011,R8007_M8011_seg0107,1252.310,1262.750,N_SPK8066,就是。,True,partial,,,,uncertainty,高重叠语音，内容或说话人归属不确定,,,多人同时说话，按项目规则标为不确定
R8007_M8011,R8007_M8011_seg0107,1252.310,1262.750,N_SPK8067,希望平台。,True,partial,,,,uncertainty,高重叠语音，内容或说话人归属不确定,,,多人同时说话，按项目规则标为不确定
R8007_M8011,R8007_M8011_seg0107,1252.310,1262.750,N_SPK8069,你，对你要卖东西的话，一定要把质量做好。,True,partial,,,,uncertainty,高重叠语音，内容或说话人归属不确定,,,多人同时说话，按项目规则标为不确定
R8007_M8011,R8007_M8011_seg0107,1252.310,1262.750,N_SPK8066,不要把太多的这种挂羊头卖狗肉的东西放的视。,True,partial,,,,uncertainty,高重叠语音，内容或说话人归属不确定,,,多人同时说话，按项目规则标为不确定
R8007_M8011,R8007_M8011_seg0107,1252.310,1262.750,N_SPK8067,希望平台可以保护这些打假的人。,True,partial,,,,uncertainty,高重叠语音，内容或说话人归属不确定,,,多人同时说话，按项目规则标为不确定
R8007_M8011,R8007_M8011_seg0108,1263.360,1293.900,N_SPK8068,对对对对。,True,partial,,,,uncertainty,高重叠语音，内容或说话人归属不确定,,,多人同时说话，按项目规则标为不确定
R8007_M8011,R8007_M8011_seg0108,1263.360,1293.900,N_SPK8067,因为他们经常被某些大牌或者背后的势力，被不，对会被。,True,partial,,,,uncertainty,高重叠语音，内容或说话人归属不确定,,,多人同时说话，按项目规则标为不确定
R8007_M8011,R8007_M8011_seg0108,1263.360,1293.900,N_SPK8069,哦对。,True,partial,,,,uncertainty,高重叠语音，内容或说话人归属不确定,,,多人同时说话，按项目规则标为不确定
R8007_M8011,R8007_M8011_seg0108,1263.360,1293.900,N_SPK8066,限号限量限流或者是做一些。,True,partial,,,,uncertainty,高重叠语音，内容或说话人归属不确定,,,多人同时说话，按项目规则标为不确定
R8007_M8011,R8007_M8011_seg0108,1263.360,1293.900,N_SPK8069,对。,True,partial,,,,uncertainty,高重叠语音，内容或说话人归属不确定,,,多人同时说话，按项目规则标为不确定
R8007_M8011,R8007_M8011_seg0108,1263.360,1293.900,N_SPK8069,有的时候暗暗地被恐吓会。,True,partial,,,,uncertainty,高重叠语音，内容或说话人归属不确定,,,多人同时说话，按项目规则标为不确定
R8007_M8011,R8007_M8011_seg0108,1263.360,1293.900,N_SPK8068,嗯。,True,partial,,,,uncertainty,高重叠语音，内容或说话人归属不确定,,,多人同时说话，按项目规则标为不确定
R8007_M8011,R8007_M8011_seg0108,1263.360,1293.900,N_SPK8067,对，所以希望。,True,partial,,,,uncertainty,高重叠语音，内容或说话人归属不确定,,,多人同时说话，按项目规则标为不确定
R8007_M8011,R8007_M8011_seg0108,1263.360,1293.900,N_SPK8068,唉，他们什么在家里给人家寄这个寄那个，然后那个恐吓人家呀，然后而且就是像这种的话，就是像好多就说是快手的这些，他们好像还给人家把人家之前。,True,partial,,,,uncertainty,高重叠语音，内容或说话人归属不确定,,,多人同时说话，按项目规则标为不确定
R8007_M8011,R8007_M8011_seg0108,1263.360,1293.900,N_SPK8067,对。,True,partial,,,,uncertainty,高重叠语音，内容或说话人归属不确定,,,多人同时说话，按项目规则标为不确定
R8007_M8011,R8007_M8011_seg0108,1263.360,1293.900,N_SPK8066,快手上对。,True,partial,,,,uncertainty,高重叠语音，内容或说话人归属不确定,,,多人同时说话，按项目规则标为不确定
R8007_M8011,R8007_M8011_seg0108,1263.360,1293.900,N_SPK8068,这，快手抖，快手也好抖音也好，把人家之前发过的视频，就给删对删除了。,True,partial,,,,uncertainty,高重叠语音，内容或说话人归属不确定,,,多人同时说话，按项目规则标为不确定
R8007_M8011,R8007_M8011_seg0108,1263.360,1293.900,N_SPK8069,再发一遍儿嗯，再删除。,True,partial,,,,uncertainty,高重叠语音，内容或说话人归属不确定,,,多人同时说话，按项目规则标为不确定
R8007_M8011,R8007_M8011_seg0108,1263.360,1293.900,N_SPK8067,对，平台就自行删除了。,True,partial,,,,uncertainty,高重叠语音，内容或说话人归属不确定,,,多人同时说话，按项目规则标为不确定
R8007_M8011,R8007_M8011_seg0108,1263.360,1293.900,N_SPK8066,啊。,True,partial,,,,uncertainty,高重叠语音，内容或说话人归属不确定,,,多人同时说话，按项目规则标为不确定
R8007_M8011,R8007_M8011_seg0108,1263.360,1293.900,N_SPK8066,这是平台。,True,partial,,,,uncertainty,高重叠语音，内容或说话人归属不确定,,,多人同时说话，按项目规则标为不确定
R8007_M8011,R8007_M8011_seg0109,1293.980,1298.380,N_SPK8068,对我觉得这个，这样儿不太好。,True,partial,,,,uncertainty,高重叠语音，内容或说话人归属不确定,,,多人同时说话，按项目规则标为不确定
R8007_M8011,R8007_M8011_seg0109,1293.980,1298.380,N_SPK8069,这这个，我不知道是什么原因，真的很奇怪。,True,partial,,,,uncertainty,高重叠语音，内容或说话人归属不确定,,,多人同时说话，按项目规则标为不确定
R8007_M8011,R8007_M8011_seg0109,1293.980,1298.380,N_SPK8066,平。,True,partial,,,,uncertainty,高重叠语音，内容或说话人归属不确定,,,多人同时说话，按项目规则标为不确定
R8007_M8011,R8007_M8011_seg0110,1298.490,1323.080,N_SPK8068,是啊，就是，你看他就是像我看的就说是打假的话，就是阿纯的，他就会说，啊，他说我我不知道这条视频视频能够存在多久，就是因为是出品方会把它这个视频会删掉。,True,partial,,,,uncertainty,高重叠语音，内容或说话人归属不确定,,,多人同时说话，按项目规则标为不确定
R8007_M8011,R8007_M8011_seg0110,1298.490,1323.080,N_SPK8066,对每个人会知道这种情况呢，不光是出品方像商品方这种类型的也是会对做一些。,True,partial,,,,uncertainty,高重叠语音，内容或说话人归属不确定,,,多人同时说话，按项目规则标为不确定
R8007_M8011,R8007_M8011_seg0110,1298.490,1323.080,N_SPK8067,是的是的。,True,partial,,,,uncertainty,高重叠语音，内容或说话人归属不确定,,,多人同时说话，按项目规则标为不确定
R8007_M8011,R8007_M8011_seg0110,1298.490,1323.080,N_SPK8067,他们根本就不会跟发视频的博主去沟通，直接去跟APP的平台去沟通，然后平台后台就把别人的视频删了。,True,partial,,,,uncertainty,高重叠语音，内容或说话人归属不确定,,,多人同时说话，按项目规则标为不确定
R8007_M8011,R8007_M8011_seg0110,1298.490,1323.080,N_SPK8069,嗯嗯。,True,partial,,,,uncertainty,高重叠语音，内容或说话人归属不确定,,,多人同时说话，按项目规则标为不确定
R8007_M8011,R8007_M8011_seg0111,1323.270,1324.150,N_SPK8068,对。,True,partial,,,,uncertainty,高重叠语音，内容或说话人归属不确定,,,多人同时说话，按项目规则标为不确定
R8007_M8011,R8007_M8011_seg0111,1323.270,1324.150,N_SPK8066,是。,True,partial,,,,uncertainty,高重叠语音，内容或说话人归属不确定,,,多人同时说话，按项目规则标为不确定
R8007_M8011,R8007_M8011_seg0111,1323.270,1324.150,N_SPK8069,对啊。,True,partial,,,,uncertainty,高重叠语音，内容或说话人归属不确定,,,多人同时说话，按项目规则标为不确定
R8007_M8011,R8007_M8011_seg0112,1324.310,1351.640,N_SPK8068,因为我们大家还是很需要有这样儿打假的，希望就说是平台可以保护这些。,True,partial,,,,uncertainty,高重叠语音，内容或说话人归属不确定,,,多人同时说话，按项目规则标为不确定
R8007_M8011,R8007_M8011_seg0112,1324.310,1351.640,N_SPK8067,比较真诚，真实的博主。,True,partial,,,,uncertainty,高重叠语音，内容或说话人归属不确定,,,多人同时说话，按项目规则标为不确定
R8007_M8011,R8007_M8011_seg0112,1324.310,1351.640,N_SPK8069,对，或者让让打假人，自己弄一个号儿，然后专门发那个打假的视频，然后对我。,True,partial,,,,uncertainty,高重叠语音，内容或说话人归属不确定,,,多人同时说话，按项目规则标为不确定
R8007_M8011,R8007_M8011_seg0112,1324.310,1351.640,N_SPK8068,对。,True,partial,,,,uncertainty,高重叠语音，内容或说话人归属不确定,,,多人同时说话，按项目规则标为不确定
R8007_M8011,R8007_M8011_seg0112,1324.310,1351.640,N_SPK8066,啊。,True,partial,,,,uncertainty,高重叠语音，内容或说话人归属不确定,,,多人同时说话，按项目规则标为不确定
R8007_M8011,R8007_M8011_seg0112,1324.310,1351.640,N_SPK8068,是有是有号儿，但是你可能存在不了多久，明白吗？就是他会就说是像那些大牌儿啊或什么的会找着，就比如说你你是在那个抖对你是在抖音上直播呀或，对，你。,True,partial,,,,uncertainty,高重叠语音，内容或说话人归属不确定,,,多人同时说话，按项目规则标为不确定
R8007_M8011,R8007_M8011_seg0112,1324.310,1351.640,N_SPK8069,嗯嗯。,True,partial,,,,uncertainty,高重叠语音，内容或说话人归属不确定,,,多人同时说话，按项目规则标为不确定
R8007_M8011,R8007_M8011_seg0112,1324.310,1351.640,N_SPK8069,干不过人家昂。,True,partial,,,,uncertainty,高重叠语音，内容或说话人归属不确定,,,多人同时说话，按项目规则标为不确定
R8007_M8011,R8007_M8011_seg0112,1324.310,1351.640,N_SPK8066,这是一个资本的一个时代。,True,partial,,,,uncertainty,高重叠语音，内容或说话人归属不确定,,,多人同时说话，按项目规则标为不确定
R8007_M8011,R8007_M8011_seg0112,1324.310,1351.640,N_SPK8067,是，还有就是主播，希望就是。,True,partial,,,,uncertainty,高重叠语音，内容或说话人归属不确定,,,多人同时说话，按项目规则标为不确定
R8007_M8011,R8007_M8011_seg0112,1324.310,1351.640,N_SPK8069,对有。,True,partial,,,,uncertainty,高重叠语音，内容或说话人归属不确定,,,多人同时说话，按项目规则标为不确定
R8007_M8011,R8007_M8011_seg0113,1352.830,1365.370,N_SPK8068,不要昧着良心。,True,partial,,,,uncertainty,高重叠语音，内容或说话人归属不确定,,,多人同时说话，按项目规则标为不确定
R8007_M8011,R8007_M8011_seg0113,1352.830,1365.370,N_SPK8067,主播不在多，要精，不是说每个人都可以做主播，一定要是他有他有自己擅长，或者是自己这个敬业的精神。,True,partial,,,,uncertainty,高重叠语音，内容或说话人归属不确定,,,多人同时说话，按项目规则标为不确定
R8007_M8011,R8007_M8011_seg0113,1352.830,1365.370,N_SPK8069,哦对。,True,partial,,,,uncertainty,高重叠语音，内容或说话人归属不确定,,,多人同时说话，按项目规则标为不确定
R8007_M8011,R8007_M8011_seg0113,1352.830,1365.370,N_SPK8068,对。,True,partial,,,,uncertainty,高重叠语音，内容或说话人归属不确定,,,多人同时说话，按项目规则标为不确定
R8007_M8011,R8007_M8011_seg0113,1352.830,1365.370,N_SPK8069,就是主播也要有自己的分辨能力。,True,partial,,,,uncertainty,高重叠语音，内容或说话人归属不确定,,,多人同时说话，按项目规则标为不确定
R8007_M8011,R8007_M8011_seg0113,1352.830,1365.370,N_SPK8068,嗯。,True,partial,,,,uncertainty,高重叠语音，内容或说话人归属不确定,,,多人同时说话，按项目规则标为不确定
R8007_M8011,R8007_M8011_seg0113,1352.830,1365.370,N_SPK8066,是。,True,partial,,,,uncertainty,高重叠语音，内容或说话人归属不确定,,,多人同时说话，按项目规则标为不确定
R8007_M8011,R8007_M8011_seg0114,1365.670,1416.550,N_SPK8066,当然了当然短视频这个主播，并不只并不只仅仅是存在于带货这一个途径。,True,partial,,,,uncertainty,高重叠语音，内容或说话人归属不确定,,,多人同时说话，按项目规则标为不确定
R8007_M8011,R8007_M8011_seg0114,1365.670,1416.550,N_SPK8068,对。,True,partial,,,,uncertainty,高重叠语音，内容或说话人归属不确定,,,多人同时说话，按项目规则标为不确定
R8007_M8011,R8007_M8011_seg0114,1365.670,1416.550,N_SPK8068,对你像我看的就是说是，就保险之类的是人家也是定期直播，就是说比如说告诉你，保险的哪个点儿哪个点儿啊？避免你要是买他保险的，因为保险的话，我觉得以后。,True,partial,,,,uncertainty,高重叠语音，内容或说话人归属不确定,,,多人同时说话，按项目规则标为不确定
R8007_M8011,R8007_M8011_seg0114,1365.670,1416.550,N_SPK8067,对。,True,partial,,,,uncertainty,高重叠语音，内容或说话人归属不确定,,,多人同时说话，按项目规则标为不确定
R8007_M8011,R8007_M8011_seg0114,1365.670,1416.550,N_SPK8066,对直播它是有一些人是可以做正常的那种，比如说存在社交我现在我疫情期间我出不去，那我可以在家存在云社交，就相当于主播在跟所有人做一个对话，那也是一个解压一个休闲的一个方式。,True,partial,,,,uncertainty,高重叠语音，内容或说话人归属不确定,,,多人同时说话，按项目规则标为不确定
R8007_M8011,R8007_M8011_seg0114,1365.670,1416.550,N_SPK8069,嗯嗯。,True,partial,,,,uncertainty,高重叠语音，内容或说话人归属不确定,,,多人同时说话，按项目规则标为不确定
R8007_M8011,R8007_M8011_seg0114,1365.670,1416.550,N_SPK8068,对。,True,partial,,,,uncertainty,高重叠语音，内容或说话人归属不确定,,,多人同时说话，按项目规则标为不确定
R8007_M8011,R8007_M8011_seg0114,1365.670,1416.550,N_SPK8069,嗯嗯。,True,partial,,,,uncertainty,高重叠语音，内容或说话人归属不确定,,,多人同时说话，按项目规则标为不确定
R8007_M8011,R8007_M8011_seg0114,1365.670,1416.550,N_SPK8067,是的是的。,True,partial,,,,uncertainty,高重叠语音，内容或说话人归属不确定,,,多人同时说话，按项目规则标为不确定
R8007_M8011,R8007_M8011_seg0114,1365.670,1416.550,N_SPK8069,嗯嗯。,True,partial,,,,uncertainty,高重叠语音，内容或说话人归属不确定,,,多人同时说话，按项目规则标为不确定
R8007_M8011,R8007_M8011_seg0114,1365.670,1416.550,N_SPK8068,呃，这个也是是你。,True,partial,,,,uncertainty,高重叠语音，内容或说话人归属不确定,,,多人同时说话，按项目规则标为不确定
R8007_M8011,R8007_M8011_seg0114,1365.670,1416.550,N_SPK8066,啊像这种也是可以被称为主播的，像那种刚才说的做保险对科普类型的，我科普保险我科普所有的植物啊或者动物啊之类的。,True,partial,,,,uncertainty,高重叠语音，内容或说话人归属不确定,,,多人同时说话，按项目规则标为不确定
R8007_M8011,R8007_M8011_seg0114,1365.670,1416.550,N_SPK8067,对。,True,partial,,,,uncertainty,高重叠语音，内容或说话人归属不确定,,,多人同时说话，按项目规则标为不确定
R8007_M8011,R8007_M8011_seg0114,1365.670,1416.550,N_SPK8069,嗯。,True,partial,,,,uncertainty,高重叠语音，内容或说话人归属不确定,,,多人同时说话，按项目规则标为不确定
R8007_M8011,R8007_M8011_seg0114,1365.670,1416.550,N_SPK8067,科普类型的，嗯。,True,partial,,,,uncertainty,高重叠语音，内容或说话人归属不确定,,,多人同时说话，按项目规则标为不确定
R8007_M8011,R8007_M8011_seg0114,1365.670,1416.550,N_SPK8068,啊，对你怎么养鱼什么的我也比较喜欢。,True,partial,,,,uncertainty,高重叠语音，内容或说话人归属不确定,,,多人同时说话，按项目规则标为不确定
R8007_M8011,R8007_M8011_seg0114,1365.670,1416.550,N_SPK8067,是的。,True,partial,,,,uncertainty,高重叠语音，内容或说话人归属不确定,,,多人同时说话，按项目规则标为不确定
R8007_M8011,R8007_M8011_seg0114,1365.670,1416.550,N_SPK8069,就各各种类型的主播。,True,partial,,,,uncertainty,高重叠语音，内容或说话人归属不确定,,,多人同时说话，按项目规则标为不确定
R8007_M8011,R8007_M8011_seg0114,1365.670,1416.550,N_SPK8066,对。,True,partial,,,,uncertainty,高重叠语音，内容或说话人归属不确定,,,多人同时说话，按项目规则标为不确定
R8007_M8011,R8007_M8011_seg0114,1365.670,1416.550,N_SPK8066,这也是这也是主播，啊就是每一种主播他类型不一样，其实也是嗯对。,True,partial,,,,uncertainty,高重叠语音，内容或说话人归属不确定,,,多人同时说话，按项目规则标为不确定
R8007_M8011,R8007_M8011_seg0114,1365.670,1416.550,N_SPK8067,对。,True,partial,,,,uncertainty,高重叠语音，内容或说话人归属不确定,,,多人同时说话，按项目规则标为不确定
R8007_M8011,R8007_M8011_seg0114,1365.670,1416.550,N_SPK8068,我。,True,partial,,,,uncertainty,高重叠语音，内容或说话人归属不确定,,,多人同时说话，按项目规则标为不确定
R8007_M8011,R8007_M8011_seg0114,1365.670,1416.550,N_SPK8068,虽然自己也，对。,True,partial,,,,uncertainty,高重叠语音，内容或说话人归属不确定,,,多人同时说话，按项目规则标为不确定
R8007_M8011,R8007_M8011_seg0114,1365.670,1416.550,N_SPK8069,嗯嗯。,True,partial,,,,uncertainty,高重叠语音，内容或说话人归属不确定,,,多人同时说话，按项目规则标为不确定
R8007_M8011,R8007_M8011_seg0114,1365.670,1416.550,N_SPK8068,嗯。,True,partial,,,,uncertainty,高重叠语音，内容或说话人归属不确定,,,多人同时说话，按项目规则标为不确定
R8007_M8011,R8007_M8011_seg0115,1417.920,1427.100,N_SPK8066,其实这也算是一个比较短视频的乱象吧。,True,partial,,,,uncertainty,高重叠语音，内容或说话人归属不确定,,,多人同时说话，按项目规则标为不确定
R8007_M8011,R8007_M8011_seg0115,1417.920,1427.100,N_SPK8068,这一段时间就说是疫情期间的话，我看就说是教人怎么减肥，怎么蹦的那些是太多了。,True,partial,,,,uncertainty,高重叠语音，内容或说话人归属不确定,,,多人同时说话，按项目规则标为不确定
R8007_M8011,R8007_M8011_seg0115,1417.920,1427.100,N_SPK8069,对。对啊。,True,partial,,,,uncertainty,高重叠语音，内容或说话人归属不确定,,,多人同时说话，按项目规则标为不确定
R8007_M8011,R8007_M8011_seg0115,1417.920,1427.100,N_SPK8067,啊。,True,partial,,,,uncertainty,高重叠语音，内容或说话人归属不确定,,,多人同时说话，按项目规则标为不确定
R8007_M8011,R8007_M8011_seg0116,1427.250,1440.840,N_SPK8066,对像疫情期间健身的这个是比较多一些，但是像健身里边也是有一些嗯就是说哎，我随便去做几个动作就相当于健身博主了，那那那也不是。,True,partial,,,,uncertainty,高重叠语音，内容或说话人归属不确定,,,多人同时说话，按项目规则标为不确定
R8007_M8011,R8007_M8011_seg0116,1427.250,1440.840,N_SPK8067,健身的博主。,True,partial,,,,uncertainty,高重叠语音，内容或说话人归属不确定,,,多人同时说话，按项目规则标为不确定
R8007_M8011,R8007_M8011_seg0116,1427.250,1440.840,N_SPK8068,对。,True,partial,,,,uncertainty,高重叠语音，内容或说话人归属不确定,,,多人同时说话，按项目规则标为不确定
R8007_M8011,R8007_M8011_seg0116,1427.250,1440.840,N_SPK8069,嗯。,True,partial,,,,uncertainty,高重叠语音，内容或说话人归属不确定,,,多人同时说话，按项目规则标为不确定
R8007_M8011,R8007_M8011_seg0116,1427.250,1440.840,N_SPK8069,呃，不是对对对。,True,partial,,,,uncertainty,高重叠语音，内容或说话人归属不确定,,,多人同时说话，按项目规则标为不确定
R8007_M8011,R8007_M8011_seg0116,1427.250,1440.840,N_SPK8068,那。,True,partial,,,,uncertainty,高重叠语音，内容或说话人归属不确定,,,多人同时说话，按项目规则标为不确定
R8007_M8011,R8007_M8011_seg0116,1427.250,1440.840,N_SPK8067,对，所以还是这个主播的质量一定要严格把关。,True,partial,,,,uncertainty,高重叠语音，内容或说话人归属不确定,,,多人同时说话，按项目规则标为不确定
R8007_M8011,R8007_M8011_seg0117,1440.840,1453.890,N_SPK8069,嗯嗯。,True,partial,,,,uncertainty,高重叠语音，内容或说话人归属不确定,,,多人同时说话，按项目规则标为不确定
R8007_M8011,R8007_M8011_seg0117,1440.840,1453.890,N_SPK8067,嗯。,True,partial,,,,uncertainty,高重叠语音，内容或说话人归属不确定,,,多人同时说话，按项目规则标为不确定
R8007_M8011,R8007_M8011_seg0117,1440.840,1453.890,N_SPK8068,对这个倒是，你像我看。,True,partial,,,,uncertainty,高重叠语音，内容或说话人归属不确定,,,多人同时说话，按项目规则标为不确定
R8007_M8011,R8007_M8011_seg0117,1440.840,1453.890,N_SPK8069,就不要谁都能做主播。,True,partial,,,,uncertainty,高重叠语音，内容或说话人归属不确定,,,多人同时说话，按项目规则标为不确定
R8007_M8011,R8007_M8011_seg0117,1440.840,1453.890,N_SPK8066,对其实当然了，这也是对所有的用户要提高用户自己的分辨分辨能力，并不是仅仅是平台一一方就是要做这个事情。,True,partial,,,,uncertainty,高重叠语音，内容或说话人归属不确定,,,多人同时说话，按项目规则标为不确定
R8007_M8011,R8007_M8011_seg0117,1440.840,1453.890,N_SPK8067,大家共同努力。,True,partial,,,,uncertainty,高重叠语音，内容或说话人归属不确定,,,多人同时说话，按项目规则标为不确定
R8007_M8011,R8007_M8011_seg0118,1454.370,1458.120,N_SPK8068,当然啦哈，肯定得大家共同努力了，你得努力分辨，你像。,True,full,,,,uncertainty,高重叠语音，内容或说话人归属不确定,,,多人同时说话，按项目规则标为不确定
R8007_M8011,R8007_M8011_seg0118,1454.370,1458.120,N_SPK8069,嗯，嗯，嗯，嗯，嗯。,True,full,,,,uncertainty,高重叠语音，内容或说话人归属不确定,,,多人同时说话，按项目规则标为不确定
R8007_M8011,R8007_M8011_seg0118,1454.370,1458.120,N_SPK8067,对。,True,full,,,,uncertainty,高重叠语音，内容或说话人归属不确定,,,多人同时说话，按项目规则标为不确定
R8007_M8011,R8007_M8011_seg0118,1454.370,1458.120,N_SPK8067,对对对。,True,full,,,,uncertainty,高重叠语音，内容或说话人归属不确定,,,多人同时说话，按项目规则标为不确定
R8007_M8011,R8007_M8011_seg0118,1454.370,1458.120,N_SPK8066,对。,True,full,,,,uncertainty,高重叠语音，内容或说话人归属不确定,,,多人同时说话，按项目规则标为不确定
R8007_M8011,R8007_M8011_seg0119,1458.180,1466.390,N_SPK8066,成年人是有这种分辨意识的，像青少年跟中老年人对这些分辨就会相对于弱一些。,True,partial,,,,uncertainty,高重叠语音，内容或说话人归属不确定,,,多人同时说话，按项目规则标为不确定
R8007_M8011,R8007_M8011_seg0119,1458.180,1466.390,N_SPK8069,未成年人和中老年。,True,partial,,,,uncertainty,高重叠语音，内容或说话人归属不确定,,,多人同时说话，按项目规则标为不确定
R8007_M8011,R8007_M8011_seg0119,1458.180,1466.390,N_SPK8067,所以还需要平台后台把关。,True,partial,,,,uncertainty,高重叠语音，内容或说话人归属不确定,,,多人同时说话，按项目规则标为不确定
R8007_M8011,R8007_M8011_seg0120,1466.920,1469.510,N_SPK8068,对，双方的努力。,True,partial,,,,uncertainty,高重叠语音，内容或说话人归属不确定,,,多人同时说话，按项目规则标为不确定
R8007_M8011,R8007_M8011_seg0120,1466.920,1469.510,N_SPK8069,一个是还有用户的举报。,True,partial,,,,uncertainty,高重叠语音，内容或说话人归属不确定,,,多人同时说话，按项目规则标为不确定
R8007_M8011,R8007_M8011_seg0121,1470.390,1471.330,N_SPK8069,对对那个。,False,none,,,,speaker_stance,认为对对,,,
R8007_M8011,R8007_M8011_seg0122,1471.610,1481.460,N_SPK8067,对，举报功能，一定要加强这一方面，我们看到，像我们有，我们分辨到了，不好的视频我们举报，希望它能及时的给我们反馈。,True,partial,,,,uncertainty,高重叠语音，内容或说话人归属不确定,,,多人同时说话，按项目规则标为不确定
R8007_M8011,R8007_M8011_seg0122,1471.610,1481.460,N_SPK8069,对举报那个。,True,partial,,,,uncertainty,高重叠语音，内容或说话人归属不确定,,,多人同时说话，按项目规则标为不确定
R8007_M8011,R8007_M8011_seg0123,1481.770,1483.820,N_SPK8069,嗯嗯嗯，对有一份反馈。,True,full,,,,uncertainty,高重叠语音，内容或说话人归属不确定,,,多人同时说话，按项目规则标为不确定
R8007_M8011,R8007_M8011_seg0123,1481.770,1483.820,N_SPK8068,对这个倒是啊。,True,full,,,,uncertainty,高重叠语音，内容或说话人归属不确定,,,多人同时说话，按项目规则标为不确定
R8007_M8011,R8007_M8011_seg0124,1484.140,1484.870,N_SPK8066,反馈信息。,False,none,,,,speaker_stance,认为反馈信息,,,
R8007_M8011,R8007_M8011_seg0125,1484.940,1495.380,N_SPK8069,嗯，反馈信息对这个主主播是怎么处理的？,True,full,,,,uncertainty,高重叠语音，内容或说话人归属不确定,,,多人同时说话，按项目规则标为不确定
R8007_M8011,R8007_M8011_seg0125,1484.940,1495.380,N_SPK8068,对你看你举报，你是举报啦，你看你过一阵儿这个，对他还在那，对他还在那，你没有进行处理，那我们举报不举报没有什么意义呀。,True,full,,,,uncertainty,高重叠语音，内容或说话人归属不确定,,,多人同时说话，按项目规则标为不确定
R8007_M8011,R8007_M8011_seg0125,1484.940,1495.380,N_SPK8067,对，一定。,True,full,,,,uncertainty,高重叠语音，内容或说话人归属不确定,,,多人同时说话，按项目规则标为不确定
R8007_M8011,R8007_M8011_seg0125,1484.940,1495.380,N_SPK8067,没信儿了嗯。,True,full,,,,uncertainty,高重叠语音，内容或说话人归属不确定,,,多人同时说话，按项目规则标为不确定
R8007_M8011,R8007_M8011_seg0125,1484.940,1495.380,N_SPK8069,他还在。,True,full,,,,uncertainty,高重叠语音，内容或说话人归属不确定,,,多人同时说话，按项目规则标为不确定
R8007_M8011,R8007_M8011_seg0125,1484.940,1495.380,N_SPK8067,对。,True,full,,,,uncertainty,高重叠语音，内容或说话人归属不确定,,,多人同时说话，按项目规则标为不确定
R8007_M8011,R8007_M8011_seg0126,1495.550,1496.030,N_SPK8067,是的。,True,full,,,,uncertainty,高重叠语音，内容或说话人归属不确定,,,多人同时说话，按项目规则标为不确定
R8007_M8011,R8007_M8011_seg0126,1495.550,1496.030,N_SPK8069,对呀。,True,full,,,,uncertainty,高重叠语音，内容或说话人归属不确定,,,多人同时说话，按项目规则标为不确定
R8007_M8011,R8007_M8011_seg0127,1496.350,1516.720,N_SPK8068,还是希望他就是我们举报了之后，就给你出了什么结果，你可以发给我们啊，或者说是，呃，不让他就是停改，让他先不开视频呀，或者什么。,True,partial,,,,uncertainty,高重叠语音，内容或说话人归属不确定,,,多人同时说话，按项目规则标为不确定
R8007_M8011,R8007_M8011_seg0127,1496.350,1516.720,N_SPK8066,对。,True,partial,,,,uncertainty,高重叠语音，内容或说话人归属不确定,,,多人同时说话，按项目规则标为不确定
R8007_M8011,R8007_M8011_seg0127,1496.350,1516.720,N_SPK8066,就相当于就是给一个回馈，就告诉大家，我我处理的结果我不处理，我为什么不处理是验证了它的真实性还是虚假性。,True,partial,,,,uncertainty,高重叠语音，内容或说话人归属不确定,,,多人同时说话，按项目规则标为不确定
R8007_M8011,R8007_M8011_seg0127,1496.350,1516.720,N_SPK8069,嗯嗯嗯。,True,partial,,,,uncertainty,高重叠语音，内容或说话人归属不确定,,,多人同时说话，按项目规则标为不确定
R8007_M8011,R8007_M8011_seg0127,1496.350,1516.720,N_SPK8068,对我在处理，您别不了。,True,partial,,,,uncertainty,高重叠语音，内容或说话人归属不确定,,,多人同时说话，按项目规则标为不确定
R8007_M8011,R8007_M8011_seg0127,1496.350,1516.720,N_SPK8069,嗯嗯。,True,partial,,,,uncertainty,高重叠语音，内容或说话人归属不确定,,,多人同时说话，按项目规则标为不确定
R8007_M8011,R8007_M8011_seg0127,1496.350,1516.720,N_SPK8067,对，是的是的是的。,True,partial,,,,uncertainty,高重叠语音，内容或说话人归属不确定,,,多人同时说话，按项目规则标为不确定
R8007_M8011,R8007_M8011_seg0127,1496.350,1516.720,N_SPK8068,你别不了了之啊。,True,partial,,,,uncertainty,高重叠语音，内容或说话人归属不确定,,,多人同时说话，按项目规则标为不确定
R8007_M8011,R8007_M8011_seg0127,1496.350,1516.720,N_SPK8069,而且还要最好有，有多少人举报？有一个那什么。,True,partial,,,,uncertainty,高重叠语音，内容或说话人归属不确定,,,多人同时说话，按项目规则标为不确定
R8007_M8011,R8007_M8011_seg0128,1516.810,1545.730,N_SPK8068,跟电话那个人多人儿举报我，我觉得是他假的，对这样比较好啊，因为你要是说是你。,True,partial,,,,uncertainty,高重叠语音，内容或说话人归属不确定,,,多人同时说话，按项目规则标为不确定
R8007_M8011,R8007_M8011_seg0128,1516.810,1545.730,N_SPK8069,对。,True,partial,,,,uncertainty,高重叠语音，内容或说话人归属不确定,,,多人同时说话，按项目规则标为不确定
R8007_M8011,R8007_M8011_seg0128,1516.810,1545.730,N_SPK8069,对你要一个人举报，他可能就是说，就觉得你对这个主播有意见，什么的，然后如果很多人一起举报，那肯定是这个主播多少有点儿问题。,True,partial,,,,uncertainty,高重叠语音，内容或说话人归属不确定,,,多人同时说话，按项目规则标为不确定
R8007_M8011,R8007_M8011_seg0128,1516.810,1545.730,N_SPK8066,是对这个东西做一个限定。,True,partial,,,,uncertainty,高重叠语音，内容或说话人归属不确定,,,多人同时说话，按项目规则标为不确定
R8007_M8011,R8007_M8011_seg0128,1516.810,1545.730,N_SPK8067,对。,True,partial,,,,uncertainty,高重叠语音，内容或说话人归属不确定,,,多人同时说话，按项目规则标为不确定
R8007_M8011,R8007_M8011_seg0128,1516.810,1545.730,N_SPK8068,对对对，你如果好多人都举报，你看到啦，对。,True,partial,,,,uncertainty,高重叠语音，内容或说话人归属不确定,,,多人同时说话，按项目规则标为不确定
R8007_M8011,R8007_M8011_seg0128,1516.810,1545.730,N_SPK8067,如。,True,partial,,,,uncertainty,高重叠语音，内容或说话人归属不确定,,,多人同时说话，按项目规则标为不确定
R8007_M8011,R8007_M8011_seg0128,1516.810,1545.730,N_SPK8067,如果举报的人数比较多的话，希望平台引起注视，重视。,True,partial,,,,uncertainty,高重叠语音，内容或说话人归属不确定,,,多人同时说话，按项目规则标为不确定
R8007_M8011,R8007_M8011_seg0128,1516.810,1545.730,N_SPK8068,是啊，你好多人都举报了，他看到了，那证明他肯定，好多人都不喜欢他，你对你一个人不喜欢那可能就是你这个人的问题，那所有人都不喜欢，那肯定就是这个人的问题了对不对？,True,partial,,,,uncertainty,高重叠语音，内容或说话人归属不确定,,,多人同时说话，按项目规则标为不确定
R8007_M8011,R8007_M8011_seg0128,1516.810,1545.730,N_SPK8069,就肯定有问题。,True,partial,,,,uncertainty,高重叠语音，内容或说话人归属不确定,,,多人同时说话，按项目规则标为不确定
R8007_M8011,R8007_M8011_seg0128,1516.810,1545.730,N_SPK8066,对。,True,partial,,,,uncertainty,高重叠语音，内容或说话人归属不确定,,,多人同时说话，按项目规则标为不确定
R8007_M8011,R8007_M8011_seg0128,1516.810,1545.730,N_SPK8069,嗯。,True,partial,,,,uncertainty,高重叠语音，内容或说话人归属不确定,,,多人同时说话，按项目规则标为不确定
R8007_M8011,R8007_M8011_seg0129,1545.730,1550.170,N_SPK8068,所以还是加强这个举报功能，还是比我觉得比较好。,True,partial,,,,uncertainty,高重叠语音，内容或说话人归属不确定,,,多人同时说话，按项目规则标为不确定
R8007_M8011,R8007_M8011_seg0129,1545.730,1550.170,N_SPK8067,对。,True,partial,,,,uncertainty,高重叠语音，内容或说话人归属不确定,,,多人同时说话，按项目规则标为不确定
R8007_M8011,R8007_M8011_seg0130,1550.950,1557.950,N_SPK8066,对这就相当于就是创新里边，其实咱们还可以再加一个类似于，这种举报以及类似于客服的一个。,False,none,,,,speaker_stance,认为对这就相当于就是创新里边，还可以再加一个类似于，这种举报以及类似于客服的一个,,,
R8007_M8011,R8007_M8011_seg0131,1558.180,1559.090,N_SPK8067,及时反馈。,True,partial,,,,uncertainty,高重叠语音，内容或说话人归属不确定,,,多人同时说话，按项目规则标为不确定
R8007_M8011,R8007_M8011_seg0131,1558.180,1559.090,N_SPK8069,嗯。,True,partial,,,,uncertainty,高重叠语音，内容或说话人归属不确定,,,多人同时说话，按项目规则标为不确定
R8007_M8011,R8007_M8011_seg0132,1559.090,1559.420,N_SPK8068,对。,False,none,,,,speaker_stance,认为对,,,
R8007_M8011,R8007_M8011_seg0133,1560.440,1567.400,N_SPK8068,客服有吧，我看他们也有客服，但就是不是很积极，是不是？,True,full,,,,uncertainty,高重叠语音，内容或说话人归属不确定,,,多人同时说话，按项目规则标为不确定
R8007_M8011,R8007_M8011_seg0133,1560.440,1567.400,N_SPK8067,客服有，但是，对对对，反馈不是很及时。,True,full,,,,uncertainty,高重叠语音，内容或说话人归属不确定,,,多人同时说话，按项目规则标为不确定
R8007_M8011,R8007_M8011_seg0133,1560.440,1567.400,N_SPK8069,哦对，或者是不是客服人太少了。,True,full,,,,uncertainty,高重叠语音，内容或说话人归属不确定,,,多人同时说话，按项目规则标为不确定
R8007_M8011,R8007_M8011_seg0134,1568.290,1569.870,N_SPK8066,可能是因为用户太多了。,False,none,,,,speaker_stance,认为可能是因为用户太多了,,,
R8007_M8011,R8007_M8011_seg0135,1571.240,1587.660,N_SPK8068,对确实是，因为你看嘛，现在这小视频，对，全民应用谁手机里没有，反正我，对，对你看我就有快手和抖音，起码我这两个我都有对。,True,partial,,,,uncertainty,高重叠语音，内容或说话人归属不确定,,,多人同时说话，按项目规则标为不确定
R8007_M8011,R8007_M8011_seg0135,1571.240,1587.660,N_SPK8067,全民应用。,True,partial,,,,uncertainty,高重叠语音，内容或说话人归属不确定,,,多人同时说话，按项目规则标为不确定
R8007_M8011,R8007_M8011_seg0135,1571.240,1587.660,N_SPK8066,谁手机里没有一两个不同类型的短视频的APP。,True,partial,,,,uncertainty,高重叠语音，内容或说话人归属不确定,,,多人同时说话，按项目规则标为不确定
R8007_M8011,R8007_M8011_seg0135,1571.240,1587.660,N_SPK8067,对，各个。,True,partial,,,,uncertainty,高重叠语音，内容或说话人归属不确定,,,多人同时说话，按项目规则标为不确定
R8007_M8011,R8007_M8011_seg0135,1571.240,1587.660,N_SPK8069,嗯嗯。,True,partial,,,,uncertainty,高重叠语音，内容或说话人归属不确定,,,多人同时说话，按项目规则标为不确定
R8007_M8011,R8007_M8011_seg0135,1571.240,1587.660,N_SPK8069,对对对。,True,partial,,,,uncertainty,高重叠语音，内容或说话人归属不确定,,,多人同时说话，按项目规则标为不确定
R8007_M8011,R8007_M8011_seg0135,1571.240,1587.660,N_SPK8067,是的是的。,True,partial,,,,uncertainty,高重叠语音，内容或说话人归属不确定,,,多人同时说话，按项目规则标为不确定
R8007_M8011,R8007_M8011_seg0135,1571.240,1587.660,N_SPK8069,得至少两个。,True,partial,,,,uncertainty,高重叠语音，内容或说话人归属不确定,,,多人同时说话，按项目规则标为不确定
R8007_M8011,R8007_M8011_seg0135,1571.240,1587.660,N_SPK8066,对快手。,True,partial,,,,uncertainty,高重叠语音，内容或说话人归属不确定,,,多人同时说话，按项目规则标为不确定
R8007_M8011,R8007_M8011_seg0135,1571.240,1587.660,N_SPK8067,还有的，有的短视频可以分享赚钱。,True,partial,,,,uncertainty,高重叠语音，内容或说话人归属不确定,,,多人同时说话，按项目规则标为不确定
R8007_M8011,R8007_M8011_seg0136,1588.140,1592.310,N_SPK8068,哦对，火，是吗？火山小视频是吗？,True,full,,,,uncertainty,高重叠语音，内容或说话人归属不确定,,,多人同时说话，按项目规则标为不确定
R8007_M8011,R8007_M8011_seg0136,1588.140,1592.310,N_SPK8066,对像现在就是比较多的这种。,True,full,,,,uncertainty,高重叠语音，内容或说话人归属不确定,,,多人同时说话，按项目规则标为不确定
R8007_M8011,R8007_M8011_seg0136,1588.140,1592.310,N_SPK8069,哦对对对，有对。,True,full,,,,uncertainty,高重叠语音，内容或说话人归属不确定,,,多人同时说话，按项目规则标为不确定
R8007_M8011,R8007_M8011_seg0136,1588.140,1592.310,N_SPK8067,有，领红包。,True,full,,,,uncertainty,高重叠语音，内容或说话人归属不确定,,,多人同时说话，按项目规则标为不确定
R8007_M8011,R8007_M8011_seg0136,1588.140,1592.310,N_SPK8066,你。,True,full,,,,uncertainty,高重叠语音，内容或说话人归属不确定,,,多人同时说话，按项目规则标为不确定
R8007_M8011,R8007_M8011_seg0136,1588.140,1592.310,N_SPK8066,你走。,True,full,,,,uncertainty,高重叠语音，内容或说话人归属不确定,,,多人同时说话，按项目规则标为不确定
R8007_M8011,R8007_M8011_seg0136,1588.140,1592.310,N_SPK8067,对。,True,full,,,,uncertainty,高重叠语音，内容或说话人归属不确定,,,多人同时说话，按项目规则标为不确定
R8007_M8011,R8007_M8011_seg0137,1592.310,1609.800,N_SPK8066,西瓜视频，火山小视频，刷宝，快手极速版什么抖音极速版像这种。,True,full,,,,uncertainty,高重叠语音，内容或说话人归属不确定,,,多人同时说话，按项目规则标为不确定
R8007_M8011,R8007_M8011_seg0137,1592.310,1609.800,N_SPK8069,西瓜，快手都有。,True,full,,,,uncertainty,高重叠语音，内容或说话人归属不确定,,,多人同时说话，按项目规则标为不确定
R8007_M8011,R8007_M8011_seg0137,1592.310,1609.800,N_SPK8067,是。,True,full,,,,uncertainty,高重叠语音，内容或说话人归属不确定,,,多人同时说话，按项目规则标为不确定
R8007_M8011,R8007_M8011_seg0137,1592.310,1609.800,N_SPK8068,那。,True,full,,,,uncertainty,高重叠语音，内容或说话人归属不确定,,,多人同时说话，按项目规则标为不确定
R8007_M8011,R8007_M8011_seg0137,1592.310,1609.800,N_SPK8069,赚赚钱的，它对对极速版的。,True,full,,,,uncertainty,高重叠语音，内容或说话人归属不确定,,,多人同时说话，按项目规则标为不确定
R8007_M8011,R8007_M8011_seg0137,1592.310,1609.800,N_SPK8068,哎呀，太多了，就是你平常玩小游戏的时候，他们就会给你推荐出来，就比如什么快手急速版呀火山小视频呀什么的。,True,full,,,,uncertainty,高重叠语音，内容或说话人归属不确定,,,多人同时说话，按项目规则标为不确定
R8007_M8011,R8007_M8011_seg0137,1592.310,1609.800,N_SPK8067,对。,True,full,,,,uncertainty,高重叠语音，内容或说话人归属不确定,,,多人同时说话，按项目规则标为不确定
R8007_M8011,R8007_M8011_seg0137,1592.310,1609.800,N_SPK8066,对下载之后，我刷多长时间的那个视频可以返给你多少钱，嗯。,True,full,,,,uncertainty,高重叠语音，内容或说话人归属不确定,,,多人同时说话，按项目规则标为不确定
R8007_M8011,R8007_M8011_seg0137,1592.310,1609.800,N_SPK8067,是的，对。,True,full,,,,uncertainty,高重叠语音，内容或说话人归属不确定,,,多人同时说话，按项目规则标为不确定
R8007_M8011,R8007_M8011_seg0137,1592.310,1609.800,N_SPK8069,视频。,True,full,,,,uncertainty,高重叠语音，内容或说话人归属不确定,,,多人同时说话，按项目规则标为不确定
R8007_M8011,R8007_M8011_seg0137,1592.310,1609.800,N_SPK8068,对。,True,full,,,,uncertainty,高重叠语音，内容或说话人归属不确定,,,多人同时说话，按项目规则标为不确定
R8007_M8011,R8007_M8011_seg0137,1592.310,1609.800,N_SPK8069,虽然只有几分几毛钱。,True,full,,,,uncertainty,高重叠语音，内容或说话人归属不确定,,,多人同时说话，按项目规则标为不确定
R8007_M8011,R8007_M8011_seg0138,1610.270,1612.760,N_SPK8068,但，哎你得攒到哪辈子去。,True,full,,,,uncertainty,高重叠语音，内容或说话人归属不确定,,,多人同时说话，按项目规则标为不确定
R8007_M8011,R8007_M8011_seg0138,1610.270,1612.760,N_SPK8067,还。,True,full,,,,uncertainty,高重叠语音，内容或说话人归属不确定,,,多人同时说话，按项目规则标为不确定
R8007_M8011,R8007_M8011_seg0138,1610.270,1612.760,N_SPK8069,但是也是一个乐子。,True,full,,,,uncertainty,高重叠语音，内容或说话人归属不确定,,,多人同时说话，按项目规则标为不确定
R8007_M8011,R8007_M8011_seg0138,1610.270,1612.760,N_SPK8067,你。,True,full,,,,uncertainty,高重叠语音，内容或说话人归属不确定,,,多人同时说话，按项目规则标为不确定
R8007_M8011,R8007_M8011_seg0139,1613.300,1623.970,N_SPK8067,还有的是那种，这是个短视频APP，有的是，有的那个主播可以分享比较短时长的视频，当他达到一定的粉丝量以后，就可以分享时长比较长的视频。,False,none,,,,speaker_stance,认为还有的是那种，这是个短视频APP，有的是，有的主播可以分享比较短时长的视频，当他达到一定...,,,
R8007_M8011,R8007_M8011_seg0140,1623.970,1649.920,N_SPK8067,还有的平台是可以上传比较长的视频，比如西瓜视频，那个上面就会那个上传十分钟左右的视频，都是可以的。,True,partial,,,,uncertainty,高重叠语音，内容或说话人归属不确定,,,多人同时说话，按项目规则标为不确定
R8007_M8011,R8007_M8011_seg0140,1623.970,1649.920,N_SPK8068,五分钟的。,True,partial,,,,uncertainty,高重叠语音，内容或说话人归属不确定,,,多人同时说话，按项目规则标为不确定
R8007_M8011,R8007_M8011_seg0140,1623.970,1649.920,N_SPK8066,嗯。,True,partial,,,,uncertainty,高重叠语音，内容或说话人归属不确定,,,多人同时说话，按项目规则标为不确定
R8007_M8011,R8007_M8011_seg0140,1623.970,1649.920,N_SPK8068,哦对。,True,partial,,,,uncertainty,高重叠语音，内容或说话人归属不确定,,,多人同时说话，按项目规则标为不确定
R8007_M8011,R8007_M8011_seg0140,1623.970,1649.920,N_SPK8069,哦。,True,partial,,,,uncertainty,高重叠语音，内容或说话人归属不确定,,,多人同时说话，按项目规则标为不确定
R8007_M8011,R8007_M8011_seg0140,1623.970,1649.920,N_SPK8066,就是对于视频的这个时间的限定是每个平台每个APP是不一样的是吗。,True,partial,,,,uncertainty,高重叠语音，内容或说话人归属不确定,,,多人同时说话，按项目规则标为不确定
R8007_M8011,R8007_M8011_seg0140,1623.970,1649.920,N_SPK8068,那个比较长。,True,partial,,,,uncertainty,高重叠语音，内容或说话人归属不确定,,,多人同时说话，按项目规则标为不确定
R8007_M8011,R8007_M8011_seg0140,1623.970,1649.920,N_SPK8068,不一样的。,True,partial,,,,uncertainty,高重叠语音，内容或说话人归属不确定,,,多人同时说话，按项目规则标为不确定
R8007_M8011,R8007_M8011_seg0140,1623.970,1649.920,N_SPK8069,哦。,True,partial,,,,uncertainty,高重叠语音，内容或说话人归属不确定,,,多人同时说话，按项目规则标为不确定
R8007_M8011,R8007_M8011_seg0140,1623.970,1649.920,N_SPK8067,对，因为，像抖音的话，它传不了时长比较长的，可能，它。,True,partial,,,,uncertainty,高重叠语音，内容或说话人归属不确定,,,多人同时说话，按项目规则标为不确定
R8007_M8011,R8007_M8011_seg0140,1623.970,1649.920,N_SPK8068,嗯。,True,partial,,,,uncertainty,高重叠语音，内容或说话人归属不确定,,,多人同时说话，按项目规则标为不确定
R8007_M8011,R8007_M8011_seg0140,1623.970,1649.920,N_SPK8068,快手最多的话也就五分多钟。,True,partial,,,,uncertainty,高重叠语音，内容或说话人归属不确定,,,多人同时说话，按项目规则标为不确定
R8007_M8011,R8007_M8011_seg0140,1623.970,1649.920,N_SPK8066,因为抖音的。,True,partial,,,,uncertainty,高重叠语音，内容或说话人归属不确定,,,多人同时说话，按项目规则标为不确定
R8007_M8011,R8007_M8011_seg0140,1623.970,1649.920,N_SPK8067,它是主打短视频嘛，嗯。,True,partial,,,,uncertainty,高重叠语音，内容或说话人归属不确定,,,多人同时说话，按项目规则标为不确定
R8007_M8011,R8007_M8011_seg0140,1623.970,1649.920,N_SPK8066,对抖音最开始的利益就是短视频对。,True,partial,,,,uncertainty,高重叠语音，内容或说话人归属不确定,,,多人同时说话，按项目规则标为不确定
R8007_M8011,R8007_M8011_seg0140,1623.970,1649.920,N_SPK8069,我觉得只有几十秒的呀。,True,partial,,,,uncertainty,高重叠语音，内容或说话人归属不确定,,,多人同时说话，按项目规则标为不确定
R8007_M8011,R8007_M8011_seg0140,1623.970,1649.920,N_SPK8068,对。,True,partial,,,,uncertainty,高重叠语音，内容或说话人归属不确定,,,多人同时说话，按项目规则标为不确定
R8007_M8011,R8007_M8011_seg0140,1623.970,1649.920,N_SPK8067,对，所以它是这个是，它平台的特色。,True,partial,,,,uncertainty,高重叠语音，内容或说话人归属不确定,,,多人同时说话，按项目规则标为不确定
R8007_M8011,R8007_M8011_seg0140,1623.970,1649.920,N_SPK8068,对。,True,partial,,,,uncertainty,高重叠语音，内容或说话人归属不确定,,,多人同时说话，按项目规则标为不确定
R8007_M8011,R8007_M8011_seg0141,1650.350,1664.870,N_SPK8066,是的因为短视频的话，其实用户没有很长时间，我做那么长时间去停留看这一个视频，现在大家生活节奏这么快我，就是我看到。,True,partial,,,,uncertainty,高重叠语音，内容或说话人归属不确定,,,多人同时说话，按项目规则标为不确定
R8007_M8011,R8007_M8011_seg0141,1650.350,1664.870,N_SPK8068,嗯。,True,partial,,,,uncertainty,高重叠语音，内容或说话人归属不确定,,,多人同时说话，按项目规则标为不确定
R8007_M8011,R8007_M8011_seg0141,1650.350,1664.870,N_SPK8069,嗯嗯。,True,partial,,,,uncertainty,高重叠语音，内容或说话人归属不确定,,,多人同时说话，按项目规则标为不确定
R8007_M8011,R8007_M8011_seg0141,1650.350,1664.870,N_SPK8067,嗯。,True,partial,,,,uncertainty,高重叠语音，内容或说话人归属不确定,,,多人同时说话，按项目规则标为不确定
R8007_M8011,R8007_M8011_seg0141,1650.350,1664.870,N_SPK8067,是的是的是的。,True,partial,,,,uncertainty,高重叠语音，内容或说话人归属不确定,,,多人同时说话，按项目规则标为不确定
R8007_M8011,R8007_M8011_seg0141,1650.350,1664.870,N_SPK8069,对，一个课间才十分钟。,True,partial,,,,uncertainty,高重叠语音，内容或说话人归属不确定,,,多人同时说话，按项目规则标为不确定
R8007_M8011,R8007_M8011_seg0141,1650.350,1664.870,N_SPK8066,对我看到了我想看的东西几十秒，我看完了之后我就。,True,partial,,,,uncertainty,高重叠语音，内容或说话人归属不确定,,,多人同时说话，按项目规则标为不确定
R8007_M8011,R8007_M8011_seg0142,1665.440,1666.620,N_SPK8069,还能多看几个呢。,True,partial,,,,uncertainty,高重叠语音，内容或说话人归属不确定,,,多人同时说话，按项目规则标为不确定
R8007_M8011,R8007_M8011_seg0142,1665.440,1666.620,N_SPK8066,过来。,True,partial,,,,uncertainty,高重叠语音，内容或说话人归属不确定,,,多人同时说话，按项目规则标为不确定
R8007_M8011,R8007_M8011_seg0143,1666.950,1680.820,N_SPK8066,对还能多看一些。,True,partial,,,,uncertainty,高重叠语音，内容或说话人归属不确定,,,多人同时说话，按项目规则标为不确定
R8007_M8011,R8007_M8011_seg0143,1666.950,1680.820,N_SPK8068,哎，对这个倒是啊，就是你像看这个短视频的时候，你想现在谁那么多时间你你，有的时候儿你去个厕所拿手机，可能就说是就看一两个，然后就就完事儿了，然后你像那个。,True,partial,,,,uncertainty,高重叠语音，内容或说话人归属不确定,,,多人同时说话，按项目规则标为不确定
R8007_M8011,R8007_M8011_seg0143,1666.950,1680.820,N_SPK8067,是。,True,partial,,,,uncertainty,高重叠语音，内容或说话人归属不确定,,,多人同时说话，按项目规则标为不确定
R8007_M8011,R8007_M8011_seg0143,1666.950,1680.820,N_SPK8069,对呀。,True,partial,,,,uncertainty,高重叠语音，内容或说话人归属不确定,,,多人同时说话，按项目规则标为不确定
R8007_M8011,R8007_M8011_seg0143,1666.950,1680.820,N_SPK8066,对。,True,partial,,,,uncertainty,高重叠语音，内容或说话人归属不确定,,,多人同时说话，按项目规则标为不确定
R8007_M8011,R8007_M8011_seg0143,1666.950,1680.820,N_SPK8067,各个。,True,partial,,,,uncertainty,高重叠语音，内容或说话人归属不确定,,,多人同时说话，按项目规则标为不确定
R8007_M8011,R8007_M8011_seg0143,1666.950,1680.820,N_SPK8066,是的。,True,partial,,,,uncertainty,高重叠语音，内容或说话人归属不确定,,,多人同时说话，按项目规则标为不确定
R8007_M8011,R8007_M8011_seg0144,1680.820,1701.510,N_SPK8068,除非你休息的时间比较长的那种，你像午休的时候，你可能就是会看那些带情景的那种，就比如说你会连着看，把这一个片，对，把这个片段看完，跟刷电视剧似的。,True,partial,,,,uncertainty,高重叠语音，内容或说话人归属不确定,,,多人同时说话，按项目规则标为不确定
R8007_M8011,R8007_M8011_seg0144,1680.820,1701.510,N_SPK8069,呃，时间长一点儿的时候。,True,partial,,,,uncertainty,高重叠语音，内容或说话人归属不确定,,,多人同时说话，按项目规则标为不确定
R8007_M8011,R8007_M8011_seg0144,1680.820,1701.510,N_SPK8066,是。,True,partial,,,,uncertainty,高重叠语音，内容或说话人归属不确定,,,多人同时说话，按项目规则标为不确定
R8007_M8011,R8007_M8011_seg0144,1680.820,1701.510,N_SPK8066,对时间长的话，可能会稍微看一点点这种，对跟连续剧的似的我刷一下看完了我就完了，也不会说是就是无脑类型吧，休闲无脑就是解压的一个啊。,True,partial,,,,uncertainty,高重叠语音，内容或说话人归属不确定,,,多人同时说话，按项目规则标为不确定
R8007_M8011,R8007_M8011_seg0144,1680.820,1701.510,N_SPK8069,嗯。,True,partial,,,,uncertainty,高重叠语音，内容或说话人归属不确定,,,多人同时说话，按项目规则标为不确定
R8007_M8011,R8007_M8011_seg0144,1680.820,1701.510,N_SPK8069,嗯。,True,partial,,,,uncertainty,高重叠语音，内容或说话人归属不确定,,,多人同时说话，按项目规则标为不确定
R8007_M8011,R8007_M8011_seg0144,1680.820,1701.510,N_SPK8069,嗯嗯嗯。,True,partial,,,,uncertainty,高重叠语音，内容或说话人归属不确定,,,多人同时说话，按项目规则标为不确定
R8007_M8011,R8007_M8011_seg0144,1680.820,1701.510,N_SPK8068,啊。,True,partial,,,,uncertainty,高重叠语音，内容或说话人归属不确定,,,多人同时说话，按项目规则标为不确定
R8007_M8011,R8007_M8011_seg0145,1701.660,1719.980,N_SPK8068,对平常是就看这类的比较多，就是中午的时候看他这个，呃，剧情类的比较多，因为你中午的话，最多也就是一个多小时啊。,True,partial,,,,uncertainty,高重叠语音，内容或说话人归属不确定,,,多人同时说话，按项目规则标为不确定
R8007_M8011,R8007_M8011_seg0145,1701.660,1719.980,N_SPK8067,它，它每个视频平台有每个视频平台的特色，我们要想看短视频就在这个APP上看，如果我们想看稍微长一点的，就去另外一个上面看。,True,partial,,,,uncertainty,高重叠语音，内容或说话人归属不确定,,,多人同时说话，按项目规则标为不确定
R8007_M8011,R8007_M8011_seg0145,1701.660,1719.980,N_SPK8066,是。,True,partial,,,,uncertainty,高重叠语音，内容或说话人归属不确定,,,多人同时说话，按项目规则标为不确定
R8007_M8011,R8007_M8011_seg0145,1701.660,1719.980,N_SPK8069,哦对。,True,partial,,,,uncertainty,高重叠语音，内容或说话人归属不确定,,,多人同时说话，按项目规则标为不确定
R8007_M8011,R8007_M8011_seg0145,1701.660,1719.980,N_SPK8066,对。,True,partial,,,,uncertainty,高重叠语音，内容或说话人归属不确定,,,多人同时说话，按项目规则标为不确定
R8007_M8011,R8007_M8011_seg0146,1720.210,1729.990,N_SPK8066,这就是说到了每个短视，每一个A短视频的APP他针对的用户以及他的点是不一样。,True,partial,,,,uncertainty,高重叠语音，内容或说话人归属不确定,,,多人同时说话，按项目规则标为不确定
R8007_M8011,R8007_M8011_seg0146,1720.210,1729.990,N_SPK8068,所以每个人手机里有好几个。,True,partial,,,,uncertainty,高重叠语音，内容或说话人归属不确定,,,多人同时说话，按项目规则标为不确定
R8007_M8011,R8007_M8011_seg0146,1720.210,1729.990,N_SPK8067,是的，对。,True,partial,,,,uncertainty,高重叠语音，内容或说话人归属不确定,,,多人同时说话，按项目规则标为不确定
R8007_M8011,R8007_M8011_seg0146,1720.210,1729.990,N_SPK8069,或者是你可以根据时长，进行分期也行。,True,partial,,,,uncertainty,高重叠语音，内容或说话人归属不确定,,,多人同时说话，按项目规则标为不确定
R8007_M8011,R8007_M8011_seg0146,1720.210,1729.990,N_SPK8067,它们都有自己的优势。,True,partial,,,,uncertainty,高重叠语音，内容或说话人归属不确定,,,多人同时说话，按项目规则标为不确定
R8007_M8011,R8007_M8011_seg0147,1730.440,1739.390,N_SPK8066,对像抖音，他主要是针对于这种一二线城市的，呃白领啊之类的就是我比我碎片化时间比较多，我看完了之后我是解压的。,True,partial,,,,uncertainty,高重叠语音，内容或说话人归属不确定,,,多人同时说话，按项目规则标为不确定
R8007_M8011,R8007_M8011_seg0147,1730.440,1739.390,N_SPK8068,对。,True,partial,,,,uncertainty,高重叠语音，内容或说话人归属不确定,,,多人同时说话，按项目规则标为不确定
R8007_M8011,R8007_M8011_seg0148,1739.880,1756.270,N_SPK8066,像那个呃快手，我主要是二三线城市这种对线下的会比较多一些吧。,True,partial,,,,uncertainty,高重叠语音，内容或说话人归属不确定,,,多人同时说话，按项目规则标为不确定
R8007_M8011,R8007_M8011_seg0148,1739.880,1756.270,N_SPK8069,嗯，对对对。,True,partial,,,,uncertainty,高重叠语音，内容或说话人归属不确定,,,多人同时说话，按项目规则标为不确定
R8007_M8011,R8007_M8011_seg0148,1739.880,1756.270,N_SPK8068,不是不是啊，跟这没关系嘛，你看像抖音的话，我们一般关注的会也是他们像那个，什么李佳琪他们带货的这些还有呢？就是我们平常玩的游戏，是什么那个王者啊什么的时候。,True,partial,,,,uncertainty,高重叠语音，内容或说话人归属不确定,,,多人同时说话，按项目规则标为不确定
R8007_M8011,R8007_M8011_seg0149,1756.270,1770.490,N_SPK8068,他们就跟也是跟情景剧似的，就比如说他跟他师傅啊，或者怎么着的之类的，但是快手的话，他就是会有一些长的那些视频，五分多钟的呀，你就连续着刷着看嘛，不就是我感觉跟城市没有关系。,True,partial,,,,uncertainty,高重叠语音，内容或说话人归属不确定,,,多人同时说话，按项目规则标为不确定
R8007_M8011,R8007_M8011_seg0149,1756.270,1770.490,N_SPK8066,对。,True,partial,,,,uncertainty,高重叠语音，内容或说话人归属不确定,,,多人同时说话，按项目规则标为不确定
R8007_M8011,R8007_M8011_seg0149,1756.270,1770.490,N_SPK8069,呃，游戏视频。,True,partial,,,,uncertainty,高重叠语音，内容或说话人归属不确定,,,多人同时说话，按项目规则标为不确定
R8007_M8011,R8007_M8011_seg0149,1756.270,1770.490,N_SPK8066,对也是也是会有的。,True,partial,,,,uncertainty,高重叠语音，内容或说话人归属不确定,,,多人同时说话，按项目规则标为不确定
R8007_M8011,R8007_M8011_seg0149,1756.270,1770.490,N_SPK8066,对他会做的时间比较长啊。,True,partial,,,,uncertainty,高重叠语音，内容或说话人归属不确定,,,多人同时说话，按项目规则标为不确定
R8007_M8011,R8007_M8011_seg0149,1756.270,1770.490,N_SPK8069,啊对对对。,True,partial,,,,uncertainty,高重叠语音，内容或说话人归属不确定,,,多人同时说话，按项目规则标为不确定
R8007_M8011,R8007_M8011_seg0150,1771.270,1788.150,N_SPK8068,就是看你自己的需求你知道吗？,True,partial,,,,uncertainty,高重叠语音，内容或说话人归属不确定,,,多人同时说话，按项目规则标为不确定
R8007_M8011,R8007_M8011_seg0150,1771.270,1788.150,N_SPK8067,嗯。,True,partial,,,,uncertainty,高重叠语音，内容或说话人归属不确定,,,多人同时说话，按项目规则标为不确定
R8007_M8011,R8007_M8011_seg0150,1771.270,1788.150,N_SPK8069,可，可能现在都已经全民化了。,True,partial,,,,uncertainty,高重叠语音，内容或说话人归属不确定,,,多人同时说话，按项目规则标为不确定
R8007_M8011,R8007_M8011_seg0150,1771.270,1788.150,N_SPK8067,现。,True,partial,,,,uncertainty,高重叠语音，内容或说话人归属不确定,,,多人同时说话，按项目规则标为不确定
R8007_M8011,R8007_M8011_seg0150,1771.270,1788.150,N_SPK8066,对现在主要是做到了一个全民性的一个普及吧，应该是啊。,True,partial,,,,uncertainty,高重叠语音，内容或说话人归属不确定,,,多人同时说话，按项目规则标为不确定
R8007_M8011,R8007_M8011_seg0150,1771.270,1788.150,N_SPK8069,嗯，就已经不分城市大小。,True,partial,,,,uncertainty,高重叠语音，内容或说话人归属不确定,,,多人同时说话，按项目规则标为不确定
R8007_M8011,R8007_M8011_seg0150,1771.270,1788.150,N_SPK8067,它。,True,partial,,,,uncertainty,高重叠语音，内容或说话人归属不确定,,,多人同时说话，按项目规则标为不确定
R8007_M8011,R8007_M8011_seg0150,1771.270,1788.150,N_SPK8068,对。,True,partial,,,,uncertainty,高重叠语音，内容或说话人归属不确定,,,多人同时说话，按项目规则标为不确定
R8007_M8011,R8007_M8011_seg0150,1771.270,1788.150,N_SPK8067,它它那个短视频APP都是有定位功能的，根据你在哪个城市，他会给你推一些相关的东西，就是相。,True,partial,,,,uncertainty,高重叠语音，内容或说话人归属不确定,,,多人同时说话，按项目规则标为不确定
R8007_M8011,R8007_M8011_seg0150,1771.270,1788.150,N_SPK8066,是。,True,partial,,,,uncertainty,高重叠语音，内容或说话人归属不确定,,,多人同时说话，按项目规则标为不确定
R8007_M8011,R8007_M8011_seg0150,1771.270,1788.150,N_SPK8069,呃，自己城市里的那个视频。,True,partial,,,,uncertainty,高重叠语音，内容或说话人归属不确定,,,多人同时说话，按项目规则标为不确定
R8007_M8011,R8007_M8011_seg0151,1788.190,1799.990,N_SPK8067,对，就是比方说在二线城市，它可能给你推荐一些比较，比较适合二线城市看的视频，对吧，因为他有定位的功能，我觉得这一点是比较好的，对。,True,partial,,,,uncertainty,高重叠语音，内容或说话人归属不确定,,,多人同时说话，按项目规则标为不确定
R8007_M8011,R8007_M8011_seg0151,1788.190,1799.990,N_SPK8066,是的，唉对也是会推的比较多一些。,True,partial,,,,uncertainty,高重叠语音，内容或说话人归属不确定,,,多人同时说话，按项目规则标为不确定
R8007_M8011,R8007_M8011_seg0151,1788.190,1799.990,N_SPK8069,呃，周围周围的。,True,partial,,,,uncertainty,高重叠语音，内容或说话人归属不确定,,,多人同时说话，按项目规则标为不确定
R8007_M8011,R8007_M8011_seg0151,1788.190,1799.990,N_SPK8068,嗯。,True,partial,,,,uncertainty,高重叠语音，内容或说话人归属不确定,,,多人同时说话，按项目规则标为不确定
R8007_M8011,R8007_M8011_seg0151,1788.190,1799.990,N_SPK8068,看你在哪了？,True,partial,,,,uncertainty,高重叠语音，内容或说话人归属不确定,,,多人同时说话，按项目规则标为不确定
R8007_M8011,R8007_M8011_seg0151,1788.190,1799.990,N_SPK8069,哦或者或者在农村的就。,True,partial,,,,uncertainty,高重叠语音，内容或说话人归属不确定,,,多人同时说话，按项目规则标为不确定
R8007_M8011,R8007_M8011_seg0151,1788.190,1799.990,N_SPK8066,是。,True,partial,,,,uncertainty,高重叠语音，内容或说话人归属不确定,,,多人同时说话，按项目规则标为不确定
R8007_M8011,R8007_M8011_seg0152,1800.890,1808.100,N_SPK8068,嗯，没关系吧，你看像现在我们这个年轻的大部分都出来上班儿，呃，一线城市二线城市的比较多嘛。,True,partial,,,,uncertainty,高重叠语音，内容或说话人归属不确定,,,多人同时说话，按项目规则标为不确定
R8007_M8011,R8007_M8011_seg0152,1800.890,1808.100,N_SPK8069,推一些那些。,True,partial,,,,uncertainty,高重叠语音，内容或说话人归属不确定,,,多人同时说话，按项目规则标为不确定
R8007_M8011,R8007_M8011_seg0153,1808.530,1822.410,N_SPK8066,对是的，呃咱们总结一下啊，首先呢就是短视频APP呢给我们提供了各种各样的需求点是不是，然后需求点里边其实针对不一样的需求点，也是反馈给了不一样的用户。,True,partial,,,,uncertainty,高重叠语音，内容或说话人归属不确定,,,多人同时说话，按项目规则标为不确定
R8007_M8011,R8007_M8011_seg0153,1808.530,1822.410,N_SPK8069,嗯。,True,partial,,,,uncertainty,高重叠语音，内容或说话人归属不确定,,,多人同时说话，按项目规则标为不确定
R8007_M8011,R8007_M8011_seg0153,1808.530,1822.410,N_SPK8068,嗯。,True,partial,,,,uncertainty,高重叠语音，内容或说话人归属不确定,,,多人同时说话，按项目规则标为不确定
R8007_M8011,R8007_M8011_seg0153,1808.530,1822.410,N_SPK8069,嗯嗯嗯。,True,partial,,,,uncertainty,高重叠语音，内容或说话人归属不确定,,,多人同时说话，按项目规则标为不确定
R8007_M8011,R8007_M8011_seg0153,1808.530,1822.410,N_SPK8067,是的。,True,partial,,,,uncertainty,高重叠语音，内容或说话人归属不确定,,,多人同时说话，按项目规则标为不确定
R8007_M8011,R8007_M8011_seg0153,1808.530,1822.410,N_SPK8068,嗯。,True,partial,,,,uncertainty,高重叠语音，内容或说话人归属不确定,,,多人同时说话，按项目规则标为不确定
R8007_M8011,R8007_M8011_seg0154,1822.580,1850.280,N_SPK8068,对。,True,partial,,,,uncertainty,高重叠语音，内容或说话人归属不确定,,,多人同时说话，按项目规则标为不确定
R8007_M8011,R8007_M8011_seg0154,1822.580,1850.280,N_SPK8069,哦，对。,True,partial,,,,uncertainty,高重叠语音，内容或说话人归属不确定,,,多人同时说话，按项目规则标为不确定
R8007_M8011,R8007_M8011_seg0154,1822.580,1850.280,N_SPK8067,对。,True,partial,,,,uncertainty,高重叠语音，内容或说话人归属不确定,,,多人同时说话，按项目规则标为不确定
R8007_M8011,R8007_M8011_seg0154,1822.580,1850.280,N_SPK8066,那我们也是希望短视频呢，尽快就是有很多的这种视频的乱象呢，我们希望加大一些后台的监管，然后以及希望他出一些比较创新性的一些设计，一些功能然后。,True,partial,,,,uncertainty,高重叠语音，内容或说话人归属不确定,,,多人同时说话，按项目规则标为不确定
R8007_M8011,R8007_M8011_seg0154,1822.580,1850.280,N_SPK8067,尽快的整改，嗯。,True,partial,,,,uncertainty,高重叠语音，内容或说话人归属不确定,,,多人同时说话，按项目规则标为不确定
R8007_M8011,R8007_M8011_seg0154,1822.580,1850.280,N_SPK8069,整改一下。,True,partial,,,,uncertainty,高重叠语音，内容或说话人归属不确定,,,多人同时说话，按项目规则标为不确定
R8007_M8011,R8007_M8011_seg0154,1822.580,1850.280,N_SPK8068,对。,True,partial,,,,uncertainty,高重叠语音，内容或说话人归属不确定,,,多人同时说话，按项目规则标为不确定
R8007_M8011,R8007_M8011_seg0154,1822.580,1850.280,N_SPK8068,嗯。,True,partial,,,,uncertainty,高重叠语音，内容或说话人归属不确定,,,多人同时说话，按项目规则标为不确定
R8007_M8011,R8007_M8011_seg0154,1822.580,1850.280,N_SPK8069,嗯嗯。,True,partial,,,,uncertainty,高重叠语音，内容或说话人归属不确定,,,多人同时说话，按项目规则标为不确定
R8007_M8011,R8007_M8011_seg0154,1822.580,1850.280,N_SPK8067,更好的服务我们，我们给它们更好的反馈。,True,partial,,,,uncertainty,高重叠语音，内容或说话人归属不确定,,,多人同时说话，按项目规则标为不确定
R8007_M8011,R8007_M8011_seg0154,1822.580,1850.280,N_SPK8066,对就是毕竟毕竟用户都是这全国人民，全国人民用起来会比较舒服了一些，这个普及度也会更高一些是吧。,True,partial,,,,uncertainty,高重叠语音，内容或说话人归属不确定,,,多人同时说话，按项目规则标为不确定
R8007_M8011,R8007_M8011_seg0154,1822.580,1850.280,N_SPK8068,对。,True,partial,,,,uncertainty,高重叠语音，内容或说话人归属不确定,,,多人同时说话，按项目规则标为不确定
R8007_M8011,R8007_M8011_seg0154,1822.580,1850.280,N_SPK8068,对。,True,partial,,,,uncertainty,高重叠语音，内容或说话人归属不确定,,,多人同时说话，按项目规则标为不确定
R8007_M8011,R8007_M8011_seg0154,1822.580,1850.280,N_SPK8069,嗯嗯。,True,partial,,,,uncertainty,高重叠语音，内容或说话人归属不确定,,,多人同时说话，按项目规则标为不确定
R8007_M8011,R8007_M8011_seg0154,1822.580,1850.280,N_SPK8068,对啊。,True,partial,,,,uncertainty,高重叠语音，内容或说话人归属不确定,,,多人同时说话，按项目规则标为不确定
R8007_M8011,R8007_M8011_seg0154,1822.580,1850.280,N_SPK8067,还可以给平台带来更多的利益。,True,partial,,,,uncertainty,高重叠语音，内容或说话人归属不确定,,,多人同时说话，按项目规则标为不确定
R8007_M8011,R8007_M8011_seg0154,1822.580,1850.280,N_SPK8069,收益。,True,partial,,,,uncertainty,高重叠语音，内容或说话人归属不确定,,,多人同时说话，按项目规则标为不确定
R8007_M8011,R8007_M8011_seg0155,1850.460,1850.880,N_SPK8066,对。,False,none,,,,speaker_stance,认为对,,,
R8007_M8011,R8007_M8011_seg0156,1851.210,1858.980,N_SPK8067,对，没错，大家一起进步。,True,full,,,,uncertainty,高重叠语音，内容或说话人归属不确定,,,多人同时说话，按项目规则标为不确定
R8007_M8011,R8007_M8011_seg0156,1851.210,1858.980,N_SPK8068,对，对因我们。,True,full,,,,uncertainty,高重叠语音，内容或说话人归属不确定,,,多人同时说话，按项目规则标为不确定
R8007_M8011,R8007_M8011_seg0156,1851.210,1858.980,N_SPK8066,对是的。,True,full,,,,uncertainty,高重叠语音，内容或说话人归属不确定,,,多人同时说话，按项目规则标为不确定
R8007_M8011,R8007_M8011_seg0156,1851.210,1858.980,N_SPK8069,都，嗯。,True,full,,,,uncertainty,高重叠语音，内容或说话人归属不确定,,,多人同时说话，按项目规则标为不确定
R8007_M8011,R8007_M8011_seg0156,1851.210,1858.980,N_SPK8066,行行好的那这次讨论就到到此为止，行谢谢大家。,True,full,,,,uncertainty,高重叠语音，内容或说话人归属不确定,,,多人同时说话，按项目规则标为不确定
R8007_M8011,R8007_M8011_seg0156,1851.210,1858.980,N_SPK8068,对，可以，嗯。,True,full,,,,uncertainty,高重叠语音，内容或说话人归属不确定,,,多人同时说话，按项目规则标为不确定
R8007_M8011,R8007_M8011_seg0156,1851.210,1858.980,N_SPK8069,嗯。,True,full,,,,uncertainty,高重叠语音，内容或说话人归属不确定,,,多人同时说话，按项目规则标为不确定
R8007_M8011,R8007_M8011_seg0156,1851.210,1858.980,N_SPK8067,谢谢。,True,full,,,,uncertainty,高重叠语音，内容或说话人归属不确定,,,多人同时说话，按项目规则标为不确定
R8007_M8011,R8007_M8011_seg0156,1851.210,1858.980,N_SPK8068,好的再见。,True,full,,,,uncertainty,高重叠语音，内容或说话人归属不确定,,,多人同时说话，按项目规则标为不确定
