meeting_id,segment_id,start_time,end_time,speaker,text,is_overlap,overlap_type,topic,decision,action_item,event_type,content,owner,deadline,uncertainty_note
R8003_M8001,R8003_M8001_seg0001,24.450,31.590,N_SPK8003,这不是快到了教师节了吗，那个看看都给孩子就是老师送点什么呀，给他们班主任嗯。,True,partial,高重叠不确定,,,uncertainty,高重叠语音，内容或说话人归属不确定,,,多人同时说话，按项目规则标为不确定
R8003_M8001,R8003_M8001_seg0001,24.450,31.590,N_SPK8004,嗯。,True,partial,高重叠不确定,,,uncertainty,高重叠语音，内容或说话人归属不确定,,,多人同时说话，按项目规则标为不确定
R8003_M8001,R8003_M8001_seg0002,32.120,32.470,N_SPK8004,嗯。,False,none,嗯。,,,speaker_stance,认为嗯,,,
R8003_M8001,R8003_M8001_seg0003,32.730,35.320,N_SPK8003,那个你们有什么好想法吗？,False,none,你们有什么好想法吗？,,,open_question,待确认你们有什么好想法吗？,,,
R8003_M8001,R8003_M8001_seg0004,36.750,39.670,N_SPK8004,我觉得这个来说呢，可能是。,False,none,来说呢，可能是,,,speaker_stance,认为来说呢，可能是,,,
R8003_M8001,R8003_M8001_seg0005,40.740,65.390,N_SPK8004,双份儿表示，家长去送一份儿，可能孩子可能自己画了个画儿，也给送给老师，我觉得这样是不是好一些？还是说家长代表了孩子，代表了家长单独送给老师。,True,partial,高重叠不确定,,,uncertainty,高重叠语音，内容或说话人归属不确定,,,多人同时说话，按项目规则标为不确定
R8003_M8001,R8003_M8001_seg0005,40.740,65.390,N_SPK8002,孩子。,True,partial,高重叠不确定,,,uncertainty,高重叠语音，内容或说话人归属不确定,,,多人同时说话，按项目规则标为不确定
R8003_M8001,R8003_M8001_seg0005,40.740,65.390,N_SPK8002,孩子。,True,partial,高重叠不确定,,,uncertainty,高重叠语音，内容或说话人归属不确定,,,多人同时说话，按项目规则标为不确定
R8003_M8001,R8003_M8001_seg0005,40.740,65.390,N_SPK8002,我觉得双，我觉得是双份儿，然后让自个儿的孩子做一个手工或者画个画儿，做一个手工创意这方面的，对。,True,partial,高重叠不确定,,,uncertainty,高重叠语音，内容或说话人归属不确定,,,多人同时说话，按项目规则标为不确定
R8003_M8001,R8003_M8001_seg0005,40.740,65.390,N_SPK8004,嗯。,True,partial,高重叠不确定,,,uncertainty,高重叠语音，内容或说话人归属不确定,,,多人同时说话，按项目规则标为不确定
R8003_M8001,R8003_M8001_seg0005,40.740,65.390,N_SPK8004,画了一个画儿，然后让家长买一个比较精美的框儿给裱起来。,True,partial,高重叠不确定,,,uncertainty,高重叠语音，内容或说话人归属不确定,,,多人同时说话，按项目规则标为不确定
R8003_M8001,R8003_M8001_seg0006,65.660,78.840,N_SPK8002,哦，可以，然后还可以像，如果要是家长送，比方说因为老师嘛，然后一天上课要讲很多话，比方说保温杯啊，或者是，提提神补脑的，比方说三只松鼠这种零食。,True,partial,高重叠不确定,,,uncertainty,高重叠语音，内容或说话人归属不确定,,,多人同时说话，按项目规则标为不确定
R8003_M8001,R8003_M8001_seg0006,65.660,78.840,N_SPK8004,嗯。,True,partial,高重叠不确定,,,uncertainty,高重叠语音，内容或说话人归属不确定,,,多人同时说话，按项目规则标为不确定
R8003_M8001,R8003_M8001_seg0007,79.210,87.750,N_SPK8002,我觉得可能都可以选择，然后还有像小型的按摩的这方面的，不用特别大就很小，就一百一百一一两百块钱。,True,partial,高重叠不确定,,,uncertainty,高重叠语音，内容或说话人归属不确定,,,多人同时说话，按项目规则标为不确定
R8003_M8001,R8003_M8001_seg0007,79.210,87.750,N_SPK8004,嗯。,True,partial,高重叠不确定,,,uncertainty,高重叠语音，内容或说话人归属不确定,,,多人同时说话，按项目规则标为不确定
R8003_M8001,R8003_M8001_seg0008,87.750,96.280,N_SPK8002,然后像这种礼物呢，我觉得可以由家长来去送，如果孩子有点太，太明显了，如果拿到学校就有点儿太明显了。,True,partial,高重叠不确定,,,uncertainty,高重叠语音，内容或说话人归属不确定,,,多人同时说话，按项目规则标为不确定
R8003_M8001,R8003_M8001_seg0008,87.750,96.280,N_SPK8004,嗯。,True,partial,高重叠不确定,,,uncertainty,高重叠语音，内容或说话人归属不确定,,,多人同时说话，按项目规则标为不确定
R8003_M8001,R8003_M8001_seg0009,96.750,125.890,N_SPK8001,这个孩子呀嗯小孩儿，分咱们这孩子大小那个太小的小孩儿就没必要送了，太小的你你上一二年级，他还不懂得那么多是吧，四五年级。,True,partial,高重叠不确定,,,uncertainty,高重叠语音，内容或说话人归属不确定,,,多人同时说话，按项目规则标为不确定
R8003_M8001,R8003_M8001_seg0009,96.750,125.890,N_SPK8004,嗯。,True,partial,高重叠不确定,,,uncertainty,高重叠语音，内容或说话人归属不确定,,,多人同时说话，按项目规则标为不确定
R8003_M8001,R8003_M8001_seg0009,96.750,125.890,N_SPK8004,嗯。,True,partial,高重叠不确定,,,uncertainty,高重叠语音，内容或说话人归属不确定,,,多人同时说话，按项目规则标为不确定
R8003_M8001,R8003_M8001_seg0009,96.750,125.890,N_SPK8002,我觉得像像像，我觉得上一二小级的那种的，那就由由由家长来代去送，做一贺卡这种的就可以，但也不能说我上一二年级，我不送了这。,True,partial,高重叠不确定,,,uncertainty,高重叠语音，内容或说话人归属不确定,,,多人同时说话，按项目规则标为不确定
R8003_M8001,R8003_M8001_seg0009,96.750,125.890,N_SPK8004,对。,True,partial,高重叠不确定,,,uncertainty,高重叠语音，内容或说话人归属不确定,,,多人同时说话，按项目规则标为不确定
R8003_M8001,R8003_M8001_seg0009,96.750,125.890,N_SPK8001,一二年级小孩儿他可以你叫给老给老师，那个画个那个画个画个画。,True,partial,高重叠不确定,,,uncertainty,高重叠语音，内容或说话人归属不确定,,,多人同时说话，按项目规则标为不确定
R8003_M8001,R8003_M8001_seg0009,96.750,125.890,N_SPK8004,嗯。,True,partial,高重叠不确定,,,uncertainty,高重叠语音，内容或说话人归属不确定,,,多人同时说话，按项目规则标为不确定
R8003_M8001,R8003_M8001_seg0009,96.750,125.890,N_SPK8002,对。,True,partial,高重叠不确定,,,uncertainty,高重叠语音，内容或说话人归属不确定,,,多人同时说话，按项目规则标为不确定
R8003_M8001,R8003_M8001_seg0010,127.590,149.160,N_SPK8001,给老师送过去，这是表示对老师的尊重是吧，嗯到你到大年级的学生呢肯定要给老师，因为嗯他要学习知识多了嘛，要老老师这一年也挺辛苦的了。,True,partial,高重叠不确定,,,uncertainty,高重叠语音，内容或说话人归属不确定,,,多人同时说话，按项目规则标为不确定
R8003_M8001,R8003_M8001_seg0010,127.590,149.160,N_SPK8004,这个肯定有一平衡点，你比如说一二年级的孩子他不懂表达，口齿不清，嗯思维肯定还没有。,True,partial,高重叠不确定,,,uncertainty,高重叠语音，内容或说话人归属不确定,,,多人同时说话，按项目规则标为不确定
R8003_M8001,R8003_M8001_seg0011,149.620,156.960,N_SPK8002,比，完善，完善，对，然后呢？,True,partial,高重叠不确定,,,uncertainty,高重叠语音，内容或说话人归属不确定,,,多人同时说话，按项目规则标为不确定
R8003_M8001,R8003_M8001_seg0011,149.620,156.960,N_SPK8004,逐渐的完善，那么肯定这个年级的孩子，他肯定家长代劳的会多一些。,True,partial,高重叠不确定,,,uncertainty,高重叠语音，内容或说话人归属不确定,,,多人同时说话，按项目规则标为不确定
R8003_M8001,R8003_M8001_seg0011,149.620,156.960,N_SPK8002,那就。,True,partial,高重叠不确定,,,uncertainty,高重叠语音，内容或说话人归属不确定,,,多人同时说话，按项目规则标为不确定
R8003_M8001,R8003_M8001_seg0012,157.750,162.370,N_SPK8004,那至于四五六的，快小升初的那个年级要拔高儿的那个年级。,True,partial,高重叠不确定,,,uncertainty,高重叠语音，内容或说话人归属不确定,,,多人同时说话，按项目规则标为不确定
R8003_M8001,R8003_M8001_seg0012,157.750,162.370,N_SPK8003,嗯。,True,partial,高重叠不确定,,,uncertainty,高重叠语音，内容或说话人归属不确定,,,多人同时说话，按项目规则标为不确定
R8003_M8001,R8003_M8001_seg0013,162.370,175.380,N_SPK8004,他们的表达能力要相对于一二三年级要强很多，那么这个阶段让孩子去，多一些家长少一些，达到这种天平互补，平衡的这种效果。,False,none,他们的表达能力要相对于一二三年级要强...,,,speaker_stance,认为他们的表达能力要相对于一二三年级要强很多，那么阶段让孩子去，多一些家长少一些，达到这种天...,,,
R8003_M8001,R8003_M8001_seg0014,175.740,188.350,N_SPK8002,我觉得家长也可以就是问问孩子，你打算要要送老师什么，也可以参考一下，就是从孩子，从孩子的眼里出发，我想送老师什么礼物。,False,none,家长也可以就是问问孩子，你打算要要送...,,,speaker_stance,认为家长也可以就是问问孩子，你打算要要送老师什么，也可以参考，就是从孩子，从孩子的眼里出发...,,,
R8003_M8001,R8003_M8001_seg0015,188.810,220.740,N_SPK8001,这个四五年级的孩子呀他也知道大一点儿了，他也知道天天跟老师一块儿，他也一般的知道老师喜好什么，有什么爱好，啊有什么那个。,True,partial,高重叠不确定,,,uncertainty,高重叠语音，内容或说话人归属不确定,,,多人同时说话，按项目规则标为不确定
R8003_M8001,R8003_M8001_seg0015,188.810,220.740,N_SPK8004,嗯。,True,partial,高重叠不确定,,,uncertainty,高重叠语音，内容或说话人归属不确定,,,多人同时说话，按项目规则标为不确定
R8003_M8001,R8003_M8001_seg0015,188.810,220.740,N_SPK8002,嗯。,True,partial,高重叠不确定,,,uncertainty,高重叠语音，内容或说话人归属不确定,,,多人同时说话，按项目规则标为不确定
R8003_M8001,R8003_M8001_seg0015,188.810,220.740,N_SPK8002,对。,True,partial,高重叠不确定,,,uncertainty,高重叠语音，内容或说话人归属不确定,,,多人同时说话，按项目规则标为不确定
R8003_M8001,R8003_M8001_seg0015,188.810,220.740,N_SPK8004,嗯，有什么需求？,True,partial,高重叠不确定,,,uncertainty,高重叠语音，内容或说话人归属不确定,,,多人同时说话，按项目规则标为不确定
R8003_M8001,R8003_M8001_seg0015,188.810,220.740,N_SPK8002,有什么需求，不能说，不能说家长一味的去做主说我想送什么什么，这种的我觉得也，也要考虑一下孩子，征求，征求一下孩子的意见，嗯。,True,partial,高重叠不确定,,,uncertainty,高重叠语音，内容或说话人归属不确定,,,多人同时说话，按项目规则标为不确定
R8003_M8001,R8003_M8001_seg0015,188.810,220.740,N_SPK8004,嗯。,True,partial,高重叠不确定,,,uncertainty,高重叠语音，内容或说话人归属不确定,,,多人同时说话，按项目规则标为不确定
R8003_M8001,R8003_M8001_seg0015,188.810,220.740,N_SPK8001,对，咱们也得征求孩子的意见老师家长必须要征求孩子意见。,True,partial,高重叠不确定,,,uncertainty,高重叠语音，内容或说话人归属不确定,,,多人同时说话，按项目规则标为不确定
R8003_M8001,R8003_M8001_seg0015,188.810,220.740,N_SPK8004,嗯，对。,True,partial,高重叠不确定,,,uncertainty,高重叠语音，内容或说话人归属不确定,,,多人同时说话，按项目规则标为不确定
R8003_M8001,R8003_M8001_seg0015,188.810,220.740,N_SPK8004,对，这个征求孩子意见，然后做一个平衡，啊，你比如说送个奖奖品啊，比如说这老师天天批改作业，送给一个这个这个这个那叫。,True,partial,高重叠不确定,,,uncertainty,高重叠语音，内容或说话人归属不确定,,,多人同时说话，按项目规则标为不确定
R8003_M8001,R8003_M8001_seg0015,188.810,220.740,N_SPK8001,嗯。,True,partial,高重叠不确定,,,uncertainty,高重叠语音，内容或说话人归属不确定,,,多人同时说话，按项目规则标为不确定
R8003_M8001,R8003_M8001_seg0015,188.810,220.740,N_SPK8003,嗯。,True,partial,高重叠不确定,,,uncertainty,高重叠语音，内容或说话人归属不确定,,,多人同时说话，按项目规则标为不确定
R8003_M8001,R8003_M8001_seg0016,220.800,221.430,N_SPK8002,眼部仪。,False,none,眼部仪,,,speaker_stance,认为眼部仪,,,
R8003_M8001,R8003_M8001_seg0017,221.600,222.900,N_SPK8004,呃，护眼灯。,False,none,护眼灯,,,speaker_stance,认为护眼灯,,,
R8003_M8001,R8003_M8001_seg0018,223.240,237.240,N_SPK8004,啊，现在这这几年比较流行，护眼灯，啊然后呢，这个来说呢，也是非常的关心老师啊，然后在这个教师节也是非常恰如其分啊，啊然后也不会让老师有一些不适。,True,partial,高重叠不确定,,,uncertainty,高重叠语音，内容或说话人归属不确定,,,多人同时说话，按项目规则标为不确定
R8003_M8001,R8003_M8001_seg0018,223.240,237.240,N_SPK8002,啊，护眼灯，嗯。,True,partial,高重叠不确定,,,uncertainty,高重叠语音，内容或说话人归属不确定,,,多人同时说话，按项目规则标为不确定
R8003_M8001,R8003_M8001_seg0018,223.240,237.240,N_SPK8003,嗯。,True,partial,高重叠不确定,,,uncertainty,高重叠语音，内容或说话人归属不确定,,,多人同时说话，按项目规则标为不确定
R8003_M8001,R8003_M8001_seg0018,223.240,237.240,N_SPK8001,对。,True,partial,高重叠不确定,,,uncertainty,高重叠语音，内容或说话人归属不确定,,,多人同时说话，按项目规则标为不确定
R8003_M8001,R8003_M8001_seg0018,223.240,237.240,N_SPK8002,嗯。,True,partial,高重叠不确定,,,uncertainty,高重叠语音，内容或说话人归属不确定,,,多人同时说话，按项目规则标为不确定
R8003_M8001,R8003_M8001_seg0019,237.960,259.810,N_SPK8002,嗯。,True,partial,高重叠不确定,,,uncertainty,高重叠语音，内容或说话人归属不确定,,,多人同时说话，按项目规则标为不确定
R8003_M8001,R8003_M8001_seg0019,237.960,259.810,N_SPK8001,这老师呢他一天呢坐这儿那个站这儿，站一天也挺累的，嗯孩子们他给做咱们家长做建议，让孩子去还得让孩子去决定给老师买点儿这个。,True,partial,高重叠不确定,,,uncertainty,高重叠语音，内容或说话人归属不确定,,,多人同时说话，按项目规则标为不确定
R8003_M8001,R8003_M8001_seg0019,237.960,259.810,N_SPK8003,对就让家长还是有一些靠谱的提议，提示是吧，就是几几选一，比如说是刚才讲的有什么颈部按摩仪啊，眼部按摩仪或者是护眼台灯。,True,partial,高重叠不确定,,,uncertainty,高重叠语音，内容或说话人归属不确定,,,多人同时说话，按项目规则标为不确定
R8003_M8001,R8003_M8001_seg0019,237.960,259.810,N_SPK8001,啊。,True,partial,高重叠不确定,,,uncertainty,高重叠语音，内容或说话人归属不确定,,,多人同时说话，按项目规则标为不确定
R8003_M8001,R8003_M8001_seg0020,260.080,264.930,N_SPK8004,嗯。,True,partial,高重叠不确定,,,uncertainty,高重叠语音，内容或说话人归属不确定,,,多人同时说话，按项目规则标为不确定
R8003_M8001,R8003_M8001_seg0020,260.080,264.930,N_SPK8003,啊包括一些防止静脉曲张的这种这种小的护具啊之类的。,True,partial,高重叠不确定,,,uncertainty,高重叠语音，内容或说话人归属不确定,,,多人同时说话，按项目规则标为不确定
R8003_M8001,R8003_M8001_seg0021,265.880,278.860,N_SPK8003,然后到时候让孩子给参考，也让就是说孩子能有一些，就是自己有一些自己的主观呀，或者什么的意识是吧，嗯。,True,partial,高重叠不确定,,,uncertainty,高重叠语音，内容或说话人归属不确定,,,多人同时说话，按项目规则标为不确定
R8003_M8001,R8003_M8001_seg0021,265.880,278.860,N_SPK8001,对，让他哎给老师嗯给老师送过去，老师也乐意收。,True,partial,高重叠不确定,,,uncertainty,高重叠语音，内容或说话人归属不确定,,,多人同时说话，按项目规则标为不确定
R8003_M8001,R8003_M8001_seg0021,265.880,278.860,N_SPK8004,对。,True,partial,高重叠不确定,,,uncertainty,高重叠语音，内容或说话人归属不确定,,,多人同时说话，按项目规则标为不确定
R8003_M8001,R8003_M8001_seg0021,265.880,278.860,N_SPK8002,嗯。,True,partial,高重叠不确定,,,uncertainty,高重叠语音，内容或说话人归属不确定,,,多人同时说话，按项目规则标为不确定
R8003_M8001,R8003_M8001_seg0021,265.880,278.860,N_SPK8003,嗯。,True,partial,高重叠不确定,,,uncertainty,高重叠语音，内容或说话人归属不确定,,,多人同时说话，按项目规则标为不确定
R8003_M8001,R8003_M8001_seg0022,279.300,284.900,N_SPK8002,然后，现。,True,partial,高重叠不确定,,,uncertainty,高重叠语音，内容或说话人归属不确定,,,多人同时说话，按项目规则标为不确定
R8003_M8001,R8003_M8001_seg0022,279.300,284.900,N_SPK8004,因为因为咱们现在关系到一个什么呀，因为有的时候你家长送过去。,True,partial,高重叠不确定,,,uncertainty,高重叠语音，内容或说话人归属不确定,,,多人同时说话，按项目规则标为不确定
R8003_M8001,R8003_M8001_seg0023,285.060,294.420,N_SPK8001,那不可能。,True,partial,高重叠不确定,,,uncertainty,高重叠语音，内容或说话人归属不确定,,,多人同时说话，按项目规则标为不确定
R8003_M8001,R8003_M8001_seg0023,285.060,294.420,N_SPK8002,不见得，不见。,True,partial,高重叠不确定,,,uncertainty,高重叠语音，内容或说话人归属不确定,,,多人同时说话，按项目规则标为不确定
R8003_M8001,R8003_M8001_seg0023,285.060,294.420,N_SPK8004,那老师很尴尬，哎，很尴尬，然后呢，你送的这个这个这个这个产品有的时候，可能家长心细一点儿，他会做一个精美的包装。,True,partial,高重叠不确定,,,uncertainty,高重叠语音，内容或说话人归属不确定,,,多人同时说话，按项目规则标为不确定
R8003_M8001,R8003_M8001_seg0023,285.060,294.420,N_SPK8002,不。,True,partial,高重叠不确定,,,uncertainty,高重叠语音，内容或说话人归属不确定,,,多人同时说话，按项目规则标为不确定
R8003_M8001,R8003_M8001_seg0023,285.060,294.420,N_SPK8002,嗯。,True,partial,高重叠不确定,,,uncertainty,高重叠语音，内容或说话人归属不确定,,,多人同时说话，按项目规则标为不确定
R8003_M8001,R8003_M8001_seg0024,294.420,296.090,N_SPK8004,但是老师他不会这么想。,False,none,但是老师他不会这么想,,,speaker_stance,认为但是老师他不会这么想,,,
R8003_M8001,R8003_M8001_seg0025,296.860,301.660,N_SPK8004,他虽然是你捆绑在教师节上，但是呢我觉得。,True,partial,高重叠不确定,,,uncertainty,高重叠语音，内容或说话人归属不确定,,,多人同时说话，按项目规则标为不确定
R8003_M8001,R8003_M8001_seg0025,296.860,301.660,N_SPK8003,嗯。,True,partial,高重叠不确定,,,uncertainty,高重叠语音，内容或说话人归属不确定,,,多人同时说话，按项目规则标为不确定
R8003_M8001,R8003_M8001_seg0026,302.800,317.850,N_SPK8004,这个来说呢，这个送送到哪儿，呃谁来收，这也是一个很大的点。,True,partial,高重叠不确定,,,uncertainty,高重叠语音，内容或说话人归属不确定,,,多人同时说话，按项目规则标为不确定
R8003_M8001,R8003_M8001_seg0026,302.800,317.850,N_SPK8003,嗯。,True,partial,高重叠不确定,,,uncertainty,高重叠语音，内容或说话人归属不确定,,,多人同时说话，按项目规则标为不确定
R8003_M8001,R8003_M8001_seg0026,302.800,317.850,N_SPK8002,还有一个，就是一个时间点，我是，呃，什什么时候送，比方说比方说孩子画的贺卡，唉，我九月呃，九月十号教师节。,True,partial,高重叠不确定,,,uncertainty,高重叠语音，内容或说话人归属不确定,,,多人同时说话，按项目规则标为不确定
R8003_M8001,R8003_M8001_seg0026,302.800,317.850,N_SPK8003,嗯。,True,partial,高重叠不确定,,,uncertainty,高重叠语音，内容或说话人归属不确定,,,多人同时说话，按项目规则标为不确定
R8003_M8001,R8003_M8001_seg0026,302.800,317.850,N_SPK8004,什么时候送？嗯。,True,partial,高重叠不确定,,,uncertainty,高重叠语音，内容或说话人归属不确定,,,多人同时说话，按项目规则标为不确定
R8003_M8001,R8003_M8001_seg0027,317.850,330.320,N_SPK8002,我可以九月十号，我当天送那咱买的这些礼物是，是是当天呢，还是提前一提前几天，因为现在也关系，因因为教师节，它关系的还有一个物流的时间。,False,none,我可以九月十号，我当天送那咱买的这些...,,,speaker_stance,认为我可以九月十号，我当天送那咱买的这些礼物是，是是当天呢，还是提前一提前几天，因为现在也关...,,,
R8003_M8001,R8003_M8001_seg0028,331.560,331.790,N_SPK8004,对。,False,none,对,,,speaker_stance,认为对,,,
R8003_M8001,R8003_M8001_seg0029,332.140,339.930,N_SPK8001,我认为啊这个事儿啊，送老师这个奖品那个给老师礼物这个事儿啊，呃节前节后。,True,partial,高重叠不确定,,,uncertainty,高重叠语音，内容或说话人归属不确定,,,多人同时说话，按项目规则标为不确定
R8003_M8001,R8003_M8001_seg0029,332.140,339.930,N_SPK8003,你这个。,True,partial,高重叠不确定,,,uncertainty,高重叠语音，内容或说话人归属不确定,,,多人同时说话，按项目规则标为不确定
R8003_M8001,R8003_M8001_seg0029,332.140,339.930,N_SPK8004,嗯。,True,partial,高重叠不确定,,,uncertainty,高重叠语音，内容或说话人归属不确定,,,多人同时说话，按项目规则标为不确定
R8003_M8001,R8003_M8001_seg0030,341.600,355.100,N_SPK8001,都不大太受影响。,True,partial,高重叠不确定,,,uncertainty,高重叠语音，内容或说话人归属不确定,,,多人同时说话，按项目规则标为不确定
R8003_M8001,R8003_M8001_seg0030,341.600,355.100,N_SPK8004,而且吧，这个这个矛盾点儿就在这儿，这个如果要是说在教师节前后送吧，不符合这个这个当天教师节的这个这个气氛。,True,partial,高重叠不确定,,,uncertainty,高重叠语音，内容或说话人归属不确定,,,多人同时说话，按项目规则标为不确定
R8003_M8001,R8003_M8001_seg0030,341.600,355.100,N_SPK8002,那个气氛。,True,partial,高重叠不确定,,,uncertainty,高重叠语音，内容或说话人归属不确定,,,多人同时说话，按项目规则标为不确定
R8003_M8001,R8003_M8001_seg0031,355.500,363.620,N_SPK8004,然后这个，但是呢你像学生一个班有二三十个，你同时一天送那太太扎眼了。,True,partial,高重叠不确定,,,uncertainty,高重叠语音，内容或说话人归属不确定,,,多人同时说话，按项目规则标为不确定
R8003_M8001,R8003_M8001_seg0031,355.500,363.620,N_SPK8002,三十来个吧，送。,True,partial,高重叠不确定,,,uncertainty,高重叠语音，内容或说话人归属不确定,,,多人同时说话，按项目规则标为不确定
R8003_M8001,R8003_M8001_seg0031,355.500,363.620,N_SPK8003,对呀。,True,partial,高重叠不确定,,,uncertainty,高重叠语音，内容或说话人归属不确定,,,多人同时说话，按项目规则标为不确定
R8003_M8001,R8003_M8001_seg0032,363.980,387.460,N_SPK8002,如果。,True,partial,高重叠不确定,,,uncertainty,高重叠语音，内容或说话人归属不确定,,,多人同时说话，按项目规则标为不确定
R8003_M8001,R8003_M8001_seg0032,363.980,387.460,N_SPK8003,对，而且这个老师他不一定收啊，你要是，嗯。,True,partial,高重叠不确定,,,uncertainty,高重叠语音，内容或说话人归属不确定,,,多人同时说话，按项目规则标为不确定
R8003_M8001,R8003_M8001_seg0032,363.980,387.460,N_SPK8001,这个。,True,partial,高重叠不确定,,,uncertainty,高重叠语音，内容或说话人归属不确定,,,多人同时说话，按项目规则标为不确定
R8003_M8001,R8003_M8001_seg0032,363.980,387.460,N_SPK8004,还不一定收。,True,partial,高重叠不确定,,,uncertainty,高重叠语音，内容或说话人归属不确定,,,多人同时说话，按项目规则标为不确定
R8003_M8001,R8003_M8001_seg0032,363.980,387.460,N_SPK8002,那，那也。,True,partial,高重叠不确定,,,uncertainty,高重叠语音，内容或说话人归属不确定,,,多人同时说话，按项目规则标为不确定
R8003_M8001,R8003_M8001_seg0032,363.980,387.460,N_SPK8001,孩子们呀给老师送小送个手工自己画个画什么的，送个手工当天教师节当天给老师画个花儿，呃肯定老师要。,True,partial,高重叠不确定,,,uncertainty,高重叠语音，内容或说话人归属不确定,,,多人同时说话，按项目规则标为不确定
R8003_M8001,R8003_M8001_seg0032,363.980,387.460,N_SPK8004,呃，我有一提议呀，我觉得这个同学A同学送一个，B同学送一个，这甭有不不包括家长，这就得好几十份儿，我觉得不如让学生整体总体做一个哎。,True,partial,高重叠不确定,,,uncertainty,高重叠语音，内容或说话人归属不确定,,,多人同时说话，按项目规则标为不确定
R8003_M8001,R8003_M8001_seg0032,363.980,387.460,N_SPK8003,嗯。,True,partial,高重叠不确定,,,uncertainty,高重叠语音，内容或说话人归属不确定,,,多人同时说话，按项目规则标为不确定
R8003_M8001,R8003_M8001_seg0032,363.980,387.460,N_SPK8003,嗯。,True,partial,高重叠不确定,,,uncertainty,高重叠语音，内容或说话人归属不确定,,,多人同时说话，按项目规则标为不确定
R8003_M8001,R8003_M8001_seg0032,363.980,387.460,N_SPK8003,嗯。,True,partial,高重叠不确定,,,uncertainty,高重叠语音，内容或说话人归属不确定,,,多人同时说话，按项目规则标为不确定
R8003_M8001,R8003_M8001_seg0033,387.750,387.940,N_SPK8002,那。,False,none,那,,,speaker_stance,认为那,,,
R8003_M8001,R8003_M8001_seg0034,387.980,411.640,N_SPK8004,啊，奇思妙想的一个送。,True,partial,高重叠不确定,,,uncertainty,高重叠语音，内容或说话人归属不确定,,,多人同时说话，按项目规则标为不确定
R8003_M8001,R8003_M8001_seg0034,387.980,411.640,N_SPK8003,哦，来一个，啊来一个团购是吧，然后家长群那个微信里面到时候组团儿。,True,partial,高重叠不确定,,,uncertainty,高重叠语音，内容或说话人归属不确定,,,多人同时说话，按项目规则标为不确定
R8003_M8001,R8003_M8001_seg0034,387.980,411.640,N_SPK8004,这样的话呢？这个心意是代表所有班的学生，那么老师一是不会觉得尴尬，二他会觉得我是实至名归啊，嗯。,True,partial,高重叠不确定,,,uncertainty,高重叠语音，内容或说话人归属不确定,,,多人同时说话，按项目规则标为不确定
R8003_M8001,R8003_M8001_seg0034,387.980,411.640,N_SPK8002,我觉得像，我觉得像你刚才说的这个，我觉得可能在家长群，我觉得他们可能会，会考虑到这方面吧。,True,partial,高重叠不确定,,,uncertainty,高重叠语音，内容或说话人归属不确定,,,多人同时说话，按项目规则标为不确定
R8003_M8001,R8003_M8001_seg0034,387.980,411.640,N_SPK8003,啊。,True,partial,高重叠不确定,,,uncertainty,高重叠语音，内容或说话人归属不确定,,,多人同时说话，按项目规则标为不确定
R8003_M8001,R8003_M8001_seg0035,412.290,441.100,N_SPK8003,哎呀，不过我觉得你说的这个挺好的，如果说大家各自送各自的，老师就处于这个这个这个这个这个就是说自己的师生，这个形象啊之类的，可能他不会收。,True,partial,高重叠不确定,,,uncertainty,高重叠语音，内容或说话人归属不确定,,,多人同时说话，按项目规则标为不确定
R8003_M8001,R8003_M8001_seg0035,412.290,441.100,N_SPK8004,嗯。,True,partial,高重叠不确定,,,uncertainty,高重叠语音，内容或说话人归属不确定,,,多人同时说话，按项目规则标为不确定
R8003_M8001,R8003_M8001_seg0035,412.290,441.100,N_SPK8004,很尴尬的位置。,True,partial,高重叠不确定,,,uncertainty,高重叠语音，内容或说话人归属不确定,,,多人同时说话，按项目规则标为不确定
R8003_M8001,R8003_M8001_seg0035,412.290,441.100,N_SPK8002,很高。,True,partial,高重叠不确定,,,uncertainty,高重叠语音，内容或说话人归属不确定,,,多人同时说话，按项目规则标为不确定
R8003_M8001,R8003_M8001_seg0035,412.290,441.100,N_SPK8002,不如就是，不如就是，呃，就是。,True,partial,高重叠不确定,,,uncertainty,高重叠语音，内容或说话人归属不确定,,,多人同时说话，按项目规则标为不确定
R8003_M8001,R8003_M8001_seg0035,412.290,441.100,N_SPK8004,而且还有一个，而且还有一个A家庭比如说条件好，他送的高一点儿，B家庭条件不好，他送的低一点儿，那有的老师他会有比较，那他不统一。,True,partial,高重叠不确定,,,uncertainty,高重叠语音，内容或说话人归属不确定,,,多人同时说话，按项目规则标为不确定
R8003_M8001,R8003_M8001_seg0035,412.290,441.100,N_SPK8003,嗯。,True,partial,高重叠不确定,,,uncertainty,高重叠语音，内容或说话人归属不确定,,,多人同时说话，按项目规则标为不确定
R8003_M8001,R8003_M8001_seg0035,412.290,441.100,N_SPK8003,嗯。,True,partial,高重叠不确定,,,uncertainty,高重叠语音，内容或说话人归属不确定,,,多人同时说话，按项目规则标为不确定
R8003_M8001,R8003_M8001_seg0035,412.290,441.100,N_SPK8002,我觉得这，我觉得这个同，我觉得老师，我觉得同学之间可能也会有比较。,True,partial,高重叠不确定,,,uncertainty,高重叠语音，内容或说话人归属不确定,,,多人同时说话，按项目规则标为不确定
R8003_M8001,R8003_M8001_seg0035,412.290,441.100,N_SPK8004,它代表不统一的。,True,partial,高重叠不确定,,,uncertainty,高重叠语音，内容或说话人归属不确定,,,多人同时说话，按项目规则标为不确定
R8003_M8001,R8003_M8001_seg0035,412.290,441.100,N_SPK8003,嗯。,True,partial,高重叠不确定,,,uncertainty,高重叠语音，内容或说话人归属不确定,,,多人同时说话，按项目规则标为不确定
R8003_M8001,R8003_M8001_seg0036,441.410,453.100,N_SPK8004,而且在有一个学生之间啊，他们能聚因为他们在一个班，家长这边儿的话就可能你的家长和我家长都不认识，那咱们这边儿的话，可能家长可能就很分散。,True,partial,高重叠不确定,,,uncertainty,高重叠语音，内容或说话人归属不确定,,,多人同时说话，按项目规则标为不确定
R8003_M8001,R8003_M8001_seg0036,441.410,453.100,N_SPK8003,嗯。,True,partial,高重叠不确定,,,uncertainty,高重叠语音，内容或说话人归属不确定,,,多人同时说话，按项目规则标为不确定
R8003_M8001,R8003_M8001_seg0037,453.610,479.040,N_SPK8001,但是我认为他要送东西送老师东西，那孩子们不可同学们不可能到学校说去，我送老师什么啦他送老师什么啦，就是嗯教师节当天您送老师个贺卡。,True,partial,高重叠不确定,,,uncertainty,高重叠语音，内容或说话人归属不确定,,,多人同时说话，按项目规则标为不确定
R8003_M8001,R8003_M8001_seg0037,453.610,479.040,N_SPK8004,那，现在这个学生跟以前的学生可不一样，现在的那个学生就是，我们家邻居那个，唉你去过新加坡吗？啊我去过，他的话语当中啊，就有一种。,True,partial,高重叠不确定,,,uncertainty,高重叠语音，内容或说话人归属不确定,,,多人同时说话，按项目规则标为不确定
R8003_M8001,R8003_M8001_seg0037,453.610,479.040,N_SPK8002,有可能不一样。,True,partial,高重叠不确定,,,uncertainty,高重叠语音，内容或说话人归属不确定,,,多人同时说话，按项目规则标为不确定
R8003_M8001,R8003_M8001_seg0038,479.620,491.370,N_SPK8002,就特自豪，特特明显自信的那。,True,partial,高重叠不确定,,,uncertainty,高重叠语音，内容或说话人归属不确定,,,多人同时说话，按项目规则标为不确定
R8003_M8001,R8003_M8001_seg0038,479.620,491.370,N_SPK8004,这种自信，啊，然后这种的感觉，那有可能，他也可能，比如说我送家长家这个送老师什么样的礼品，他可能。,True,partial,高重叠不确定,,,uncertainty,高重叠语音，内容或说话人归属不确定,,,多人同时说话，按项目规则标为不确定
R8003_M8001,R8003_M8001_seg0038,479.620,491.370,N_SPK8003,嗯。,True,partial,高重叠不确定,,,uncertainty,高重叠语音，内容或说话人归属不确定,,,多人同时说话，按项目规则标为不确定
R8003_M8001,R8003_M8001_seg0039,491.960,505.450,N_SPK8004,你架不住家长他在后边儿去跟自己的孩子，去去说，啊，去去去灌述，所以的话，这个方面来说，如果要是学生散着送，你送一个我送一个。,True,partial,高重叠不确定,,,uncertainty,高重叠语音，内容或说话人归属不确定,,,多人同时说话，按项目规则标为不确定
R8003_M8001,R8003_M8001_seg0039,491.960,505.450,N_SPK8002,去比较。,True,partial,高重叠不确定,,,uncertainty,高重叠语音，内容或说话人归属不确定,,,多人同时说话，按项目规则标为不确定
R8003_M8001,R8003_M8001_seg0040,505.750,506.020,N_SPK8002,我觉。,False,none,我觉,,,speaker_stance,认为我觉,,,
R8003_M8001,R8003_M8001_seg0041,506.360,519.330,N_SPK8004,这样的话会会不会不好？这个效果。,True,partial,高重叠不确定,,,uncertainty,高重叠语音，内容或说话人归属不确定,,,多人同时说话，按项目规则标为不确定
R8003_M8001,R8003_M8001_seg0041,506.360,519.330,N_SPK8003,但其实是这么回事儿吧，你看马上这个过年之后就六年级了，其实小升初这个挺重要的，你要是说全班一块儿去送，其实也突不出不来。,True,partial,高重叠不确定,,,uncertainty,高重叠语音，内容或说话人归属不确定,,,多人同时说话，按项目规则标为不确定
R8003_M8001,R8003_M8001_seg0042,519.760,531.790,N_SPK8002,个性。,True,partial,高重叠不确定,,,uncertainty,高重叠语音，内容或说话人归属不确定,,,多人同时说话，按项目规则标为不确定
R8003_M8001,R8003_M8001_seg0042,519.760,531.790,N_SPK8003,这个将来这个这个老师会不会对对自己的孩子，能够额外的就是说能够多多去这个对他严苛一些，能让他能够成绩能更更加的，有一定的这个上升的趋势。,True,partial,高重叠不确定,,,uncertainty,高重叠语音，内容或说话人归属不确定,,,多人同时说话，按项目规则标为不确定
R8003_M8001,R8003_M8001_seg0043,532.500,535.290,N_SPK8001,我认为啊，这个老作为老师来讲啊。,True,partial,高重叠不确定,,,uncertainty,高重叠语音，内容或说话人归属不确定,,,多人同时说话，按项目规则标为不确定
R8003_M8001,R8003_M8001_seg0043,532.500,535.290,N_SPK8003,是吧，嗯。,True,partial,高重叠不确定,,,uncertainty,高重叠语音，内容或说话人归属不确定,,,多人同时说话，按项目规则标为不确定
R8003_M8001,R8003_M8001_seg0044,536.340,547.090,N_SPK8001,就给他给不管谁给他什么礼品，他不应该轻视就是说这给他礼品少小，礼物小他轻视这个孩子，因为我觉得在学校不应该有这种情况。,False,none,就给他给不管谁给他什么礼品，他不应该...,,,speaker_stance,认为就给他给不管谁给他什么礼品，他不应该轻视这给他礼品少小，礼物小他轻视孩子，因为在学校不应...,,,
R8003_M8001,R8003_M8001_seg0045,548.060,553.620,N_SPK8003,那像我们过去来讲，他都是送的是挂历什么的，他没有什么像现在这么多可选性啊。,True,partial,高重叠不确定,,,uncertainty,高重叠语音，内容或说话人归属不确定,,,多人同时说话，按项目规则标为不确定
R8003_M8001,R8003_M8001_seg0045,548.060,553.620,N_SPK8004,嗯。,True,partial,高重叠不确定,,,uncertainty,高重叠语音，内容或说话人归属不确定,,,多人同时说话，按项目规则标为不确定
R8003_M8001,R8003_M8001_seg0046,553.720,558.270,N_SPK8002,挂历那会儿，就是送那我也不知道应该叫什么，就是摆的那叫什么玩意儿。,True,partial,高重叠不确定,,,uncertainty,高重叠语音，内容或说话人归属不确定,,,多人同时说话，按项目规则标为不确定
R8003_M8001,R8003_M8001_seg0046,553.720,558.270,N_SPK8003,是吧。,True,partial,高重叠不确定,,,uncertainty,高重叠语音，内容或说话人归属不确定,,,多人同时说话，按项目规则标为不确定
R8003_M8001,R8003_M8001_seg0046,553.720,558.270,N_SPK8003,嗯。,True,partial,高重叠不确定,,,uncertainty,高重叠语音，内容或说话人归属不确定,,,多人同时说话，按项目规则标为不确定
R8003_M8001,R8003_M8001_seg0047,560.380,564.100,N_SPK8003,哎呀，这个这个东西这块儿选择反正。,False,none,哎呀，东西这块儿选择反正,,,speaker_stance,认为哎呀，东西这块儿选择反正,,,
R8003_M8001,R8003_M8001_seg0048,565.150,575.630,N_SPK8003,就还是自己买自己的呗，但是咱们这个东西到时候怎么送过去啊，是咱们直接自己带过去，现在一般学校传达室都不给传递这个东西了。,True,partial,高重叠不确定,,,uncertainty,高重叠语音，内容或说话人归属不确定,,,多人同时说话，按项目规则标为不确定
R8003_M8001,R8003_M8001_seg0048,565.150,575.630,N_SPK8004,嗯。,True,partial,高重叠不确定,,,uncertainty,高重叠语音，内容或说话人归属不确定,,,多人同时说话，按项目规则标为不确定
R8003_M8001,R8003_M8001_seg0048,565.150,575.630,N_SPK8004,怎么送过去？,True,partial,高重叠不确定,,,uncertainty,高重叠语音，内容或说话人归属不确定,,,多人同时说话，按项目规则标为不确定
R8003_M8001,R8003_M8001_seg0048,565.150,575.630,N_SPK8002,传达室收吗？现在。,True,partial,高重叠不确定,,,uncertainty,高重叠语音，内容或说话人归属不确定,,,多人同时说话，按项目规则标为不确定
R8003_M8001,R8003_M8001_seg0049,577.330,588.630,N_SPK8001,我觉得给还是给老师，你跟老师一般的老师都有都有联系方式。,True,partial,高重叠不确定,,,uncertainty,高重叠语音，内容或说话人归属不确定,,,多人同时说话，按项目规则标为不确定
R8003_M8001,R8003_M8001_seg0049,577.330,588.630,N_SPK8002,有，如果如果你要是有传传递。,True,partial,高重叠不确定,,,uncertainty,高重叠语音，内容或说话人归属不确定,,,多人同时说话，按项目规则标为不确定
R8003_M8001,R8003_M8001_seg0049,577.330,588.630,N_SPK8004,而且吧，在学校送送这个礼品，这个很很很。,True,partial,高重叠不确定,,,uncertainty,高重叠语音，内容或说话人归属不确定,,,多人同时说话，按项目规则标为不确定
R8003_M8001,R8003_M8001_seg0049,577.330,588.630,N_SPK8001,不现实。,True,partial,高重叠不确定,,,uncertainty,高重叠语音，内容或说话人归属不确定,,,多人同时说话，按项目规则标为不确定
R8003_M8001,R8003_M8001_seg0049,577.330,588.630,N_SPK8003,嗯。,True,partial,高重叠不确定,,,uncertainty,高重叠语音，内容或说话人归属不确定,,,多人同时说话，按项目规则标为不确定
R8003_M8001,R8003_M8001_seg0050,589.040,596.190,N_SPK8004,很不恰当，因为学校是一个教学的地方，你特意的去送礼物，啊不管是说他是。,True,partial,高重叠不确定,,,uncertainty,高重叠语音，内容或说话人归属不确定,,,多人同时说话，按项目规则标为不确定
R8003_M8001,R8003_M8001_seg0050,589.040,596.190,N_SPK8001,对。,True,partial,高重叠不确定,,,uncertainty,高重叠语音，内容或说话人归属不确定,,,多人同时说话，按项目规则标为不确定
R8003_M8001,R8003_M8001_seg0051,596.600,601.930,N_SPK8004,护眼灯啊，还是说对老师有一些帮助的礼物，那都是不太好的氛围。,False,none,护眼灯，还是说对老师有一些帮助的礼物...,,,speaker_stance,认为护眼灯，还是说对老师有一些帮助的礼物，那都是不太好的氛围,,,
R8003_M8001,R8003_M8001_seg0052,602.420,602.620,N_SPK8001,对。,False,none,对,,,speaker_stance,认为对,,,
R8003_M8001,R8003_M8001_seg0053,602.800,606.320,N_SPK8004,因为你你你你你在学校送礼物，这是什么意思？,False,none,因为你你你你你在学校送礼物，这是什么...,,,open_question,待确认因为你你你你你在学校送礼物，这是什么意思？,,,
R8003_M8001,R8003_M8001_seg0054,606.450,618.000,N_SPK8001,这不老师他也不敢接受。,True,partial,高重叠不确定,,,uncertainty,高重叠语音，内容或说话人归属不确定,,,多人同时说话，按项目规则标为不确定
R8003_M8001,R8003_M8001_seg0054,606.450,618.000,N_SPK8002,嗯，那寄，那寄到，那寄到家庭那。,True,partial,高重叠不确定,,,uncertainty,高重叠语音，内容或说话人归属不确定,,,多人同时说话，按项目规则标为不确定
R8003_M8001,R8003_M8001_seg0054,606.450,618.000,N_SPK8003,对，这块儿这是一个问题啊，咱们本身准备好了东西，到时候你送完了人家不接，你这个白忙活啊，这这个这个这个事情。,True,partial,高重叠不确定,,,uncertainty,高重叠语音，内容或说话人归属不确定,,,多人同时说话，按项目规则标为不确定
R8003_M8001,R8003_M8001_seg0054,606.450,618.000,N_SPK8004,嗯。,True,partial,高重叠不确定,,,uncertainty,高重叠语音，内容或说话人归属不确定,,,多人同时说话，按项目规则标为不确定
R8003_M8001,R8003_M8001_seg0054,606.450,618.000,N_SPK8002,那寄，那。,True,partial,高重叠不确定,,,uncertainty,高重叠语音，内容或说话人归属不确定,,,多人同时说话，按项目规则标为不确定
R8003_M8001,R8003_M8001_seg0054,606.450,618.000,N_SPK8004,我觉得来说呢，这个。,True,partial,高重叠不确定,,,uncertainty,高重叠语音，内容或说话人归属不确定,,,多人同时说话，按项目规则标为不确定
R8003_M8001,R8003_M8001_seg0054,606.450,618.000,N_SPK8001,哎。,True,partial,高重叠不确定,,,uncertainty,高重叠语音，内容或说话人归属不确定,,,多人同时说话，按项目规则标为不确定
R8003_M8001,R8003_M8001_seg0055,619.810,623.370,N_SPK8004,哎。,True,partial,高重叠不确定,,,uncertainty,高重叠语音，内容或说话人归属不确定,,,多人同时说话，按项目规则标为不确定
R8003_M8001,R8003_M8001_seg0055,619.810,623.370,N_SPK8002,那就寄到家里。,True,partial,高重叠不确定,,,uncertainty,高重叠语音，内容或说话人归属不确定,,,多人同时说话，按项目规则标为不确定
R8003_M8001,R8003_M8001_seg0055,619.810,623.370,N_SPK8004,现在的话有老师会家访。,True,partial,高重叠不确定,,,uncertainty,高重叠语音，内容或说话人归属不确定,,,多人同时说话，按项目规则标为不确定
R8003_M8001,R8003_M8001_seg0056,624.300,626.190,N_SPK8004,或者等我列出几个选择啊。,False,none,或者等我列出几个选择,,,speaker_stance,认为或者等我列出几个选择,,,
R8003_M8001,R8003_M8001_seg0057,626.280,626.840,N_SPK8003,嗯。,False,none,嗯。,,,speaker_stance,认为嗯,,,
R8003_M8001,R8003_M8001_seg0058,627.330,641.190,N_SPK8004,或者呢，准备的那些礼品呢比较小，袖珍的，然后比如说开家长会，啊或者跟老师有单独接触的机会，啊这样的话，我觉得这种情几几种情况都是可以选择的。,False,none,或者呢，准备的那些礼品呢比较小，袖珍...,,,speaker_stance,认为或者呢，准备的那些礼品呢比较小，袖珍的，比如说开家长会，或者跟老师有单独接触的机会，这样...,,,
R8003_M8001,R8003_M8001_seg0059,641.800,645.090,N_SPK8004,咱们可以选择选择哪一种最适合。,False,none,可以选择选择哪一种最适合,,,speaker_stance,认为可以选择选择哪一种最适合,,,
R8003_M8001,R8003_M8001_seg0060,645.410,669.710,N_SPK8002,我觉得像那种就是不是特别大，就是小型的，我觉得就由和孩子们直接拿到学校交给老师，要说是比较像像护眼灯啊或者比较大一点儿的，那咱就像刚才说的，就以跟跟老师有以。,True,partial,高重叠不确定,,,uncertainty,高重叠语音，内容或说话人归属不确定,,,多人同时说话，按项目规则标为不确定
R8003_M8001,R8003_M8001_seg0060,645.410,669.710,N_SPK8004,嗯。,True,partial,高重叠不确定,,,uncertainty,高重叠语音，内容或说话人归属不确定,,,多人同时说话，按项目规则标为不确定
R8003_M8001,R8003_M8001_seg0060,645.410,669.710,N_SPK8004,嗯，因为，因为现在有一个问题就是，如果要是说孩子去交给老师，那么一个班二十多个三十多个学生，那都同自己拿自己都交过去。,True,partial,高重叠不确定,,,uncertainty,高重叠语音，内容或说话人归属不确定,,,多人同时说话，按项目规则标为不确定
R8003_M8001,R8003_M8001_seg0060,645.410,669.710,N_SPK8003,嗯。,True,partial,高重叠不确定,,,uncertainty,高重叠语音，内容或说话人归属不确定,,,多人同时说话，按项目规则标为不确定
R8003_M8001,R8003_M8001_seg0060,645.410,669.710,N_SPK8002,都。,True,partial,高重叠不确定,,,uncertainty,高重叠语音，内容或说话人归属不确定,,,多人同时说话，按项目规则标为不确定
R8003_M8001,R8003_M8001_seg0061,670.070,674.430,N_SPK8004,那这个这个环节让校长看见这个是非常恶劣的。,True,partial,高重叠不确定,,,uncertainty,高重叠语音，内容或说话人归属不确定,,,多人同时说话，按项目规则标为不确定
R8003_M8001,R8003_M8001_seg0061,670.070,674.430,N_SPK8002,也不太好。,True,partial,高重叠不确定,,,uncertainty,高重叠语音，内容或说话人归属不确定,,,多人同时说话，按项目规则标为不确定
R8003_M8001,R8003_M8001_seg0062,674.810,685.000,N_SPK8001,这肯定。,True,partial,高重叠不确定,,,uncertainty,高重叠语音，内容或说话人归属不确定,,,多人同时说话，按项目规则标为不确定
R8003_M8001,R8003_M8001_seg0062,674.810,685.000,N_SPK8003,但是这个怎么说呢，因为去年吧，我送了一箱红酒给我们那个孩子的那个体育老师，就之前他报的那个的足球队，报的晚了根本就没他位置。,True,partial,高重叠不确定,,,uncertainty,高重叠语音，内容或说话人归属不确定,,,多人同时说话，按项目规则标为不确定
R8003_M8001,R8003_M8001_seg0063,685.860,697.590,N_SPK8003,反正后来这个给了他之后吧，确实是给安排上了，现在也跟着一块儿训练呢，我觉得其实这送送送东西还是还是有点偏差的，不是说你送完了就，嗯。,False,none,反正后来给了他之后吧，确实是给安排上...,,跟进反正后来给了他之后吧，确实是给安排上了，现在也跟着一块儿训练呢，这送送送东西还是还是有点...,action_item,跟进反正后来给了他之后吧，确实是给安排上了，现在也跟着一块儿训练呢，这送送送东西还是还是有点...,uncertain,,
R8003_M8001,R8003_M8001_seg0064,698.500,699.980,N_SPK8003,没有什么意义啊之类的。,False,none,没有什么意义之类的,,,speaker_stance,认为没有什么意义之类的,,,
R8003_M8001,R8003_M8001_seg0065,700.110,703.200,N_SPK8002,那就以什么形式送，现在这是一个很关键。,False,none,那就以什么形式送，现在这是一个很关键,,,speaker_stance,认为那就以什么形式送，现在这是一个很关键,,,
R8003_M8001,R8003_M8001_seg0066,703.890,706.380,N_SPK8003,对，这个确实是因为。,False,none,对，确实是因为,,,speaker_stance,认为对，确实是因为,,,
R8003_M8001,R8003_M8001_seg0067,706.970,708.820,N_SPK8004,比如说送到老师的家里。,True,full,高重叠不确定,,,uncertainty,高重叠语音，内容或说话人归属不确定,,,多人同时说话，按项目规则标为不确定
R8003_M8001,R8003_M8001_seg0067,706.970,708.820,N_SPK8003,主主要是怕。,True,full,高重叠不确定,,,uncertainty,高重叠语音，内容或说话人归属不确定,,,多人同时说话，按项目规则标为不确定
R8003_M8001,R8003_M8001_seg0068,709.750,742.120,N_SPK8003,因为现在学，这个老师他肯定不会把住址告诉你啊。,True,partial,高重叠不确定,,,uncertainty,高重叠语音，内容或说话人归属不确定,,,多人同时说话，按项目规则标为不确定
R8003_M8001,R8003_M8001_seg0068,709.750,742.120,N_SPK8002,那老师，那你。,True,partial,高重叠不确定,,,uncertainty,高重叠语音，内容或说话人归属不确定,,,多人同时说话，按项目规则标为不确定
R8003_M8001,R8003_M8001_seg0068,709.750,742.120,N_SPK8004,嗯。,True,partial,高重叠不确定,,,uncertainty,高重叠语音，内容或说话人归属不确定,,,多人同时说话，按项目规则标为不确定
R8003_M8001,R8003_M8001_seg0068,709.750,742.120,N_SPK8001,反正我认为还是就是跟老师要要这个联系方式要邮寄，你给他邮寄他家。,True,partial,高重叠不确定,,,uncertainty,高重叠语音，内容或说话人归属不确定,,,多人同时说话，按项目规则标为不确定
R8003_M8001,R8003_M8001_seg0068,709.750,742.120,N_SPK8004,嗯，咱们现在的话一是送到哪儿？什么方式送？啊然后谁去送？啊谁接收？这这几点可以划分的更细一点儿，但是咱们可以大几块。,True,partial,高重叠不确定,,,uncertainty,高重叠语音，内容或说话人归属不确定,,,多人同时说话，按项目规则标为不确定
R8003_M8001,R8003_M8001_seg0068,709.750,742.120,N_SPK8003,对。,True,partial,高重叠不确定,,,uncertainty,高重叠语音，内容或说话人归属不确定,,,多人同时说话，按项目规则标为不确定
R8003_M8001,R8003_M8001_seg0068,709.750,742.120,N_SPK8003,对你说你说买张购物卡吧，那个让孩子带过去，到时候没送着，到时候再给弄丢了，你这你，也都是有可能的，这个东西确实是挺挺难办的一件事儿。,True,partial,高重叠不确定,,,uncertainty,高重叠语音，内容或说话人归属不确定,,,多人同时说话，按项目规则标为不确定
R8003_M8001,R8003_M8001_seg0068,709.750,742.120,N_SPK8004,嗯。,True,partial,高重叠不确定,,,uncertainty,高重叠语音，内容或说话人归属不确定,,,多人同时说话，按项目规则标为不确定
R8003_M8001,R8003_M8001_seg0068,709.750,742.120,N_SPK8001,也不行。,True,partial,高重叠不确定,,,uncertainty,高重叠语音，内容或说话人归属不确定,,,多人同时说话，按项目规则标为不确定
R8003_M8001,R8003_M8001_seg0068,709.750,742.120,N_SPK8004,嗯。,True,partial,高重叠不确定,,,uncertainty,高重叠语音，内容或说话人归属不确定,,,多人同时说话，按项目规则标为不确定
R8003_M8001,R8003_M8001_seg0068,709.750,742.120,N_SPK8004,嗯。,True,partial,高重叠不确定,,,uncertainty,高重叠语音，内容或说话人归属不确定,,,多人同时说话，按项目规则标为不确定
R8003_M8001,R8003_M8001_seg0068,709.750,742.120,N_SPK8001,嗯。,True,partial,高重叠不确定,,,uncertainty,高重叠语音，内容或说话人归属不确定,,,多人同时说话，按项目规则标为不确定
R8003_M8001,R8003_M8001_seg0069,743.220,754.460,N_SPK8001,这个反正我觉得应该跟老师得沟通，提前沟通好了这个事儿。,True,partial,高重叠不确定,,,uncertainty,高重叠语音，内容或说话人归属不确定,,,多人同时说话，按项目规则标为不确定
R8003_M8001,R8003_M8001_seg0069,743.220,754.460,N_SPK8003,嗯。,True,partial,高重叠不确定,,,uncertainty,高重叠语音，内容或说话人归属不确定,,,多人同时说话，按项目规则标为不确定
R8003_M8001,R8003_M8001_seg0069,743.220,754.460,N_SPK8002,那如果说开家，如果说是如果说要是开家长会，然后由呃，由家长把这个礼物带到会上然后交给老师。,True,partial,高重叠不确定,,,uncertainty,高重叠语音，内容或说话人归属不确定,,,多人同时说话，按项目规则标为不确定
R8003_M8001,R8003_M8001_seg0069,743.220,754.460,N_SPK8004,嗯。,True,partial,高重叠不确定,,,uncertainty,高重叠语音，内容或说话人归属不确定,,,多人同时说话，按项目规则标为不确定
R8003_M8001,R8003_M8001_seg0069,743.220,754.460,N_SPK8003,嗯，嗯。,True,partial,高重叠不确定,,,uncertainty,高重叠语音，内容或说话人归属不确定,,,多人同时说话，按项目规则标为不确定
R8003_M8001,R8003_M8001_seg0069,743.220,754.460,N_SPK8004,嗯。,True,partial,高重叠不确定,,,uncertainty,高重叠语音，内容或说话人归属不确定,,,多人同时说话，按项目规则标为不确定
R8003_M8001,R8003_M8001_seg0070,755.060,766.540,N_SPK8002,是不是也不太。,True,partial,高重叠不确定,,,uncertainty,高重叠语音，内容或说话人归属不确定,,,多人同时说话，按项目规则标为不确定
R8003_M8001,R8003_M8001_seg0070,755.060,766.540,N_SPK8003,问题是咱们不是教师节吗，他近期也不开家长会啊，对不对。,True,partial,高重叠不确定,,,uncertainty,高重叠语音，内容或说话人归属不确定,,,多人同时说话，按项目规则标为不确定
R8003_M8001,R8003_M8001_seg0070,755.060,766.540,N_SPK8002,对，也不太也不太，就是错过了这个时节了。,True,partial,高重叠不确定,,,uncertainty,高重叠语音，内容或说话人归属不确定,,,多人同时说话，按项目规则标为不确定
R8003_M8001,R8003_M8001_seg0070,755.060,766.540,N_SPK8004,嗯。,True,partial,高重叠不确定,,,uncertainty,高重叠语音，内容或说话人归属不确定,,,多人同时说话，按项目规则标为不确定
R8003_M8001,R8003_M8001_seg0070,755.060,766.540,N_SPK8003,嗯，我想了一个，比如说咱们叫个闪送啊，或是那种当日达的顺丰啊。,True,partial,高重叠不确定,,,uncertainty,高重叠语音，内容或说话人归属不确定,,,多人同时说话，按项目规则标为不确定
R8003_M8001,R8003_M8001_seg0071,767.650,775.250,N_SPK8003,这个送，这个送给老师，到时候又怕，比如说对老师上课的时候他不能接电话，这也是一个问题。,True,partial,高重叠不确定,,,uncertainty,高重叠语音，内容或说话人归属不确定,,,多人同时说话，按项目规则标为不确定
R8003_M8001,R8003_M8001_seg0071,767.650,775.250,N_SPK8002,呃。,True,partial,高重叠不确定,,,uncertainty,高重叠语音，内容或说话人归属不确定,,,多人同时说话，按项目规则标为不确定
R8003_M8001,R8003_M8001_seg0071,767.650,775.250,N_SPK8002,老师上课没带手机。,True,partial,高重叠不确定,,,uncertainty,高重叠语音，内容或说话人归属不确定,,,多人同时说话，按项目规则标为不确定
R8003_M8001,R8003_M8001_seg0072,775.850,818.200,N_SPK8002,那送到办公室，应该问题不大吧。,True,partial,高重叠不确定,,,uncertainty,高重叠语音，内容或说话人归属不确定,,,多人同时说话，按项目规则标为不确定
R8003_M8001,R8003_M8001_seg0072,775.850,818.200,N_SPK8003,是吧，送吗？,True,partial,高重叠不确定,,,uncertainty,高重叠语音，内容或说话人归属不确定,,,多人同时说话，按项目规则标为不确定
R8003_M8001,R8003_M8001_seg0072,775.850,818.200,N_SPK8002,办公室应该有其他老师，然后给代收已，对，已代收。,True,partial,高重叠不确定,,,uncertainty,高重叠语音，内容或说话人归属不确定,,,多人同时说话，按项目规则标为不确定
R8003_M8001,R8003_M8001_seg0072,775.850,818.200,N_SPK8004,嗯。,True,partial,高重叠不确定,,,uncertainty,高重叠语音，内容或说话人归属不确定,,,多人同时说话，按项目规则标为不确定
R8003_M8001,R8003_M8001_seg0072,775.850,818.200,N_SPK8004,代收。,True,partial,高重叠不确定,,,uncertainty,高重叠语音，内容或说话人归属不确定,,,多人同时说话，按项目规则标为不确定
R8003_M8001,R8003_M8001_seg0072,775.850,818.200,N_SPK8003,那你这个东西，你你你你送你送的是班主任，那其他老师没有你，这个这个这个你你要知道是哪个家长送的也是一个问题啊，对吧。,True,partial,高重叠不确定,,,uncertainty,高重叠语音，内容或说话人归属不确定,,,多人同时说话，按项目规则标为不确定
R8003_M8001,R8003_M8001_seg0072,775.850,818.200,N_SPK8004,对。,True,partial,高重叠不确定,,,uncertainty,高重叠语音，内容或说话人归属不确定,,,多人同时说话，按项目规则标为不确定
R8003_M8001,R8003_M8001_seg0072,775.850,818.200,N_SPK8002,那你不可能，那你不可能。,True,partial,高重叠不确定,,,uncertainty,高重叠语音，内容或说话人归属不确定,,,多人同时说话，按项目规则标为不确定
R8003_M8001,R8003_M8001_seg0072,775.850,818.200,N_SPK8002,那你不可能所有老师，各科老师都都。,True,partial,高重叠不确定,,,uncertainty,高重叠语音，内容或说话人归属不确定,,,多人同时说话，按项目规则标为不确定
R8003_M8001,R8003_M8001_seg0072,775.850,818.200,N_SPK8004,哎，对这个问题现在又滋生一个，你到底要让他知道不知道是你送的？啊，你要不要留名？啊，因为有的家长你送完了以后我不留名，有的家长不愿意。,True,partial,高重叠不确定,,,uncertainty,高重叠语音，内容或说话人归属不确定,,,多人同时说话，按项目规则标为不确定
R8003_M8001,R8003_M8001_seg0072,775.850,818.200,N_SPK8003,是啊。,True,partial,高重叠不确定,,,uncertainty,高重叠语音，内容或说话人归属不确定,,,多人同时说话，按项目规则标为不确定
R8003_M8001,R8003_M8001_seg0072,775.850,818.200,N_SPK8003,对呀，这个东西。,True,partial,高重叠不确定,,,uncertainty,高重叠语音，内容或说话人归属不确定,,,多人同时说话，按项目规则标为不确定
R8003_M8001,R8003_M8001_seg0072,775.850,818.200,N_SPK8003,要不要在，要不要礼物上头写上。,True,partial,高重叠不确定,,,uncertainty,高重叠语音，内容或说话人归属不确定,,,多人同时说话，按项目规则标为不确定
R8003_M8001,R8003_M8001_seg0072,775.850,818.200,N_SPK8001,一这个问题呀肯定肯定得留名儿，因为那什么呢你给他送这个邮寄，我认为让他还是给他邮寄过去邮寄他家。,True,partial,高重叠不确定,,,uncertainty,高重叠语音，内容或说话人归属不确定,,,多人同时说话，按项目规则标为不确定
R8003_M8001,R8003_M8001_seg0073,818.610,823.440,N_SPK8001,老师上学呢在上课这一天他不可能老去拿邮件儿。,True,partial,高重叠不确定,,,uncertainty,高重叠语音，内容或说话人归属不确定,,,多人同时说话，按项目规则标为不确定
R8003_M8001,R8003_M8001_seg0073,818.610,823.440,N_SPK8004,那。,True,partial,高重叠不确定,,,uncertainty,高重叠语音，内容或说话人归属不确定,,,多人同时说话，按项目规则标为不确定
R8003_M8001,R8003_M8001_seg0074,825.420,833.380,N_SPK8001,给他送到家邮到家，不管他什么时候他还是。,True,partial,高重叠不确定,,,uncertainty,高重叠语音，内容或说话人归属不确定,,,多人同时说话，按项目规则标为不确定
R8003_M8001,R8003_M8001_seg0074,825.420,833.380,N_SPK8002,那你，那你要送到家，那老师会把就是地址会告诉你吗？,True,partial,高重叠不确定,,,uncertainty,高重叠语音，内容或说话人归属不确定,,,多人同时说话，按项目规则标为不确定
R8003_M8001,R8003_M8001_seg0075,833.520,849.720,N_SPK8001,你提前跟老师联系啊。,True,partial,高重叠不确定,,,uncertainty,高重叠语音，内容或说话人归属不确定,,,多人同时说话，按项目规则标为不确定
R8003_M8001,R8003_M8001_seg0075,833.520,849.720,N_SPK8003,他不会的，他不会告诉你的呀，你说我要送您个东西啊，您把地址告诉我，我觉得这个不太现实，这个现在都很注重隐私的。,True,partial,高重叠不确定,,,uncertainty,高重叠语音，内容或说话人归属不确定,,,多人同时说话，按项目规则标为不确定
R8003_M8001,R8003_M8001_seg0075,833.520,849.720,N_SPK8004,嗯。,True,partial,高重叠不确定,,,uncertainty,高重叠语音，内容或说话人归属不确定,,,多人同时说话，按项目规则标为不确定
R8003_M8001,R8003_M8001_seg0075,833.520,849.720,N_SPK8004,这个我我觉得送礼物来说呢，这个为什么要送？呃就是因为赶在教师节，我觉得这个，呃。,True,partial,高重叠不确定,,,uncertainty,高重叠语音，内容或说话人归属不确定,,,多人同时说话，按项目规则标为不确定
R8003_M8001,R8003_M8001_seg0075,833.520,849.720,N_SPK8002,又不太现实。,True,partial,高重叠不确定,,,uncertainty,高重叠语音，内容或说话人归属不确定,,,多人同时说话，按项目规则标为不确定
R8003_M8001,R8003_M8001_seg0075,833.520,849.720,N_SPK8002,对。,True,partial,高重叠不确定,,,uncertainty,高重叠语音，内容或说话人归属不确定,,,多人同时说话，按项目规则标为不确定
R8003_M8001,R8003_M8001_seg0075,833.520,849.720,N_SPK8003,嗯。,True,partial,高重叠不确定,,,uncertainty,高重叠语音，内容或说话人归属不确定,,,多人同时说话，按项目规则标为不确定
R8003_M8001,R8003_M8001_seg0076,850.730,852.260,N_SPK8004,那个有句话怎么说来着？,False,none,有句话怎么说来着？,,,open_question,待确认有句话怎么说来着？,,,
R8003_M8001,R8003_M8001_seg0077,853.180,866.400,N_SPK8004,呃，礼多人不怪吧，而且在教师节这么一个特殊的环节，那把自己的心意跟老师传达了，我觉得应该不会拒绝，啊，他可能会尴尬在学校收。,False,none,礼多人不怪吧，而且在教师节这么一个特...,,,speaker_stance,认为礼多人不怪吧，而且在教师节这么一个特殊的环节，那把自己的心意跟老师传达了，应该不会拒绝...,,,
R8003_M8001,R8003_M8001_seg0078,866.720,872.010,N_SPK8004,但是有可能会跟咱们说地址，我觉得这个来说应该不是一个很大的难题。,False,none,但是有可能会跟说地址，来说应该不是一...,,,disagreement,存在分歧但是有可能会跟说地址，来说应该不是一个很大的难题,,,
R8003_M8001,R8003_M8001_seg0079,872.630,894.410,N_SPK8002,那就提前跟老师沟通一下。,True,partial,高重叠不确定,,,uncertainty,高重叠语音，内容或说话人归属不确定,,,多人同时说话，按项目规则标为不确定
R8003_M8001,R8003_M8001_seg0079,872.630,894.410,N_SPK8003,那咱们就是提前看看能不能跟老师那边把地址索要一下，反正也提前跟他交代一下，咱们要送个礼物过去啊。,True,partial,高重叠不确定,,,uncertainty,高重叠语音，内容或说话人归属不确定,,,多人同时说话，按项目规则标为不确定
R8003_M8001,R8003_M8001_seg0079,872.630,894.410,N_SPK8002,嗯，对。,True,partial,高重叠不确定,,,uncertainty,高重叠语音，内容或说话人归属不确定,,,多人同时说话，按项目规则标为不确定
R8003_M8001,R8003_M8001_seg0079,872.630,894.410,N_SPK8004,对。,True,partial,高重叠不确定,,,uncertainty,高重叠语音，内容或说话人归属不确定,,,多人同时说话，按项目规则标为不确定
R8003_M8001,R8003_M8001_seg0079,872.630,894.410,N_SPK8004,送到家以后，还避免了在这个教师办公室别的老师会有一些，心里挫败感。,True,partial,高重叠不确定,,,uncertainty,高重叠语音，内容或说话人归属不确定,,,多人同时说话，按项目规则标为不确定
R8003_M8001,R8003_M8001_seg0079,872.630,894.410,N_SPK8003,啊，对。,True,partial,高重叠不确定,,,uncertainty,高重叠语音，内容或说话人归属不确定,,,多人同时说话，按项目规则标为不确定
R8003_M8001,R8003_M8001_seg0079,872.630,894.410,N_SPK8001,在学校里的呃呃肯定不方便，这些事儿是吧。,True,partial,高重叠不确定,,,uncertainty,高重叠语音，内容或说话人归属不确定,,,多人同时说话，按项目规则标为不确定
R8003_M8001,R8003_M8001_seg0079,872.630,894.410,N_SPK8003,对。,True,partial,高重叠不确定,,,uncertainty,高重叠语音，内容或说话人归属不确定,,,多人同时说话，按项目规则标为不确定
R8003_M8001,R8003_M8001_seg0079,872.630,894.410,N_SPK8004,又可以让老师们一视同仁。,True,partial,高重叠不确定,,,uncertainty,高重叠语音，内容或说话人归属不确定,,,多人同时说话，按项目规则标为不确定
R8003_M8001,R8003_M8001_seg0079,872.630,894.410,N_SPK8002,那，嗯。,True,partial,高重叠不确定,,,uncertainty,高重叠语音，内容或说话人归属不确定,,,多人同时说话，按项目规则标为不确定
R8003_M8001,R8003_M8001_seg0080,894.630,912.040,N_SPK8001,嗯。,True,partial,高重叠不确定,,,uncertainty,高重叠语音，内容或说话人归属不确定,,,多人同时说话，按项目规则标为不确定
R8003_M8001,R8003_M8001_seg0080,894.630,912.040,N_SPK8003,就提前说一下，咱们可能也不会说送什么特别贵重的东西，但是呢，是一份心意，您一定给我们留个地址，避免就是说，啊直接送到学校里边，嗯。,True,partial,高重叠不确定,,,uncertainty,高重叠语音，内容或说话人归属不确定,,,多人同时说话，按项目规则标为不确定
R8003_M8001,R8003_M8001_seg0080,894.630,912.040,N_SPK8002,嗯。,True,partial,高重叠不确定,,,uncertainty,高重叠语音，内容或说话人归属不确定,,,多人同时说话，按项目规则标为不确定
R8003_M8001,R8003_M8001_seg0080,894.630,912.040,N_SPK8002,嗯。,True,partial,高重叠不确定,,,uncertainty,高重叠语音，内容或说话人归属不确定,,,多人同时说话，按项目规则标为不确定
R8003_M8001,R8003_M8001_seg0080,894.630,912.040,N_SPK8004,对。,True,partial,高重叠不确定,,,uncertainty,高重叠语音，内容或说话人归属不确定,,,多人同时说话，按项目规则标为不确定
R8003_M8001,R8003_M8001_seg0080,894.630,912.040,N_SPK8001,因为您上班儿下班儿的或者出行不方便，还要拎着东西直接给您送到家，这不就方便了吗？,True,partial,高重叠不确定,,,uncertainty,高重叠语音，内容或说话人归属不确定,,,多人同时说话，按项目规则标为不确定
R8003_M8001,R8003_M8001_seg0080,894.630,912.040,N_SPK8002,对，不管是不管是卡也好，还是礼物也好啊，对，就是一份小小的心意，对。,True,partial,高重叠不确定,,,uncertainty,高重叠语音，内容或说话人归属不确定,,,多人同时说话，按项目规则标为不确定
R8003_M8001,R8003_M8001_seg0080,894.630,912.040,N_SPK8004,对。,True,partial,高重叠不确定,,,uncertainty,高重叠语音，内容或说话人归属不确定,,,多人同时说话，按项目规则标为不确定
R8003_M8001,R8003_M8001_seg0080,894.630,912.040,N_SPK8003,嗯。,True,partial,高重叠不确定,,,uncertainty,高重叠语音，内容或说话人归属不确定,,,多人同时说话，按项目规则标为不确定
R8003_M8001,R8003_M8001_seg0080,894.630,912.040,N_SPK8004,嗯嗯。,True,partial,高重叠不确定,,,uncertainty,高重叠语音，内容或说话人归属不确定,,,多人同时说话，按项目规则标为不确定
R8003_M8001,R8003_M8001_seg0081,912.970,933.220,N_SPK8003,啊，这个是可以，或者说送一些小的物件呢，比如亲自交他手里头，他直接塞兜儿里头了，是吧，嗯。,True,partial,高重叠不确定,,,uncertainty,高重叠语音，内容或说话人归属不确定,,,多人同时说话，按项目规则标为不确定
R8003_M8001,R8003_M8001_seg0081,912.970,933.220,N_SPK8001,嗯。,True,partial,高重叠不确定,,,uncertainty,高重叠语音，内容或说话人归属不确定,,,多人同时说话，按项目规则标为不确定
R8003_M8001,R8003_M8001_seg0081,912.970,933.220,N_SPK8001,也成嗯我觉得我认为也可以，一因为是教师节嘛，头教师节孩子们让孩子们拿些老师我送您一本鲜花儿今天是您节日，这这个满可以的是吧。,True,partial,高重叠不确定,,,uncertainty,高重叠语音，内容或说话人归属不确定,,,多人同时说话，按项目规则标为不确定
R8003_M8001,R8003_M8001_seg0081,912.970,933.220,N_SPK8004,嗯。,True,partial,高重叠不确定,,,uncertainty,高重叠语音，内容或说话人归属不确定,,,多人同时说话，按项目规则标为不确定
R8003_M8001,R8003_M8001_seg0081,912.970,933.220,N_SPK8002,也成，嗯。,True,partial,高重叠不确定,,,uncertainty,高重叠语音，内容或说话人归属不确定,,,多人同时说话，按项目规则标为不确定
R8003_M8001,R8003_M8001_seg0081,912.970,933.220,N_SPK8002,就是不是特别大的，咱就。,True,partial,高重叠不确定,,,uncertainty,高重叠语音，内容或说话人归属不确定,,,多人同时说话，按项目规则标为不确定
R8003_M8001,R8003_M8001_seg0081,912.970,933.220,N_SPK8003,嗯嗯。,True,partial,高重叠不确定,,,uncertainty,高重叠语音，内容或说话人归属不确定,,,多人同时说话，按项目规则标为不确定
R8003_M8001,R8003_M8001_seg0081,912.970,933.220,N_SPK8004,嗯。,True,partial,高重叠不确定,,,uncertainty,高重叠语音，内容或说话人归属不确定,,,多人同时说话，按项目规则标为不确定
R8003_M8001,R8003_M8001_seg0081,912.970,933.220,N_SPK8003,嗯嗯嗯。,True,partial,高重叠不确定,,,uncertainty,高重叠语音，内容或说话人归属不确定,,,多人同时说话，按项目规则标为不确定
R8003_M8001,R8003_M8001_seg0081,912.970,933.220,N_SPK8002,嗯。,True,partial,高重叠不确定,,,uncertainty,高重叠语音，内容或说话人归属不确定,,,多人同时说话，按项目规则标为不确定
R8003_M8001,R8003_M8001_seg0082,933.730,944.720,N_SPK8003,对，就是说咱们，孩子准备一份儿，小自己的一个小小的手工活儿或者说小的鲜花之类的，然后咱们作为家长呢，也准备一份礼物啊。,True,partial,高重叠不确定,,,uncertainty,高重叠语音，内容或说话人归属不确定,,,多人同时说话，按项目规则标为不确定
R8003_M8001,R8003_M8001_seg0082,933.730,944.720,N_SPK8002,嗯。,True,partial,高重叠不确定,,,uncertainty,高重叠语音，内容或说话人归属不确定,,,多人同时说话，按项目规则标为不确定
R8003_M8001,R8003_M8001_seg0082,933.730,944.720,N_SPK8001,对。,True,partial,高重叠不确定,,,uncertainty,高重叠语音，内容或说话人归属不确定,,,多人同时说话，按项目规则标为不确定
R8003_M8001,R8003_M8001_seg0082,933.730,944.720,N_SPK8001,对。,True,partial,高重叠不确定,,,uncertainty,高重叠语音，内容或说话人归属不确定,,,多人同时说话，按项目规则标为不确定
R8003_M8001,R8003_M8001_seg0083,945.380,949.320,N_SPK8003,然后是买个类似这个这个，就是。,False,none,是买个类似，就是,,,speaker_stance,认为是买个类似，就是,,,
R8003_M8001,R8003_M8001_seg0084,951.000,973.210,N_SPK8003,这护眼台灯啊什么什么之类的这个东西，然后呢，跟看看想办法再跟这个这个学，跟老师沟通要个地址，啊对对对。,True,full,高重叠不确定,,,uncertainty,高重叠语音，内容或说话人归属不确定,,,多人同时说话，按项目规则标为不确定
R8003_M8001,R8003_M8001_seg0084,951.000,973.210,N_SPK8004,嗯。,True,full,高重叠不确定,,,uncertainty,高重叠语音，内容或说话人归属不确定,,,多人同时说话，按项目规则标为不确定
R8003_M8001,R8003_M8001_seg0084,951.000,973.210,N_SPK8004,对。,True,full,高重叠不确定,,,uncertainty,高重叠语音，内容或说话人归属不确定,,,多人同时说话，按项目规则标为不确定
R8003_M8001,R8003_M8001_seg0084,951.000,973.210,N_SPK8002,老师沟通，嗯沟通送到，送到那，送到哪里。,True,full,高重叠不确定,,,uncertainty,高重叠语音，内容或说话人归属不确定,,,多人同时说话，按项目规则标为不确定
R8003_M8001,R8003_M8001_seg0084,951.000,973.210,N_SPK8001,对家长这个，家长这个这个这个心意啊那就得跟老师必须联系了，是吧。,True,full,高重叠不确定,,,uncertainty,高重叠语音，内容或说话人归属不确定,,,多人同时说话，按项目规则标为不确定
R8003_M8001,R8003_M8001_seg0084,951.000,973.210,N_SPK8004,对。,True,full,高重叠不确定,,,uncertainty,高重叠语音，内容或说话人归属不确定,,,多人同时说话，按项目规则标为不确定
R8003_M8001,R8003_M8001_seg0084,951.000,973.210,N_SPK8004,对。,True,full,高重叠不确定,,,uncertainty,高重叠语音，内容或说话人归属不确定,,,多人同时说话，按项目规则标为不确定
R8003_M8001,R8003_M8001_seg0084,951.000,973.210,N_SPK8003,啊对，这个就是既可以，既可以解决这个，嗯嗯。,True,full,高重叠不确定,,,uncertainty,高重叠语音，内容或说话人归属不确定,,,多人同时说话，按项目规则标为不确定
R8003_M8001,R8003_M8001_seg0084,951.000,973.210,N_SPK8004,嗯。,True,full,高重叠不确定,,,uncertainty,高重叠语音，内容或说话人归属不确定,,,多人同时说话，按项目规则标为不确定
R8003_M8001,R8003_M8001_seg0084,951.000,973.210,N_SPK8004,嗯。,True,full,高重叠不确定,,,uncertainty,高重叠语音，内容或说话人归属不确定,,,多人同时说话，按项目规则标为不确定
R8003_M8001,R8003_M8001_seg0084,951.000,973.210,N_SPK8004,对。,True,full,高重叠不确定,,,uncertainty,高重叠语音，内容或说话人归属不确定,,,多人同时说话，按项目规则标为不确定
R8003_M8001,R8003_M8001_seg0084,951.000,973.210,N_SPK8001,一帮孩子一般的情况下孩子都也都，咱们都得有家长老师的联系方式。,True,full,高重叠不确定,,,uncertainty,高重叠语音，内容或说话人归属不确定,,,多人同时说话，按项目规则标为不确定
R8003_M8001,R8003_M8001_seg0084,951.000,973.210,N_SPK8003,老师现场收礼这种。,True,full,高重叠不确定,,,uncertainty,高重叠语音，内容或说话人归属不确定,,,多人同时说话，按项目规则标为不确定
R8003_M8001,R8003_M8001_seg0085,973.570,992.150,N_SPK8003,对，尴尬的方式吧，然后再一个就是还可以送出去，嗯。,True,partial,高重叠不确定,,,uncertainty,高重叠语音，内容或说话人归属不确定,,,多人同时说话，按项目规则标为不确定
R8003_M8001,R8003_M8001_seg0085,973.570,992.150,N_SPK8004,对。,True,partial,高重叠不确定,,,uncertainty,高重叠语音，内容或说话人归属不确定,,,多人同时说话，按项目规则标为不确定
R8003_M8001,R8003_M8001_seg0085,973.570,992.150,N_SPK8001,现在都呃这个学校都有微信，这老师跟孩子们都这一般孩子都有个都有微信。,True,partial,高重叠不确定,,,uncertainty,高重叠语音，内容或说话人归属不确定,,,多人同时说话，按项目规则标为不确定
R8003_M8001,R8003_M8001_seg0085,973.570,992.150,N_SPK8004,嗯。,True,partial,高重叠不确定,,,uncertainty,高重叠语音，内容或说话人归属不确定,,,多人同时说话，按项目规则标为不确定
R8003_M8001,R8003_M8001_seg0085,973.570,992.150,N_SPK8003,对呀，现在只有微信跟办公室电话，其他信息全都没有，你这个要了地址了，你就还得把这个这个这个电话也得要过去。,True,partial,高重叠不确定,,,uncertainty,高重叠语音，内容或说话人归属不确定,,,多人同时说话，按项目规则标为不确定
R8003_M8001,R8003_M8001_seg0085,973.570,992.150,N_SPK8001,嗯。,True,partial,高重叠不确定,,,uncertainty,高重叠语音，内容或说话人归属不确定,,,多人同时说话，按项目规则标为不确定
R8003_M8001,R8003_M8001_seg0085,973.570,992.150,N_SPK8004,嗯。,True,partial,高重叠不确定,,,uncertainty,高重叠语音，内容或说话人归属不确定,,,多人同时说话，按项目规则标为不确定
R8003_M8001,R8003_M8001_seg0085,973.570,992.150,N_SPK8004,嗯。,True,partial,高重叠不确定,,,uncertainty,高重叠语音，内容或说话人归属不确定,,,多人同时说话，按项目规则标为不确定
R8003_M8001,R8003_M8001_seg0086,992.900,994.920,N_SPK8002,电话，电话地址。,False,none,电话，电话地址,,,speaker_stance,认为电话，电话地址,,,
R8003_M8001,R8003_M8001_seg0087,996.020,997.250,N_SPK8002,然后还有什么呀？,False,none,还有什么呀？,,,open_question,待确认还有什么呀？,,,
R8003_M8001,R8003_M8001_seg0088,997.470,1022.940,N_SPK8001,那得必须得跟老师提前联系。,True,partial,高重叠不确定,,,uncertainty,高重叠语音，内容或说话人归属不确定,,,多人同时说话，按项目规则标为不确定
R8003_M8001,R8003_M8001_seg0088,997.470,1022.940,N_SPK8003,你肯定要有电话地址啊，最好其实是能够是他老师的家属，把她的这个电话跟地址要过来，嗯。,True,partial,高重叠不确定,,,uncertainty,高重叠语音，内容或说话人归属不确定,,,多人同时说话，按项目规则标为不确定
R8003_M8001,R8003_M8001_seg0088,997.470,1022.940,N_SPK8004,对。,True,partial,高重叠不确定,,,uncertainty,高重叠语音，内容或说话人归属不确定,,,多人同时说话，按项目规则标为不确定
R8003_M8001,R8003_M8001_seg0088,997.470,1022.940,N_SPK8002,电话地址。,True,partial,高重叠不确定,,,uncertainty,高重叠语音，内容或说话人归属不确定,,,多人同时说话，按项目规则标为不确定
R8003_M8001,R8003_M8001_seg0088,997.470,1022.940,N_SPK8002,对，然后呢，那那如果要是，如果说是当呃比方说九月十号是是教师节的话，那我可能要提前一两天，就应该要寄送，因为北京同城一两天就应该能到了。,True,partial,高重叠不确定,,,uncertainty,高重叠语音，内容或说话人归属不确定,,,多人同时说话，按项目规则标为不确定
R8003_M8001,R8003_M8001_seg0088,997.470,1022.940,N_SPK8004,嗯。,True,partial,高重叠不确定,,,uncertainty,高重叠语音，内容或说话人归属不确定,,,多人同时说话，按项目规则标为不确定
R8003_M8001,R8003_M8001_seg0088,997.470,1022.940,N_SPK8003,嗯。,True,partial,高重叠不确定,,,uncertainty,高重叠语音，内容或说话人归属不确定,,,多人同时说话，按项目规则标为不确定
R8003_M8001,R8003_M8001_seg0088,997.470,1022.940,N_SPK8003,对。,True,partial,高重叠不确定,,,uncertainty,高重叠语音，内容或说话人归属不确定,,,多人同时说话，按项目规则标为不确定
R8003_M8001,R8003_M8001_seg0088,997.470,1022.940,N_SPK8003,对，如果说呀，咱们寄到家里头，那么咱们提前点儿错后点儿地都无所谓。,True,partial,高重叠不确定,,,uncertainty,高重叠语音，内容或说话人归属不确定,,,多人同时说话，按项目规则标为不确定
R8003_M8001,R8003_M8001_seg0088,997.470,1022.940,N_SPK8004,嗯。,True,partial,高重叠不确定,,,uncertainty,高重叠语音，内容或说话人归属不确定,,,多人同时说话，按项目规则标为不确定
R8003_M8001,R8003_M8001_seg0088,997.470,1022.940,N_SPK8002,对。,True,partial,高重叠不确定,,,uncertainty,高重叠语音，内容或说话人归属不确定,,,多人同时说话，按项目规则标为不确定
R8003_M8001,R8003_M8001_seg0089,1023.060,1023.470,N_SPK8004,嗯。,False,none,嗯。,,,speaker_stance,认为嗯,,,
R8003_M8001,R8003_M8001_seg0090,1023.730,1026.640,N_SPK8003,那么如果说呢，咱们带到这个。,False,none,那么如果说呢，带到,,,speaker_stance,认为那么如果说呢，带到,,,
R8003_M8001,R8003_M8001_seg0091,1027.020,1035.420,N_SPK8001,学校。,True,partial,高重叠不确定,,,uncertainty,高重叠语音，内容或说话人归属不确定,,,多人同时说话，按项目规则标为不确定
R8003_M8001,R8003_M8001_seg0091,1027.020,1035.420,N_SPK8002,学校，咱在这当天。,True,partial,高重叠不确定,,,uncertainty,高重叠语音，内容或说话人归属不确定,,,多人同时说话，按项目规则标为不确定
R8003_M8001,R8003_M8001_seg0091,1027.020,1035.420,N_SPK8003,学校去，那你肯定只能当天去，嗯，现在呢，也就是说咱们的难点呢就是提前跟这个老师呢。,True,partial,高重叠不确定,,,uncertainty,高重叠语音，内容或说话人归属不确定,,,多人同时说话，按项目规则标为不确定
R8003_M8001,R8003_M8001_seg0091,1027.020,1035.420,N_SPK8001,就得要当天，对。,True,partial,高重叠不确定,,,uncertainty,高重叠语音，内容或说话人归属不确定,,,多人同时说话，按项目规则标为不确定
R8003_M8001,R8003_M8001_seg0091,1027.020,1035.420,N_SPK8002,当天，对。,True,partial,高重叠不确定,,,uncertainty,高重叠语音，内容或说话人归属不确定,,,多人同时说话，按项目规则标为不确定
R8003_M8001,R8003_M8001_seg0091,1027.020,1035.420,N_SPK8004,对，当天。,True,partial,高重叠不确定,,,uncertainty,高重叠语音，内容或说话人归属不确定,,,多人同时说话，按项目规则标为不确定
R8003_M8001,R8003_M8001_seg0091,1027.020,1035.420,N_SPK8004,嗯。,True,partial,高重叠不确定,,,uncertainty,高重叠语音，内容或说话人归属不确定,,,多人同时说话，按项目规则标为不确定
R8003_M8001,R8003_M8001_seg0092,1037.850,1048.480,N_SPK8003,如果说地址能够顺利的要下来了，那么这个时间啊，啊包括什么的这些难题，一切都可以解决。,True,full,高重叠不确定,,,uncertainty,高重叠语音，内容或说话人归属不确定,,,多人同时说话，按项目规则标为不确定
R8003_M8001,R8003_M8001_seg0092,1037.850,1048.480,N_SPK8001,就能。,True,full,高重叠不确定,,,uncertainty,高重叠语音，内容或说话人归属不确定,,,多人同时说话，按项目规则标为不确定
R8003_M8001,R8003_M8001_seg0092,1037.850,1048.480,N_SPK8004,对。,True,full,高重叠不确定,,,uncertainty,高重叠语音，内容或说话人归属不确定,,,多人同时说话，按项目规则标为不确定
R8003_M8001,R8003_M8001_seg0092,1037.850,1048.480,N_SPK8001,就能送到。,True,full,高重叠不确定,,,uncertainty,高重叠语音，内容或说话人归属不确定,,,多人同时说话，按项目规则标为不确定
R8003_M8001,R8003_M8001_seg0092,1037.850,1048.480,N_SPK8004,嗯。,True,full,高重叠不确定,,,uncertainty,高重叠语音，内容或说话人归属不确定,,,多人同时说话，按项目规则标为不确定
R8003_M8001,R8003_M8001_seg0092,1037.850,1048.480,N_SPK8002,就拖后一两，拖后一两天，就都拖后一两天都可以。,True,full,高重叠不确定,,,uncertainty,高重叠语音，内容或说话人归属不确定,,,多人同时说话，按项目规则标为不确定
R8003_M8001,R8003_M8001_seg0092,1037.850,1048.480,N_SPK8001,能送到老师手里。,True,full,高重叠不确定,,,uncertainty,高重叠语音，内容或说话人归属不确定,,,多人同时说话，按项目规则标为不确定
R8003_M8001,R8003_M8001_seg0092,1037.850,1048.480,N_SPK8004,对对对，时间就可以往前错，可以往后错，还有伸缩性。,True,full,高重叠不确定,,,uncertainty,高重叠语音，内容或说话人归属不确定,,,多人同时说话，按项目规则标为不确定
R8003_M8001,R8003_M8001_seg0092,1037.850,1048.480,N_SPK8003,对。,True,full,高重叠不确定,,,uncertainty,高重叠语音，内容或说话人归属不确定,,,多人同时说话，按项目规则标为不确定
R8003_M8001,R8003_M8001_seg0092,1037.850,1048.480,N_SPK8002,呃，不。,True,full,高重叠不确定,,,uncertainty,高重叠语音，内容或说话人归属不确定,,,多人同时说话，按项目规则标为不确定
R8003_M8001,R8003_M8001_seg0092,1037.850,1048.480,N_SPK8001,对。,True,full,高重叠不确定,,,uncertainty,高重叠语音，内容或说话人归属不确定,,,多人同时说话，按项目规则标为不确定
R8003_M8001,R8003_M8001_seg0093,1048.540,1049.170,N_SPK8002,伸缩性。,False,none,伸缩性,,,speaker_stance,认为伸缩性,,,
R8003_M8001,R8003_M8001_seg0094,1050.210,1050.680,N_SPK8002,嗯。,False,none,嗯。,,,speaker_stance,认为嗯,,,
R8003_M8001,R8003_M8001_seg0095,1058.760,1059.120,N_SPK8004,对。,False,none,对,,,speaker_stance,认为对,,,
R8003_M8001,R8003_M8001_seg0096,1059.860,1061.570,N_SPK8002,当天，或者带到学校。,False,none,当天，或者带到学校,,,speaker_stance,认为当天，或者带到学校,,,
R8003_M8001,R8003_M8001_seg0097,1062.640,1062.900,N_SPK8004,嗯。,False,none,嗯。,,,speaker_stance,认为嗯,,,
R8003_M8001,R8003_M8001_seg0098,1067.370,1067.980,N_SPK8004,嗯。,False,none,嗯。,,,speaker_stance,认为嗯,,,
R8003_M8001,R8003_M8001_seg0099,1076.780,1087.000,N_SPK8004,我觉得老师基本上来说这种，比较有有有有有有受人尊重的这种职业，他基本来说呢，是。,False,none,老师来说这种，比较有有有有有有受人尊...,,,speaker_stance,认为老师来说这种，比较有有有有有有受人尊重的这种职业，他基本来说呢，是,,,
R8003_M8001,R8003_M8001_seg0100,1088.050,1095.550,N_SPK8004,有的时候你在教师节这个特别特定的节日，你送他什么他都会有一些。,True,partial,高重叠不确定,,,uncertainty,高重叠语音，内容或说话人归属不确定,,,多人同时说话，按项目规则标为不确定
R8003_M8001,R8003_M8001_seg0100,1088.050,1095.550,N_SPK8002,他。,True,partial,高重叠不确定,,,uncertainty,高重叠语音，内容或说话人归属不确定,,,多人同时说话，按项目规则标为不确定
R8003_M8001,R8003_M8001_seg0101,1097.800,1110.600,N_SPK8004,呃，这个怎么说呢？可能她不想让人知道太多，到教师节，我收了很多礼品，虽然说都是一些，呃，有有有碍于帮助的这种礼品。,True,partial,高重叠不确定,,,uncertainty,高重叠语音，内容或说话人归属不确定,,,多人同时说话，按项目规则标为不确定
R8003_M8001,R8003_M8001_seg0101,1097.800,1110.600,N_SPK8003,对。,True,partial,高重叠不确定,,,uncertainty,高重叠语音，内容或说话人归属不确定,,,多人同时说话，按项目规则标为不确定
R8003_M8001,R8003_M8001_seg0101,1097.800,1110.600,N_SPK8003,对。,True,partial,高重叠不确定,,,uncertainty,高重叠语音，内容或说话人归属不确定,,,多人同时说话，按项目规则标为不确定
R8003_M8001,R8003_M8001_seg0102,1111.020,1115.890,N_SPK8002,我觉。,True,partial,高重叠不确定,,,uncertainty,高重叠语音，内容或说话人归属不确定,,,多人同时说话，按项目规则标为不确定
R8003_M8001,R8003_M8001_seg0102,1111.020,1115.890,N_SPK8004,所以我觉得是不是要考虑到教师的这种感受，啊能尽量的。,True,partial,高重叠不确定,,,uncertainty,高重叠语音，内容或说话人归属不确定,,,多人同时说话，按项目规则标为不确定
R8003_M8001,R8003_M8001_seg0103,1116.810,1119.030,N_SPK8004,不见光，哎尽量的。,False,none,不见光，哎尽量的,,,speaker_stance,认为不见光，哎尽量的,,,
R8003_M8001,R8003_M8001_seg0104,1119.800,1148.800,N_SPK8003,避免尴尬，啊避免尴尬，然后呢实用性还有一定的。,True,partial,高重叠不确定,,,uncertainty,高重叠语音，内容或说话人归属不确定,,,多人同时说话，按项目规则标为不确定
R8003_M8001,R8003_M8001_seg0104,1119.800,1148.800,N_SPK8004,让她舒服，哎对，让他舒服。,True,partial,高重叠不确定,,,uncertainty,高重叠语音，内容或说话人归属不确定,,,多人同时说话，按项目规则标为不确定
R8003_M8001,R8003_M8001_seg0104,1119.800,1148.800,N_SPK8002,就以，就让他以什么方式能接受了这个，这份儿礼物，就让他不是特别的接，对，然后。不舒服，心里就感觉不舒服的那感觉。,True,partial,高重叠不确定,,,uncertainty,高重叠语音，内容或说话人归属不确定,,,多人同时说话，按项目规则标为不确定
R8003_M8001,R8003_M8001_seg0104,1119.800,1148.800,N_SPK8001,嗯。,True,partial,高重叠不确定,,,uncertainty,高重叠语音，内容或说话人归属不确定,,,多人同时说话，按项目规则标为不确定
R8003_M8001,R8003_M8001_seg0104,1119.800,1148.800,N_SPK8004,啊。,True,partial,高重叠不确定,,,uncertainty,高重叠语音，内容或说话人归属不确定,,,多人同时说话，按项目规则标为不确定
R8003_M8001,R8003_M8001_seg0104,1119.800,1148.800,N_SPK8001,那就得考虑考虑了。,True,partial,高重叠不确定,,,uncertainty,高重叠语音，内容或说话人归属不确定,,,多人同时说话，按项目规则标为不确定
R8003_M8001,R8003_M8001_seg0104,1119.800,1148.800,N_SPK8004,能接受，又不会让。,True,partial,高重叠不确定,,,uncertainty,高重叠语音，内容或说话人归属不确定,,,多人同时说话，按项目规则标为不确定
R8003_M8001,R8003_M8001_seg0104,1119.800,1148.800,N_SPK8004,因为在这个全班三十名二十名同学里边肯定有的家长心思不缜密，他不送，可能家长可能是老出差的工作，他根本想不到。,True,partial,高重叠不确定,,,uncertainty,高重叠语音，内容或说话人归属不确定,,,多人同时说话，按项目规则标为不确定
R8003_M8001,R8003_M8001_seg0104,1119.800,1148.800,N_SPK8003,嗯。,True,partial,高重叠不确定,,,uncertainty,高重叠语音，内容或说话人归属不确定,,,多人同时说话，按项目规则标为不确定
R8003_M8001,R8003_M8001_seg0104,1119.800,1148.800,N_SPK8003,嗯。,True,partial,高重叠不确定,,,uncertainty,高重叠语音，内容或说话人归属不确定,,,多人同时说话，按项目规则标为不确定
R8003_M8001,R8003_M8001_seg0104,1119.800,1148.800,N_SPK8002,嗯。,True,partial,高重叠不确定,,,uncertainty,高重叠语音，内容或说话人归属不确定,,,多人同时说话，按项目规则标为不确定
R8003_M8001,R8003_M8001_seg0104,1119.800,1148.800,N_SPK8002,嗯就是就说咱，比方说比方。,True,partial,高重叠不确定,,,uncertainty,高重叠语音，内容或说话人归属不确定,,,多人同时说话，按项目规则标为不确定
R8003_M8001,R8003_M8001_seg0104,1119.800,1148.800,N_SPK8003,啊对，对，肯定会想不到的，嗯。,True,partial,高重叠不确定,,,uncertainty,高重叠语音，内容或说话人归属不确定,,,多人同时说话，按项目规则标为不确定
R8003_M8001,R8003_M8001_seg0104,1119.800,1148.800,N_SPK8004,这里边儿的话有的送有的不送，那就得把这些东西压到最低。,True,partial,高重叠不确定,,,uncertainty,高重叠语音，内容或说话人归属不确定,,,多人同时说话，按项目规则标为不确定
R8003_M8001,R8003_M8001_seg0105,1149.380,1149.640,N_SPK8003,对。,False,none,对,,,speaker_stance,认为对,,,
R8003_M8001,R8003_M8001_seg0106,1149.650,1169.400,N_SPK8002,那那你全班有三十多个人，这不可能说我三十多个家长就像咱说的，我我每个人我都买一份礼物，这不好又不太不不太可能，对。,True,partial,高重叠不确定,,,uncertainty,高重叠语音，内容或说话人归属不确定,,,多人同时说话，按项目规则标为不确定
R8003_M8001,R8003_M8001_seg0106,1149.650,1169.400,N_SPK8001,不不，嗯对。,True,partial,高重叠不确定,,,uncertainty,高重叠语音，内容或说话人归属不确定,,,多人同时说话，按项目规则标为不确定
R8003_M8001,R8003_M8001_seg0106,1149.650,1169.400,N_SPK8004,对。,True,partial,高重叠不确定,,,uncertainty,高重叠语音，内容或说话人归属不确定,,,多人同时说话，按项目规则标为不确定
R8003_M8001,R8003_M8001_seg0106,1149.650,1169.400,N_SPK8003,哎要照这么说的话，我觉得就是，就是去什么沃尔玛物美啊办张购物卡，然后呢教师节那天，啊抽个时间啊。,True,partial,高重叠不确定,,,uncertainty,高重叠语音，内容或说话人归属不确定,,,多人同时说话，按项目规则标为不确定
R8003_M8001,R8003_M8001_seg0106,1149.650,1169.400,N_SPK8004,嗯。,True,partial,高重叠不确定,,,uncertainty,高重叠语音，内容或说话人归属不确定,,,多人同时说话，按项目规则标为不确定
R8003_M8001,R8003_M8001_seg0106,1149.650,1169.400,N_SPK8002,嗯。,True,partial,高重叠不确定,,,uncertainty,高重叠语音，内容或说话人归属不确定,,,多人同时说话，按项目规则标为不确定
R8003_M8001,R8003_M8001_seg0106,1149.650,1169.400,N_SPK8002,由孩子带过去。,True,partial,高重叠不确定,,,uncertainty,高重叠语音，内容或说话人归属不确定,,,多人同时说话，按项目规则标为不确定
R8003_M8001,R8003_M8001_seg0107,1170.200,1182.890,N_SPK8003,我过去直接塞给老师，啊这样的话呢，这个也是一份心意，也避也避免了你送了一些人家老师用不着的东西，到时候占用人家时间再去处理啊，或者怎么样。,True,partial,高重叠不确定,,,uncertainty,高重叠语音，内容或说话人归属不确定,,,多人同时说话，按项目规则标为不确定
R8003_M8001,R8003_M8001_seg0107,1170.200,1182.890,N_SPK8002,嗯。,True,partial,高重叠不确定,,,uncertainty,高重叠语音，内容或说话人归属不确定,,,多人同时说话，按项目规则标为不确定
R8003_M8001,R8003_M8001_seg0108,1184.690,1200.530,N_SPK8004,对，嗯。,True,partial,高重叠不确定,,,uncertainty,高重叠语音，内容或说话人归属不确定,,,多人同时说话，按项目规则标为不确定
R8003_M8001,R8003_M8001_seg0108,1184.690,1200.530,N_SPK8003,是吧，这个是不是我觉得可能。,True,partial,高重叠不确定,,,uncertainty,高重叠语音，内容或说话人归属不确定,,,多人同时说话，按项目规则标为不确定
R8003_M8001,R8003_M8001_seg0108,1184.690,1200.530,N_SPK8002,如果说。,True,partial,高重叠不确定,,,uncertainty,高重叠语音，内容或说话人归属不确定,,,多人同时说话，按项目规则标为不确定
R8003_M8001,R8003_M8001_seg0108,1184.690,1200.530,N_SPK8001,主要是咱们咱们送礼送老师礼物是咱们家长和孩子的心意，但是你送到老师手里，你必须保证老师呃接触这个东西别犯错误。,True,partial,高重叠不确定,,,uncertainty,高重叠语音，内容或说话人归属不确定,,,多人同时说话，按项目规则标为不确定
R8003_M8001,R8003_M8001_seg0108,1184.690,1200.530,N_SPK8004,嗯。,True,partial,高重叠不确定,,,uncertainty,高重叠语音，内容或说话人归属不确定,,,多人同时说话，按项目规则标为不确定
R8003_M8001,R8003_M8001_seg0108,1184.690,1200.530,N_SPK8003,嗯。,True,partial,高重叠不确定,,,uncertainty,高重叠语音，内容或说话人归属不确定,,,多人同时说话，按项目规则标为不确定
R8003_M8001,R8003_M8001_seg0108,1184.690,1200.530,N_SPK8003,对。,True,partial,高重叠不确定,,,uncertainty,高重叠语音，内容或说话人归属不确定,,,多人同时说话，按项目规则标为不确定
R8003_M8001,R8003_M8001_seg0108,1184.690,1200.530,N_SPK8003,对他你不能，对你不能让人家或都是。,True,partial,高重叠不确定,,,uncertainty,高重叠语音，内容或说话人归属不确定,,,多人同时说话，按项目规则标为不确定
R8003_M8001,R8003_M8001_seg0108,1184.690,1200.530,N_SPK8004,对。,True,partial,高重叠不确定,,,uncertainty,高重叠语音，内容或说话人归属不确定,,,多人同时说话，按项目规则标为不确定
R8003_M8001,R8003_M8001_seg0109,1200.570,1201.060,N_SPK8001,知道吧。,False,none,知道吧,,,speaker_stance,认为知道吧,,,
R8003_M8001,R8003_M8001_seg0110,1201.970,1228.230,N_SPK8004,嗯。,True,partial,高重叠不确定,,,uncertainty,高重叠语音，内容或说话人归属不确定,,,多人同时说话，按项目规则标为不确定
R8003_M8001,R8003_M8001_seg0110,1201.970,1228.230,N_SPK8003,让老师或者说这个学校这个，让让人觉得他不太好是吧。,True,partial,高重叠不确定,,,uncertainty,高重叠语音，内容或说话人归属不确定,,,多人同时说话，按项目规则标为不确定
R8003_M8001,R8003_M8001_seg0110,1201.970,1228.230,N_SPK8004,对别的老师背后说三道四的对他影响也不好。,True,partial,高重叠不确定,,,uncertainty,高重叠语音，内容或说话人归属不确定,,,多人同时说话，按项目规则标为不确定
R8003_M8001,R8003_M8001_seg0110,1201.970,1228.230,N_SPK8002,他收，或者他不收之类的。,True,partial,高重叠不确定,,,uncertainty,高重叠语音，内容或说话人归属不确定,,,多人同时说话，按项目规则标为不确定
R8003_M8001,R8003_M8001_seg0110,1201.970,1228.230,N_SPK8003,咱们，对。,True,partial,高重叠不确定,,,uncertainty,高重叠语音，内容或说话人归属不确定,,,多人同时说话，按项目规则标为不确定
R8003_M8001,R8003_M8001_seg0110,1201.970,1228.230,N_SPK8001,你送，假如说你送他一张纸啊让让校长看见了，你也校长不知道你你送的什么什么东西，他也回头也要受到我估计也心里不舒服这个老师，嗯。,True,partial,高重叠不确定,,,uncertainty,高重叠语音，内容或说话人归属不确定,,,多人同时说话，按项目规则标为不确定
R8003_M8001,R8003_M8001_seg0110,1201.970,1228.230,N_SPK8003,对对对。,True,partial,高重叠不确定,,,uncertainty,高重叠语音，内容或说话人归属不确定,,,多人同时说话，按项目规则标为不确定
R8003_M8001,R8003_M8001_seg0110,1201.970,1228.230,N_SPK8003,对是吧，反正我觉得。,True,partial,高重叠不确定,,,uncertainty,高重叠语音，内容或说话人归属不确定,,,多人同时说话，按项目规则标为不确定
R8003_M8001,R8003_M8001_seg0110,1201.970,1228.230,N_SPK8002,嗯。,True,partial,高重叠不确定,,,uncertainty,高重叠语音，内容或说话人归属不确定,,,多人同时说话，按项目规则标为不确定
R8003_M8001,R8003_M8001_seg0110,1201.970,1228.230,N_SPK8002,既让老师收到礼物，然后又要让老师心里舒服。,True,partial,高重叠不确定,,,uncertainty,高重叠语音，内容或说话人归属不确定,,,多人同时说话，按项目规则标为不确定
R8003_M8001,R8003_M8001_seg0110,1201.970,1228.230,N_SPK8003,嗯。,True,partial,高重叠不确定,,,uncertainty,高重叠语音，内容或说话人归属不确定,,,多人同时说话，按项目规则标为不确定
R8003_M8001,R8003_M8001_seg0111,1228.270,1234.270,N_SPK8004,所以呢，我觉得，学校送不太合适，咱们就大方向往家里送。,False,none,所以呢，学校送不太合适，就大方向往家...,,,speaker_stance,认为所以呢，学校送不太合适，就大方向往家里送,,,
R8003_M8001,R8003_M8001_seg0112,1234.790,1235.060,N_SPK8003,对。,False,none,对,,,speaker_stance,认为对,,,
R8003_M8001,R8003_M8001_seg0113,1235.350,1249.140,N_SPK8004,家里送呢，这样的话又避免了这个三十个二十个学生一个班的有送有不送的这种情况，呃也表明了自己送的心意，因为就像结婚份子似的，那比如说他谁结婚。,True,partial,高重叠不确定,,,uncertainty,高重叠语音，内容或说话人归属不确定,,,多人同时说话，按项目规则标为不确定
R8003_M8001,R8003_M8001_seg0113,1235.350,1249.140,N_SPK8002,嗯。,True,partial,高重叠不确定,,,uncertainty,高重叠语音，内容或说话人归属不确定,,,多人同时说话，按项目规则标为不确定
R8003_M8001,R8003_M8001_seg0114,1249.450,1264.050,N_SPK8004,那比如说都是朋友，那这五个朋友一起送，有出两百份子的，有出五百份子的，那五百份子那个人，他就不平衡，所以说就各送各的，然后呢，又避免了去学校，啊，然后。,True,partial,高重叠不确定,,,uncertainty,高重叠语音，内容或说话人归属不确定,,,多人同时说话，按项目规则标为不确定
R8003_M8001,R8003_M8001_seg0114,1249.450,1264.050,N_SPK8002,嗯。,True,partial,高重叠不确定,,,uncertainty,高重叠语音，内容或说话人归属不确定,,,多人同时说话，按项目规则标为不确定
R8003_M8001,R8003_M8001_seg0115,1264.640,1275.190,N_SPK8004,比如说对老师的打扰啊，咱们最好能把地址要到，自己送到家里，这样的话也避免了学校别的老师，去说三道四。,True,partial,高重叠不确定,,,uncertainty,高重叠语音，内容或说话人归属不确定,,,多人同时说话，按项目规则标为不确定
R8003_M8001,R8003_M8001_seg0115,1264.640,1275.190,N_SPK8003,对。,True,partial,高重叠不确定,,,uncertainty,高重叠语音，内容或说话人归属不确定,,,多人同时说话，按项目规则标为不确定
R8003_M8001,R8003_M8001_seg0115,1264.640,1275.190,N_SPK8002,不是。,True,partial,高重叠不确定,,,uncertainty,高重叠语音，内容或说话人归属不确定,,,多人同时说话，按项目规则标为不确定
R8003_M8001,R8003_M8001_seg0116,1275.820,1279.860,N_SPK8002,我觉得给管老师要地址，一般的性就是。,True,partial,高重叠不确定,,,uncertainty,高重叠语音，内容或说话人归属不确定,,,多人同时说话，按项目规则标为不确定
R8003_M8001,R8003_M8001_seg0116,1275.820,1279.860,N_SPK8003,但是。,True,partial,高重叠不确定,,,uncertainty,高重叠语音，内容或说话人归属不确定,,,多人同时说话，按项目规则标为不确定
R8003_M8001,R8003_M8001_seg0117,1280.770,1282.440,N_SPK8002,几率性还是比较大的。,False,none,几率性还是比较大的,,,speaker_stance,认为几率性还是比较大的,,,
R8003_M8001,R8003_M8001_seg0118,1283.400,1283.630,N_SPK8004,对。,False,none,对,,,speaker_stance,认为对,,,
R8003_M8001,R8003_M8001_seg0119,1284.300,1309.520,N_SPK8003,就是能提供的是吗。,True,partial,高重叠不确定,,,uncertainty,高重叠语音，内容或说话人归属不确定,,,多人同时说话，按项目规则标为不确定
R8003_M8001,R8003_M8001_seg0119,1284.300,1309.520,N_SPK8002,对，我觉得几率性还是比较大的，对。,True,partial,高重叠不确定,,,uncertainty,高重叠语音，内容或说话人归属不确定,,,多人同时说话，按项目规则标为不确定
R8003_M8001,R8003_M8001_seg0119,1284.300,1309.520,N_SPK8001,老师一般的跟家长都得有沟通都得有沟通。,True,partial,高重叠不确定,,,uncertainty,高重叠语音，内容或说话人归属不确定,,,多人同时说话，按项目规则标为不确定
R8003_M8001,R8003_M8001_seg0119,1284.300,1309.520,N_SPK8003,啊。,True,partial,高重叠不确定,,,uncertainty,高重叠语音，内容或说话人归属不确定,,,多人同时说话，按项目规则标为不确定
R8003_M8001,R8003_M8001_seg0119,1284.300,1309.520,N_SPK8002,都是有，对。,True,partial,高重叠不确定,,,uncertainty,高重叠语音，内容或说话人归属不确定,,,多人同时说话，按项目规则标为不确定
R8003_M8001,R8003_M8001_seg0119,1284.300,1309.520,N_SPK8004,嗯。,True,partial,高重叠不确定,,,uncertainty,高重叠语音，内容或说话人归属不确定,,,多人同时说话，按项目规则标为不确定
R8003_M8001,R8003_M8001_seg0119,1284.300,1309.520,N_SPK8003,对，但是这个如果说换做是我，反正我肯定不提供，你这涉及隐私了，你说孩子，你你你这个孩子的家长，到时候你把我的这个地址你公布给别人了怎么办。,True,partial,高重叠不确定,,,uncertainty,高重叠语音，内容或说话人归属不确定,,,多人同时说话，按项目规则标为不确定
R8003_M8001,R8003_M8001_seg0119,1284.300,1309.520,N_SPK8004,对。,True,partial,高重叠不确定,,,uncertainty,高重叠语音，内容或说话人归属不确定,,,多人同时说话，按项目规则标为不确定
R8003_M8001,R8003_M8001_seg0119,1284.300,1309.520,N_SPK8004,嗯。,True,partial,高重叠不确定,,,uncertainty,高重叠语音，内容或说话人归属不确定,,,多人同时说话，按项目规则标为不确定
R8003_M8001,R8003_M8001_seg0119,1284.300,1309.520,N_SPK8002,嗯。,True,partial,高重叠不确定,,,uncertainty,高重叠语音，内容或说话人归属不确定,,,多人同时说话，按项目规则标为不确定
R8003_M8001,R8003_M8001_seg0119,1284.300,1309.520,N_SPK8002,其。,True,partial,高重叠不确定,,,uncertainty,高重叠语音，内容或说话人归属不确定,,,多人同时说话，按项目规则标为不确定
R8003_M8001,R8003_M8001_seg0119,1284.300,1309.520,N_SPK8002,其实我是更，我其实更喜欢是由当面交给老师这种的，假如说晚上接送孩子，然后跟跟家，跟老师有有，比方说沟通交通学习啊。,True,partial,高重叠不确定,,,uncertainty,高重叠语音，内容或说话人归属不确定,,,多人同时说话，按项目规则标为不确定
R8003_M8001,R8003_M8001_seg0120,1309.860,1314.840,N_SPK8002,沟通孩子的学习啊，这这一系列的吧，然后把把东西交给老师，当面给。,False,none,沟通孩子的学习，这这一系列的吧，把把...,,,speaker_stance,认为沟通孩子的学习，这这一系列的吧，把把东西交给老师，当面给,,,
R8003_M8001,R8003_M8001_seg0121,1315.490,1331.520,N_SPK8003,都免费。,True,full,高重叠不确定,,,uncertainty,高重叠语音，内容或说话人归属不确定,,,多人同时说话，按项目规则标为不确定
R8003_M8001,R8003_M8001_seg0121,1315.490,1331.520,N_SPK8001,现在都是都是公众都是公众场合儿，你不管你给老师什么东西，你要跟老师接触好多人那都看着呢，人家老师也也是害怕的。,True,full,高重叠不确定,,,uncertainty,高重叠语音，内容或说话人归属不确定,,,多人同时说话，按项目规则标为不确定
R8003_M8001,R8003_M8001_seg0121,1315.490,1331.520,N_SPK8004,嗯。,True,full,高重叠不确定,,,uncertainty,高重叠语音，内容或说话人归属不确定,,,多人同时说话，按项目规则标为不确定
R8003_M8001,R8003_M8001_seg0121,1315.490,1331.520,N_SPK8002,对。,True,full,高重叠不确定,,,uncertainty,高重叠语音，内容或说话人归属不确定,,,多人同时说话，按项目规则标为不确定
R8003_M8001,R8003_M8001_seg0121,1315.490,1331.520,N_SPK8004,对。,True,full,高重叠不确定,,,uncertainty,高重叠语音，内容或说话人归属不确定,,,多人同时说话，按项目规则标为不确定
R8003_M8001,R8003_M8001_seg0121,1315.490,1331.520,N_SPK8002,都是公，嗯，对公众，都都是公众场合，对，就。,True,full,高重叠不确定,,,uncertainty,高重叠语音，内容或说话人归属不确定,,,多人同时说话，按项目规则标为不确定
R8003_M8001,R8003_M8001_seg0121,1315.490,1331.520,N_SPK8004,对。,True,full,高重叠不确定,,,uncertainty,高重叠语音，内容或说话人归属不确定,,,多人同时说话，按项目规则标为不确定
R8003_M8001,R8003_M8001_seg0121,1315.490,1331.520,N_SPK8003,确实是，嗯。,True,full,高重叠不确定,,,uncertainty,高重叠语音，内容或说话人归属不确定,,,多人同时说话，按项目规则标为不确定
R8003_M8001,R8003_M8001_seg0121,1315.490,1331.520,N_SPK8004,嗯，都是公众场合。,True,full,高重叠不确定,,,uncertainty,高重叠语音，内容或说话人归属不确定,,,多人同时说话，按项目规则标为不确定
R8003_M8001,R8003_M8001_seg0121,1315.490,1331.520,N_SPK8004,没错。,True,full,高重叠不确定,,,uncertainty,高重叠语音，内容或说话人归属不确定,,,多人同时说话，按项目规则标为不确定
R8003_M8001,R8003_M8001_seg0121,1315.490,1331.520,N_SPK8002,嗯。,True,full,高重叠不确定,,,uncertainty,高重叠语音，内容或说话人归属不确定,,,多人同时说话，按项目规则标为不确定
R8003_M8001,R8003_M8001_seg0121,1315.490,1331.520,N_SPK8004,咱们也要主主一观形态的去保护老师嘛。,True,full,高重叠不确定,,,uncertainty,高重叠语音，内容或说话人归属不确定,,,多人同时说话，按项目规则标为不确定
R8003_M8001,R8003_M8001_seg0122,1331.730,1338.850,N_SPK8001,对因为主要是咱们送东西是是咱们的心意，但是主要人老师这个影响不影响人家。,True,partial,高重叠不确定,,,uncertainty,高重叠语音，内容或说话人归属不确定,,,多人同时说话，按项目规则标为不确定
R8003_M8001,R8003_M8001_seg0122,1331.730,1338.850,N_SPK8003,对，对对对。,True,partial,高重叠不确定,,,uncertainty,高重叠语音，内容或说话人归属不确定,,,多人同时说话，按项目规则标为不确定
R8003_M8001,R8003_M8001_seg0122,1331.730,1338.850,N_SPK8002,其。,True,partial,高重叠不确定,,,uncertainty,高重叠语音，内容或说话人归属不确定,,,多人同时说话，按项目规则标为不确定
R8003_M8001,R8003_M8001_seg0122,1331.730,1338.850,N_SPK8004,对。,True,partial,高重叠不确定,,,uncertainty,高重叠语音，内容或说话人归属不确定,,,多人同时说话，按项目规则标为不确定
R8003_M8001,R8003_M8001_seg0123,1339.230,1345.960,N_SPK8004,对，别因为教师节人之后这个影响教学了。,True,partial,高重叠不确定,,,uncertainty,高重叠语音，内容或说话人归属不确定,,,多人同时说话，按项目规则标为不确定
R8003_M8001,R8003_M8001_seg0123,1339.230,1345.960,N_SPK8001,是不是。,True,partial,高重叠不确定,,,uncertainty,高重叠语音，内容或说话人归属不确定,,,多人同时说话，按项目规则标为不确定
R8003_M8001,R8003_M8001_seg0123,1339.230,1345.960,N_SPK8001,工作完丢了可可干了。,True,partial,高重叠不确定,,,uncertainty,高重叠语音，内容或说话人归属不确定,,,多人同时说话，按项目规则标为不确定
R8003_M8001,R8003_M8001_seg0123,1339.230,1345.960,N_SPK8002,嗯。,True,partial,高重叠不确定,,,uncertainty,高重叠语音，内容或说话人归属不确定,,,多人同时说话，按项目规则标为不确定
R8003_M8001,R8003_M8001_seg0123,1339.230,1345.960,N_SPK8004,嗯这个到时候不好。,True,partial,高重叠不确定,,,uncertainty,高重叠语音，内容或说话人归属不确定,,,多人同时说话，按项目规则标为不确定
R8003_M8001,R8003_M8001_seg0124,1346.230,1356.390,N_SPK8002,你看今，这个今年这个教师节，我们家就是我我同事的孩子，他就是买了，买了一箱这个三三只松鼠，然后给送过去的。,True,partial,高重叠不确定,,,uncertainty,高重叠语音，内容或说话人归属不确定,,,多人同时说话，按项目规则标为不确定
R8003_M8001,R8003_M8001_seg0124,1346.230,1356.390,N_SPK8003,对。,True,partial,高重叠不确定,,,uncertainty,高重叠语音，内容或说话人归属不确定,,,多人同时说话，按项目规则标为不确定
R8003_M8001,R8003_M8001_seg0124,1346.230,1356.390,N_SPK8004,嗯。,True,partial,高重叠不确定,,,uncertainty,高重叠语音，内容或说话人归属不确定,,,多人同时说话，按项目规则标为不确定
R8003_M8001,R8003_M8001_seg0125,1357.790,1379.990,N_SPK8003,其实这种的，要是说能够明目明面儿上看的这个东西价值不是很高而且又很实用的东西，其实其实直接送过去也倒没什么，就怕说这个东西可能略显贵重啊，或者说让人觉得可能。,True,partial,高重叠不确定,,,uncertainty,高重叠语音，内容或说话人归属不确定,,,多人同时说话，按项目规则标为不确定
R8003_M8001,R8003_M8001_seg0125,1357.790,1379.990,N_SPK8002,对。,True,partial,高重叠不确定,,,uncertainty,高重叠语音，内容或说话人归属不确定,,,多人同时说话，按项目规则标为不确定
R8003_M8001,R8003_M8001_seg0125,1357.790,1379.990,N_SPK8004,嗯。,True,partial,高重叠不确定,,,uncertainty,高重叠语音，内容或说话人归属不确定,,,多人同时说话，按项目规则标为不确定
R8003_M8001,R8003_M8001_seg0125,1357.790,1379.990,N_SPK8002,对。对，三只三三只松鼠是直接送，我觉得。,True,partial,高重叠不确定,,,uncertainty,高重叠语音，内容或说话人归属不确定,,,多人同时说话，按项目规则标为不确定
R8003_M8001,R8003_M8001_seg0125,1357.790,1379.990,N_SPK8004,嗯。,True,partial,高重叠不确定,,,uncertainty,高重叠语音，内容或说话人归属不确定,,,多人同时说话，按项目规则标为不确定
R8003_M8001,R8003_M8001_seg0125,1357.790,1379.990,N_SPK8002,嗯。,True,partial,高重叠不确定,,,uncertainty,高重叠语音，内容或说话人归属不确定,,,多人同时说话，按项目规则标为不确定
R8003_M8001,R8003_M8001_seg0125,1357.790,1379.990,N_SPK8002,我觉得，我觉得家长可能，可能就是不会太，就是在这个价格方面，可能不会选择太高。,True,partial,高重叠不确定,,,uncertainty,高重叠语音，内容或说话人归属不确定,,,多人同时说话，按项目规则标为不确定
R8003_M8001,R8003_M8001_seg0125,1357.790,1379.990,N_SPK8003,嗯。,True,partial,高重叠不确定,,,uncertainty,高重叠语音，内容或说话人归属不确定,,,多人同时说话，按项目规则标为不确定
R8003_M8001,R8003_M8001_seg0126,1380.050,1393.300,N_SPK8003,啊对，我觉得这个东西因人而异吧，这个家里什么条件，你得于这个送礼的标准是不同的，不可能说家里头特别富裕的，还能送的跟那个比较贫寒人的这个这个。,True,partial,高重叠不确定,,,uncertainty,高重叠语音，内容或说话人归属不确定,,,多人同时说话，按项目规则标为不确定
R8003_M8001,R8003_M8001_seg0126,1380.050,1393.300,N_SPK8002,对因人，嗯，对。,True,partial,高重叠不确定,,,uncertainty,高重叠语音，内容或说话人归属不确定,,,多人同时说话，按项目规则标为不确定
R8003_M8001,R8003_M8001_seg0126,1380.050,1393.300,N_SPK8004,嗯。,True,partial,高重叠不确定,,,uncertainty,高重叠语音，内容或说话人归属不确定,,,多人同时说话，按项目规则标为不确定
R8003_M8001,R8003_M8001_seg0126,1380.050,1393.300,N_SPK8002,嗯。,True,partial,高重叠不确定,,,uncertainty,高重叠语音，内容或说话人归属不确定,,,多人同时说话，按项目规则标为不确定
R8003_M8001,R8003_M8001_seg0126,1380.050,1393.300,N_SPK8004,嗯，嗯。,True,partial,高重叠不确定,,,uncertainty,高重叠语音，内容或说话人归属不确定,,,多人同时说话，按项目规则标为不确定
R8003_M8001,R8003_M8001_seg0126,1380.050,1393.300,N_SPK8004,对。,True,partial,高重叠不确定,,,uncertainty,高重叠语音，内容或说话人归属不确定,,,多人同时说话，按项目规则标为不确定
R8003_M8001,R8003_M8001_seg0127,1393.980,1410.170,N_SPK8003,是一样的，这这肯定是有差别的，是吧，嗯。,True,partial,高重叠不确定,,,uncertainty,高重叠语音，内容或说话人归属不确定,,,多人同时说话，按项目规则标为不确定
R8003_M8001,R8003_M8001_seg0127,1393.980,1410.170,N_SPK8002,嗯。,True,partial,高重叠不确定,,,uncertainty,高重叠语音，内容或说话人归属不确定,,,多人同时说话，按项目规则标为不确定
R8003_M8001,R8003_M8001_seg0127,1393.980,1410.170,N_SPK8001,对，送人这是根据自己的自己的收入，自己家庭情况是吧送老师的什么东西。,True,partial,高重叠不确定,,,uncertainty,高重叠语音，内容或说话人归属不确定,,,多人同时说话，按项目规则标为不确定
R8003_M8001,R8003_M8001_seg0127,1393.980,1410.170,N_SPK8004,嗯。,True,partial,高重叠不确定,,,uncertainty,高重叠语音，内容或说话人归属不确定,,,多人同时说话，按项目规则标为不确定
R8003_M8001,R8003_M8001_seg0127,1393.980,1410.170,N_SPK8003,嗯。,True,partial,高重叠不确定,,,uncertainty,高重叠语音，内容或说话人归属不确定,,,多人同时说话，按项目规则标为不确定
R8003_M8001,R8003_M8001_seg0127,1393.980,1410.170,N_SPK8002,根据自个儿家庭的情况，然后来来选择了这个东西，我觉得选择。,True,partial,高重叠不确定,,,uncertainty,高重叠语音，内容或说话人归属不确定,,,多人同时说话，按项目规则标为不确定
R8003_M8001,R8003_M8001_seg0127,1393.980,1410.170,N_SPK8001,对送老师的东西，价值高低的。,True,partial,高重叠不确定,,,uncertainty,高重叠语音，内容或说话人归属不确定,,,多人同时说话，按项目规则标为不确定
R8003_M8001,R8003_M8001_seg0127,1393.980,1410.170,N_SPK8003,嗯嗯嗯嗯。,True,partial,高重叠不确定,,,uncertainty,高重叠语音，内容或说话人归属不确定,,,多人同时说话，按项目规则标为不确定
R8003_M8001,R8003_M8001_seg0128,1410.730,1423.900,N_SPK8002,我觉得价值高低，我觉得也可以根据不同的礼物，不同的价格，然后选择不同的形式来去配送吧，不能说我一概的说我我去带到学校，或者说我一概的去以配送的这个形式。,False,none,价值高低，也可以根据不同的礼物，不同...,,,speaker_stance,认为价值高低，也可以根据不同的礼物，不同的价格，选择不同的形式来去配送吧，不能说我一概的说我...,,,
R8003_M8001,R8003_M8001_seg0129,1425.850,1440.050,N_SPK8003,对，就是说，嗯。,True,partial,高重叠不确定,,,uncertainty,高重叠语音，内容或说话人归属不确定,,,多人同时说话，按项目规则标为不确定
R8003_M8001,R8003_M8001_seg0129,1425.850,1440.050,N_SPK8001,反正主咱们最主要的是呃，没跟你说心情咱们家长的心情在这呢，说老师给跟咱们的对咱们的孩子付出一年了是吧，辛苦一年了咱们要表示表示心意。,True,partial,高重叠不确定,,,uncertainty,高重叠语音，内容或说话人归属不确定,,,多人同时说话，按项目规则标为不确定
R8003_M8001,R8003_M8001_seg0129,1425.850,1440.050,N_SPK8004,嗯。,True,partial,高重叠不确定,,,uncertainty,高重叠语音，内容或说话人归属不确定,,,多人同时说话，按项目规则标为不确定
R8003_M8001,R8003_M8001_seg0129,1425.850,1440.050,N_SPK8002,我。,True,partial,高重叠不确定,,,uncertainty,高重叠语音，内容或说话人归属不确定,,,多人同时说话，按项目规则标为不确定
R8003_M8001,R8003_M8001_seg0130,1440.840,1447.250,N_SPK8001,但是主要的还得要为人老师着想，嗯跟老师沟通怎么。,False,none,但是主要的还得要为人老师着想，跟老师...,,,speaker_stance,认为但是主要的还得要为人老师着想，跟老师沟通怎么,,,
R8003_M8001,R8003_M8001_seg0131,1448.220,1449.380,N_SPK8001,用用什么方式。,False,none,用用什么方式,,,speaker_stance,认为用用什么方式,,,
R8003_M8001,R8003_M8001_seg0132,1450.450,1450.780,N_SPK8001,是吧。,False,none,是吧,,,speaker_stance,认为是吧,,,
R8003_M8001,R8003_M8001_seg0133,1453.250,1459.670,N_SPK8003,这个确实是一个问题哈，那也就是说，咱们实际上已经确定下来了。,True,partial,高重叠不确定,,,uncertainty,高重叠语音，内容或说话人归属不确定,,,多人同时说话，按项目规则标为不确定
R8003_M8001,R8003_M8001_seg0133,1453.250,1459.670,N_SPK8001,嗯，这个。,True,partial,高重叠不确定,,,uncertainty,高重叠语音，内容或说话人归属不确定,,,多人同时说话，按项目规则标为不确定
R8003_M8001,R8003_M8001_seg0134,1460.260,1472.850,N_SPK8004,嗯。嗯。,True,partial,高重叠不确定,,,uncertainty,高重叠语音，内容或说话人归属不确定,,,多人同时说话，按项目规则标为不确定
R8003_M8001,R8003_M8001_seg0134,1460.260,1472.850,N_SPK8003,嗯，第一步呢，先跟老师把地址，看看能不能索要过来，那么这个前提条件就会出现有两个分支，那么一个是呢老师把地址提供给咱们了。,True,partial,高重叠不确定,,,uncertainty,高重叠语音，内容或说话人归属不确定,,,多人同时说话，按项目规则标为不确定
R8003_M8001,R8003_M8001_seg0134,1460.260,1472.850,N_SPK8004,对。,True,partial,高重叠不确定,,,uncertainty,高重叠语音，内容或说话人归属不确定,,,多人同时说话，按项目规则标为不确定
R8003_M8001,R8003_M8001_seg0134,1460.260,1472.850,N_SPK8004,主要过来。,True,partial,高重叠不确定,,,uncertainty,高重叠语音，内容或说话人归属不确定,,,多人同时说话，按项目规则标为不确定
R8003_M8001,R8003_M8001_seg0134,1460.260,1472.850,N_SPK8002,嗯嗯。,True,partial,高重叠不确定,,,uncertainty,高重叠语音，内容或说话人归属不确定,,,多人同时说话，按项目规则标为不确定
R8003_M8001,R8003_M8001_seg0134,1460.260,1472.850,N_SPK8004,嗯。,True,partial,高重叠不确定,,,uncertainty,高重叠语音，内容或说话人归属不确定,,,多人同时说话，按项目规则标为不确定
R8003_M8001,R8003_M8001_seg0135,1474.050,1479.450,N_SPK8003,啊，一个是没有提供，如果说没有提供的话，那么咱们就选。,False,none,一个是没有提供，如果说没有提供，那么...,,,speaker_stance,认为一个是没有提供，如果说没有提供，那么就选,,,
R8003_M8001,R8003_M8001_seg0136,1480.910,1498.070,N_SPK8002,闪送。,True,partial,高重叠不确定,,,uncertainty,高重叠语音，内容或说话人归属不确定,,,多人同时说话，按项目规则标为不确定
R8003_M8001,R8003_M8001_seg0136,1480.910,1498.070,N_SPK8003,呃这种比如说购物卡呀或者什么的这种小东西。,True,partial,高重叠不确定,,,uncertainty,高重叠语音，内容或说话人归属不确定,,,多人同时说话，按项目规则标为不确定
R8003_M8001,R8003_M8001_seg0136,1480.910,1498.070,N_SPK8004,嗯。,True,partial,高重叠不确定,,,uncertainty,高重叠语音，内容或说话人归属不确定,,,多人同时说话，按项目规则标为不确定
R8003_M8001,R8003_M8001_seg0136,1480.910,1498.070,N_SPK8002,嗯。,True,partial,高重叠不确定,,,uncertainty,高重叠语音，内容或说话人归属不确定,,,多人同时说话，按项目规则标为不确定
R8003_M8001,R8003_M8001_seg0136,1480.910,1498.070,N_SPK8004,这个这个里边儿还有涉及到一个问题，第一个分支呢，就是索要到了地址，第二个分支就是老师不愿意给地址，那不愿意给地址的前提是咱们已经表明了目的。,True,partial,高重叠不确定,,,uncertainty,高重叠语音，内容或说话人归属不确定,,,多人同时说话，按项目规则标为不确定
R8003_M8001,R8003_M8001_seg0136,1480.910,1498.070,N_SPK8003,去去整啊。,True,partial,高重叠不确定,,,uncertainty,高重叠语音，内容或说话人归属不确定,,,多人同时说话，按项目规则标为不确定
R8003_M8001,R8003_M8001_seg0136,1480.910,1498.070,N_SPK8003,嗯。,True,partial,高重叠不确定,,,uncertainty,高重叠语音，内容或说话人归属不确定,,,多人同时说话，按项目规则标为不确定
R8003_M8001,R8003_M8001_seg0136,1480.910,1498.070,N_SPK8002,没。,True,partial,高重叠不确定,,,uncertainty,高重叠语音，内容或说话人归属不确定,,,多人同时说话，按项目规则标为不确定
R8003_M8001,R8003_M8001_seg0136,1480.910,1498.070,N_SPK8003,对。,True,partial,高重叠不确定,,,uncertainty,高重叠语音，内容或说话人归属不确定,,,多人同时说话，按项目规则标为不确定
R8003_M8001,R8003_M8001_seg0137,1498.650,1510.230,N_SPK8004,借着教师节，哎对您这个一年的感谢，送一些比较实用的礼品，不愿意提供地址那么，呃那那这边的话他，愿不愿意接收礼物？,True,partial,高重叠不确定,,,uncertainty,高重叠语音，内容或说话人归属不确定,,,多人同时说话，按项目规则标为不确定
R8003_M8001,R8003_M8001_seg0137,1498.650,1510.230,N_SPK8003,对。,True,partial,高重叠不确定,,,uncertainty,高重叠语音，内容或说话人归属不确定,,,多人同时说话，按项目规则标为不确定
R8003_M8001,R8003_M8001_seg0138,1510.750,1518.960,N_SPK8004,如果他要是不愿意提供地址，也不愿意接收礼物，那么第二个这个分支可能就省省下了。,True,partial,高重叠不确定,,,uncertainty,高重叠语音，内容或说话人归属不确定,,,多人同时说话，按项目规则标为不确定
R8003_M8001,R8003_M8001_seg0138,1510.750,1518.960,N_SPK8003,对。,True,partial,高重叠不确定,,,uncertainty,高重叠语音，内容或说话人归属不确定,,,多人同时说话，按项目规则标为不确定
R8003_M8001,R8003_M8001_seg0139,1519.890,1520.550,N_SPK8003,就不送了。,False,none,就不送了,,,speaker_stance,认为就不送了,,,
R8003_M8001,R8003_M8001_seg0140,1521.230,1533.870,N_SPK8004,我觉得来说他要不接受呢，咱们也不能强求，强人所难有的教师他的心里就是觉得我就是像医务人员白衣天使似的，我就是为孩子心甘情愿的去付出的。,True,partial,高重叠不确定,,,uncertainty,高重叠语音，内容或说话人归属不确定,,,多人同时说话，按项目规则标为不确定
R8003_M8001,R8003_M8001_seg0140,1521.230,1533.870,N_SPK8003,啊。,True,partial,高重叠不确定,,,uncertainty,高重叠语音，内容或说话人归属不确定,,,多人同时说话，按项目规则标为不确定
R8003_M8001,R8003_M8001_seg0140,1521.230,1533.870,N_SPK8002,那。,True,partial,高重叠不确定,,,uncertainty,高重叠语音，内容或说话人归属不确定,,,多人同时说话，按项目规则标为不确定
R8003_M8001,R8003_M8001_seg0141,1534.270,1547.130,N_SPK8003,那我觉得这个是一份心意吧，我觉得你真是，不管哪种哪种情况。,True,partial,高重叠不确定,,,uncertainty,高重叠语音，内容或说话人归属不确定,,,多人同时说话，按项目规则标为不确定
R8003_M8001,R8003_M8001_seg0141,1534.270,1547.130,N_SPK8002,这份儿心意，这份儿那那像。,True,partial,高重叠不确定,,,uncertainty,高重叠语音，内容或说话人归属不确定,,,多人同时说话，按项目规则标为不确定
R8003_M8001,R8003_M8001_seg0141,1534.270,1547.130,N_SPK8004,这一份心意，我就是。,True,partial,高重叠不确定,,,uncertainty,高重叠语音，内容或说话人归属不确定,,,多人同时说话，按项目规则标为不确定
R8003_M8001,R8003_M8001_seg0141,1534.270,1547.130,N_SPK8004,我是不想要，我就不想接受，那你说咱们一他一味的要强顶着，那你说咱们的礼物。,True,partial,高重叠不确定,,,uncertainty,高重叠语音，内容或说话人归属不确定,,,多人同时说话，按项目规则标为不确定
R8003_M8001,R8003_M8001_seg0142,1548.210,1550.040,N_SPK8004,还是要送吗？,False,none,还是要送吗？,,,open_question,待确认还是要送吗？,,,
R8003_M8001,R8003_M8001_seg0143,1550.730,1554.630,N_SPK8002,我觉得像这种吧就是，咱们可以就是，嗯。,True,partial,高重叠不确定,,,uncertainty,高重叠语音，内容或说话人归属不确定,,,多人同时说话，按项目规则标为不确定
R8003_M8001,R8003_M8001_seg0143,1550.730,1554.630,N_SPK8004,这。,True,partial,高重叠不确定,,,uncertainty,高重叠语音，内容或说话人归属不确定,,,多人同时说话，按项目规则标为不确定
R8003_M8001,R8003_M8001_seg0144,1555.800,1558.010,N_SPK8002,选择其他的礼物，比方说。,False,none,选择其他的礼物，比方说,,,speaker_stance,认为选择其他的礼物，比方说,,,
R8003_M8001,R8003_M8001_seg0145,1559.260,1561.450,N_SPK8002,巧克力或者保温杯这种的。,False,none,巧克力或者保温杯这种的,,,speaker_stance,认为巧克力或者保温杯这种的,,,
R8003_M8001,R8003_M8001_seg0146,1561.920,1564.210,N_SPK8004,那你就得后备，备再备一份儿。,False,none,那你就得后备，备再备一份儿,,,speaker_stance,认为那你就得后备，备再备一份儿,,,
R8003_M8001,R8003_M8001_seg0147,1564.380,1564.640,N_SPK8002,对。,False,none,对,,,speaker_stance,认为对,,,
R8003_M8001,R8003_M8001_seg0148,1564.900,1570.120,N_SPK8004,如果这个第一份礼物不需要，他就是不接收，就是不想提供地址。,True,partial,高重叠不确定,,,uncertainty,高重叠语音，内容或说话人归属不确定,,,多人同时说话，按项目规则标为不确定
R8003_M8001,R8003_M8001_seg0148,1564.900,1570.120,N_SPK8003,那也就是。,True,partial,高重叠不确定,,,uncertainty,高重叠语音，内容或说话人归属不确定,,,多人同时说话，按项目规则标为不确定
R8003_M8001,R8003_M8001_seg0148,1564.900,1570.120,N_SPK8002,嗯。,True,partial,高重叠不确定,,,uncertainty,高重叠语音，内容或说话人归属不确定,,,多人同时说话，按项目规则标为不确定
R8003_M8001,R8003_M8001_seg0148,1564.900,1570.120,N_SPK8003,嗯，嗯。,True,partial,高重叠不确定,,,uncertainty,高重叠语音，内容或说话人归属不确定,,,多人同时说话，按项目规则标为不确定
R8003_M8001,R8003_M8001_seg0149,1570.890,1593.740,N_SPK8002,我可以就是比方说，呃，这一个家庭，除了孩子做一个这个手工以外，然后可以，还可以再选择两到，两两个礼物的，就选择就想说一个是给地址，或者一个是不给地址。,True,partial,高重叠不确定,,,uncertainty,高重叠语音，内容或说话人归属不确定,,,多人同时说话，按项目规则标为不确定
R8003_M8001,R8003_M8001_seg0149,1570.890,1593.740,N_SPK8003,嗯。,True,partial,高重叠不确定,,,uncertainty,高重叠语音，内容或说话人归属不确定,,,多人同时说话，按项目规则标为不确定
R8003_M8001,R8003_M8001_seg0149,1570.890,1593.740,N_SPK8004,如果假设他所有的礼物我都不接收，就在咱们在这个第二个分支上，呃他依旧索要地址，第二个不给地址，我也不接收礼物，这个时候怎么办？,True,partial,高重叠不确定,,,uncertainty,高重叠语音，内容或说话人归属不确定,,,多人同时说话，按项目规则标为不确定
R8003_M8001,R8003_M8001_seg0149,1570.890,1593.740,N_SPK8003,嗯。,True,partial,高重叠不确定,,,uncertainty,高重叠语音，内容或说话人归属不确定,,,多人同时说话，按项目规则标为不确定
R8003_M8001,R8003_M8001_seg0149,1570.890,1593.740,N_SPK8002,嗯。,True,partial,高重叠不确定,,,uncertainty,高重叠语音，内容或说话人归属不确定,,,多人同时说话，按项目规则标为不确定
R8003_M8001,R8003_M8001_seg0150,1594.170,1598.820,N_SPK8002,那就干脆就，就很简单，很简很简单，那就买一束鲜花送过去。,True,full,高重叠不确定,,,uncertainty,高重叠语音，内容或说话人归属不确定,,,多人同时说话，按项目规则标为不确定
R8003_M8001,R8003_M8001_seg0150,1594.170,1598.820,N_SPK8001,我认为这个家长啊要想给老师礼物。,True,full,高重叠不确定,,,uncertainty,高重叠语音，内容或说话人归属不确定,,,多人同时说话，按项目规则标为不确定
R8003_M8001,R8003_M8001_seg0151,1598.880,1633.900,N_SPK8001,不管他什么时候他给买完了这个东西了，他变相变法儿的反正不管怎么着想方设法也得把那个心意也得给人老师。,True,partial,高重叠不确定,,,uncertainty,高重叠语音，内容或说话人归属不确定,,,多人同时说话，按项目规则标为不确定
R8003_M8001,R8003_M8001_seg0151,1598.880,1633.900,N_SPK8004,我觉得如果呢，他要是一定不接收，咱们只要表达了心意，我觉得就够了。,True,partial,高重叠不确定,,,uncertainty,高重叠语音，内容或说话人归属不确定,,,多人同时说话，按项目规则标为不确定
R8003_M8001,R8003_M8001_seg0151,1598.880,1633.900,N_SPK8002,对，不如果他，如果说他要是一定不接受，就是怎么都不接收，那咱就，就不要强人所难了，不要强人所难了。,True,partial,高重叠不确定,,,uncertainty,高重叠语音，内容或说话人归属不确定,,,多人同时说话，按项目规则标为不确定
R8003_M8001,R8003_M8001_seg0151,1598.880,1633.900,N_SPK8003,就可以了，是吧嗯。,True,partial,高重叠不确定,,,uncertainty,高重叠语音，内容或说话人归属不确定,,,多人同时说话，按项目规则标为不确定
R8003_M8001,R8003_M8001_seg0151,1598.880,1633.900,N_SPK8004,对，如果要是说不强人所难的他一定不接收，一定不提供地址，那咱们就把心意传达就够了，那么就只有把第二个分支砍掉，就只剩第一个分支，他索索取了咱们索取了地址。,True,partial,高重叠不确定,,,uncertainty,高重叠语音，内容或说话人归属不确定,,,多人同时说话，按项目规则标为不确定
R8003_M8001,R8003_M8001_seg0151,1598.880,1633.900,N_SPK8002,就是。,True,partial,高重叠不确定,,,uncertainty,高重叠语音，内容或说话人归属不确定,,,多人同时说话，按项目规则标为不确定
R8003_M8001,R8003_M8001_seg0151,1598.880,1633.900,N_SPK8002,对，或。,True,partial,高重叠不确定,,,uncertainty,高重叠语音，内容或说话人归属不确定,,,多人同时说话，按项目规则标为不确定
R8003_M8001,R8003_M8001_seg0152,1633.940,1634.180,N_SPK8002,嗯。,False,none,嗯。,,,speaker_stance,认为嗯,,,
R8003_M8001,R8003_M8001_seg0153,1634.270,1637.810,N_SPK8003,嗯。,True,partial,高重叠不确定,,,uncertainty,高重叠语音，内容或说话人归属不确定,,,多人同时说话，按项目规则标为不确定
R8003_M8001,R8003_M8001_seg0153,1634.270,1637.810,N_SPK8004,那么就直接给他弄家里，这个事儿就搞定了。,True,partial,高重叠不确定,,,uncertainty,高重叠语音，内容或说话人归属不确定,,,多人同时说话，按项目规则标为不确定
R8003_M8001,R8003_M8001_seg0153,1634.270,1637.810,N_SPK8002,ok了。,True,partial,高重叠不确定,,,uncertainty,高重叠语音，内容或说话人归属不确定,,,多人同时说话，按项目规则标为不确定
R8003_M8001,R8003_M8001_seg0154,1638.260,1652.050,N_SPK8003,对，这个其实如果能提供地址址的话，这个事情就迎刃而解了，是吧嗯。,True,partial,高重叠不确定,,,uncertainty,高重叠语音，内容或说话人归属不确定,,,多人同时说话，按项目规则标为不确定
R8003_M8001,R8003_M8001_seg0154,1638.260,1652.050,N_SPK8002,如果说他是要说说。,True,partial,高重叠不确定,,,uncertainty,高重叠语音，内容或说话人归属不确定,,,多人同时说话，按项目规则标为不确定
R8003_M8001,R8003_M8001_seg0154,1638.260,1652.050,N_SPK8004,唉，对对对。,True,partial,高重叠不确定,,,uncertainty,高重叠语音，内容或说话人归属不确定,,,多人同时说话，按项目规则标为不确定
R8003_M8001,R8003_M8001_seg0154,1638.260,1652.050,N_SPK8002,对呀，如果说那又是像那种可以买个就是巧克力，就就就是就几块儿的那种的带过去，由孩子带过去就ok了。,True,partial,高重叠不确定,,,uncertainty,高重叠语音，内容或说话人归属不确定,,,多人同时说话，按项目规则标为不确定
R8003_M8001,R8003_M8001_seg0155,1652.320,1654.410,N_SPK8003,那也就是说，比如说这个。,False,none,那也，比如说,,,speaker_stance,认为那也，比如说,,,
R8003_M8001,R8003_M8001_seg0156,1655.350,1674.920,N_SPK8003,教师表现明确是不收不需要啊之类的，那这种情况的话，就让这个孩子带个小的比较，比较简单的礼物啊。,True,partial,高重叠不确定,,,uncertainty,高重叠语音，内容或说话人归属不确定,,,多人同时说话，按项目规则标为不确定
R8003_M8001,R8003_M8001_seg0156,1655.350,1674.920,N_SPK8004,嗯。,True,partial,高重叠不确定,,,uncertainty,高重叠语音，内容或说话人归属不确定,,,多人同时说话，按项目规则标为不确定
R8003_M8001,R8003_M8001_seg0156,1655.350,1674.920,N_SPK8002,比较对，小盆栽啊，或者巧克力的就不，对，小小礼物。,True,partial,高重叠不确定,,,uncertainty,高重叠语音，内容或说话人归属不确定,,,多人同时说话，按项目规则标为不确定
R8003_M8001,R8003_M8001_seg0156,1655.350,1674.920,N_SPK8004,那对对对。,True,partial,高重叠不确定,,,uncertainty,高重叠语音，内容或说话人归属不确定,,,多人同时说话，按项目规则标为不确定
R8003_M8001,R8003_M8001_seg0156,1655.350,1674.920,N_SPK8003,这个非常大方，就即便就是老师老师收取了，那也不会让别人觉得，这个有什么不一样的异样看法呀之类的，啊。,True,partial,高重叠不确定,,,uncertainty,高重叠语音，内容或说话人归属不确定,,,多人同时说话，按项目规则标为不确定
R8003_M8001,R8003_M8001_seg0156,1655.350,1674.920,N_SPK8001,就让孩子能。,True,partial,高重叠不确定,,,uncertainty,高重叠语音，内容或说话人归属不确定,,,多人同时说话，按项目规则标为不确定
R8003_M8001,R8003_M8001_seg0156,1655.350,1674.920,N_SPK8004,嗯。,True,partial,高重叠不确定,,,uncertainty,高重叠语音，内容或说话人归属不确定,,,多人同时说话，按项目规则标为不确定
R8003_M8001,R8003_M8001_seg0156,1655.350,1674.920,N_SPK8004,对。,True,partial,高重叠不确定,,,uncertainty,高重叠语音，内容或说话人归属不确定,,,多人同时说话，按项目规则标为不确定
R8003_M8001,R8003_M8001_seg0156,1655.350,1674.920,N_SPK8004,对对对。,True,partial,高重叠不确定,,,uncertainty,高重叠语音，内容或说话人归属不确定,,,多人同时说话，按项目规则标为不确定
R8003_M8001,R8003_M8001_seg0156,1655.350,1674.920,N_SPK8001,对。,True,partial,高重叠不确定,,,uncertainty,高重叠语音，内容或说话人归属不确定,,,多人同时说话，按项目规则标为不确定
R8003_M8001,R8003_M8001_seg0157,1674.930,1675.310,N_SPK8002,嗯。,False,none,嗯。,,,speaker_stance,认为嗯,,,
R8003_M8001,R8003_M8001_seg0158,1675.380,1688.720,N_SPK8003,如果说呢他要提供地址呢，那咱们就可以把咱们，把咱们就是说，对，想好了的到底送啊什么东西。,True,partial,高重叠不确定,,,uncertainty,高重叠语音，内容或说话人归属不确定,,,多人同时说话，按项目规则标为不确定
R8003_M8001,R8003_M8001_seg0158,1675.380,1688.720,N_SPK8002,那就咱该寄的寄就该，啊对，然后前前后两天都可以。,True,partial,高重叠不确定,,,uncertainty,高重叠语音，内容或说话人归属不确定,,,多人同时说话，按项目规则标为不确定
R8003_M8001,R8003_M8001_seg0158,1675.380,1688.720,N_SPK8001,当然可以有咱们的。,True,partial,高重叠不确定,,,uncertainty,高重叠语音，内容或说话人归属不确定,,,多人同时说话，按项目规则标为不确定
R8003_M8001,R8003_M8001_seg0158,1675.380,1688.720,N_SPK8004,嗯。,True,partial,高重叠不确定,,,uncertainty,高重叠语音，内容或说话人归属不确定,,,多人同时说话，按项目规则标为不确定
R8003_M8001,R8003_M8001_seg0158,1675.380,1688.720,N_SPK8004,嗯。,True,partial,高重叠不确定,,,uncertainty,高重叠语音，内容或说话人归属不确定,,,多人同时说话，按项目规则标为不确定
R8003_M8001,R8003_M8001_seg0158,1675.380,1688.720,N_SPK8002,同城教师节。,True,partial,高重叠不确定,,,uncertainty,高重叠语音，内容或说话人归属不确定,,,多人同时说话，按项目规则标为不确定
R8003_M8001,R8003_M8001_seg0158,1675.380,1688.720,N_SPK8003,嗯，根据这个这个这个。,True,partial,高重叠不确定,,,uncertainty,高重叠语音，内容或说话人归属不确定,,,多人同时说话，按项目规则标为不确定
R8003_M8001,R8003_M8001_seg0159,1689.070,1704.370,N_SPK8002,啊，八教师节十号十一号，三十三十三十三十一。,True,full,高重叠不确定,,,uncertainty,高重叠语音，内容或说话人归属不确定,,,多人同时说话，按项目规则标为不确定
R8003_M8001,R8003_M8001_seg0159,1689.070,1704.370,N_SPK8003,根据这个情况，是送个护颈仪啊或者送个什么之类的。,True,full,高重叠不确定,,,uncertainty,高重叠语音，内容或说话人归属不确定,,,多人同时说话，按项目规则标为不确定
R8003_M8001,R8003_M8001_seg0159,1689.070,1704.370,N_SPK8004,嗯。,True,full,高重叠不确定,,,uncertainty,高重叠语音，内容或说话人归属不确定,,,多人同时说话，按项目规则标为不确定
R8003_M8001,R8003_M8001_seg0159,1689.070,1704.370,N_SPK8004,对，是送个什么样的产品？这个到时候咱们可以再再。,True,full,高重叠不确定,,,uncertainty,高重叠语音，内容或说话人归属不确定,,,多人同时说话，按项目规则标为不确定
R8003_M8001,R8003_M8001_seg0159,1689.070,1704.370,N_SPK8003,这个是比较暖心的一一些一些的这个，而且老师能用得上的东西。,True,full,高重叠不确定,,,uncertainty,高重叠语音，内容或说话人归属不确定,,,多人同时说话，按项目规则标为不确定
R8003_M8001,R8003_M8001_seg0159,1689.070,1704.370,N_SPK8004,嗯。,True,full,高重叠不确定,,,uncertainty,高重叠语音，内容或说话人归属不确定,,,多人同时说话，按项目规则标为不确定
R8003_M8001,R8003_M8001_seg0159,1689.070,1704.370,N_SPK8002,三十，三十三十一，对，二十八，嗯。,True,full,高重叠不确定,,,uncertainty,高重叠语音，内容或说话人归属不确定,,,多人同时说话，按项目规则标为不确定
R8003_M8001,R8003_M8001_seg0159,1689.070,1704.370,N_SPK8004,嗯。,True,full,高重叠不确定,,,uncertainty,高重叠语音，内容或说话人归属不确定,,,多人同时说话，按项目规则标为不确定
R8003_M8001,R8003_M8001_seg0159,1689.070,1704.370,N_SPK8001,对，就得跟老师反正提前联系得。,True,full,高重叠不确定,,,uncertainty,高重叠语音，内容或说话人归属不确定,,,多人同时说话，按项目规则标为不确定
R8003_M8001,R8003_M8001_seg0159,1689.070,1704.370,N_SPK8003,嗯。,True,full,高重叠不确定,,,uncertainty,高重叠语音，内容或说话人归属不确定,,,多人同时说话，按项目规则标为不确定
R8003_M8001,R8003_M8001_seg0159,1689.070,1704.370,N_SPK8004,嗯。,True,full,高重叠不确定,,,uncertainty,高重叠语音，内容或说话人归属不确定,,,多人同时说话，按项目规则标为不确定
R8003_M8001,R8003_M8001_seg0160,1705.120,1723.810,N_SPK8003,对，也就是这么一个一个情况，那么也就是说他不提供地址，其实给他强制的去给他塞购物卡什么也不合适，是吧，是吧，嗯。,True,partial,高重叠不确定,,,uncertainty,高重叠语音，内容或说话人归属不确定,,,多人同时说话，按项目规则标为不确定
R8003_M8001,R8003_M8001_seg0160,1705.120,1723.810,N_SPK8002,嗯。,True,partial,高重叠不确定,,,uncertainty,高重叠语音，内容或说话人归属不确定,,,多人同时说话，按项目规则标为不确定
R8003_M8001,R8003_M8001_seg0160,1705.120,1723.810,N_SPK8004,嗯。,True,partial,高重叠不确定,,,uncertainty,高重叠语音，内容或说话人归属不确定,,,多人同时说话，按项目规则标为不确定
R8003_M8001,R8003_M8001_seg0160,1705.120,1723.810,N_SPK8004,也不合适。,True,partial,高重叠不确定,,,uncertainty,高重叠语音，内容或说话人归属不确定,,,多人同时说话，按项目规则标为不确定
R8003_M8001,R8003_M8001_seg0160,1705.120,1723.810,N_SPK8002,这对，然后他让他心里不舒服，对，比方说咱本来是一个好心好意让。一个教师节，一个，一个礼貌的一个表达。,True,partial,高重叠不确定,,,uncertainty,高重叠语音，内容或说话人归属不确定,,,多人同时说话，按项目规则标为不确定
R8003_M8001,R8003_M8001_seg0160,1705.120,1723.810,N_SPK8004,嗯。,True,partial,高重叠不确定,,,uncertainty,高重叠语音，内容或说话人归属不确定,,,多人同时说话，按项目规则标为不确定
R8003_M8001,R8003_M8001_seg0160,1705.120,1723.810,N_SPK8003,嗯。,True,partial,高重叠不确定,,,uncertainty,高重叠语音，内容或说话人归属不确定,,,多人同时说话，按项目规则标为不确定
R8003_M8001,R8003_M8001_seg0161,1723.810,1729.100,N_SPK8002,然后如果说说要是强制的话，弄成教师老师不舒服也不好。,False,none,如果说说要是强制，弄成教师老师不舒服...,,,speaker_stance,认为如果说说要是强制，弄成教师老师不舒服也不好,,,
R8003_M8001,R8003_M8001_seg0162,1730.880,1742.920,N_SPK8004,就是咱非常是尊重老师了，老师不收那就不收了，老师要是愿意提供地址，那么咱们也是非常高兴的，咱们就为了大家都比较高兴，就可以了。,True,partial,高重叠不确定,,,uncertainty,高重叠语音，内容或说话人归属不确定,,,多人同时说话，按项目规则标为不确定
R8003_M8001,R8003_M8001_seg0162,1730.880,1742.920,N_SPK8003,对。,True,partial,高重叠不确定,,,uncertainty,高重叠语音，内容或说话人归属不确定,,,多人同时说话，按项目规则标为不确定
R8003_M8001,R8003_M8001_seg0162,1730.880,1742.920,N_SPK8002,对，尊重老师的意愿。,True,partial,高重叠不确定,,,uncertainty,高重叠语音，内容或说话人归属不确定,,,多人同时说话，按项目规则标为不确定
R8003_M8001,R8003_M8001_seg0162,1730.880,1742.920,N_SPK8002,嗯。,True,partial,高重叠不确定,,,uncertainty,高重叠语音，内容或说话人归属不确定,,,多人同时说话，按项目规则标为不确定
R8003_M8001,R8003_M8001_seg0163,1742.970,1750.400,N_SPK8001,其实老师这的心理呢，你一打电话你一说跟他要地址他也就知道怎么回事儿了，他心里就有数了。,False,none,老师这的心理呢，你一打电话你一说跟他...,,,speaker_stance,认为老师这的心理呢，你一打电话你一说跟他要地址他也就知道怎么回事儿了，他心里就有数了,,,
R8003_M8001,R8003_M8001_seg0164,1751.170,1751.670,N_SPK8001,是不是。,False,none,是不是,,,disagreement,存在分歧是不是,,,
R8003_M8001,R8003_M8001_seg0165,1753.020,1761.570,N_SPK8003,就看提供不提供的事儿了，是吧，嗯。,True,partial,高重叠不确定,,,uncertainty,高重叠语音，内容或说话人归属不确定,,,多人同时说话，按项目规则标为不确定
R8003_M8001,R8003_M8001_seg0165,1753.020,1761.570,N_SPK8001,对。,True,partial,高重叠不确定,,,uncertainty,高重叠语音，内容或说话人归属不确定,,,多人同时说话，按项目规则标为不确定
R8003_M8001,R8003_M8001_seg0165,1753.020,1761.570,N_SPK8004,嗯，最重要的是，不管他接收与不接收，咱们把自己对他的这个心意表明了。,True,partial,高重叠不确定,,,uncertainty,高重叠语音，内容或说话人归属不确定,,,多人同时说话，按项目规则标为不确定
R8003_M8001,R8003_M8001_seg0166,1762.430,1763.660,N_SPK8004,我觉得这是最重要的。,False,none,这是最重要的,,,speaker_stance,认为这是最重要的,,,
R8003_M8001,R8003_M8001_seg0167,1766.770,1794.000,N_SPK8001,反正现在还是主要还是嗯。,True,partial,高重叠不确定,,,uncertainty,高重叠语音，内容或说话人归属不确定,,,多人同时说话，按项目规则标为不确定
R8003_M8001,R8003_M8001_seg0167,1766.770,1794.000,N_SPK8004,礼轻情意重嘛。,True,partial,高重叠不确定,,,uncertainty,高重叠语音，内容或说话人归属不确定,,,多人同时说话，按项目规则标为不确定
R8003_M8001,R8003_M8001_seg0167,1766.770,1794.000,N_SPK8001,表跟老师身上表达点儿心意还是呃对他的尊重，他是心理还是比较舒服一点儿我觉得这老师，是吧。,True,partial,高重叠不确定,,,uncertainty,高重叠语音，内容或说话人归属不确定,,,多人同时说话，按项目规则标为不确定
R8003_M8001,R8003_M8001_seg0167,1766.770,1794.000,N_SPK8004,嗯。,True,partial,高重叠不确定,,,uncertainty,高重叠语音，内容或说话人归属不确定,,,多人同时说话，按项目规则标为不确定
R8003_M8001,R8003_M8001_seg0167,1766.770,1794.000,N_SPK8004,对他就比，家长比较认可他的付出，嗯。,True,partial,高重叠不确定,,,uncertainty,高重叠语音，内容或说话人归属不确定,,,多人同时说话，按项目规则标为不确定
R8003_M8001,R8003_M8001_seg0167,1766.770,1794.000,N_SPK8003,对。,True,partial,高重叠不确定,,,uncertainty,高重叠语音，内容或说话人归属不确定,,,多人同时说话，按项目规则标为不确定
R8003_M8001,R8003_M8001_seg0167,1766.770,1794.000,N_SPK8001,对。,True,partial,高重叠不确定,,,uncertainty,高重叠语音，内容或说话人归属不确定,,,多人同时说话，按项目规则标为不确定
R8003_M8001,R8003_M8001_seg0167,1766.770,1794.000,N_SPK8003,对，我觉得不管这个礼物咱们最终成功送没送出去，我觉得咱们有这个事儿呢，最起码在学，在这个老师这边，班主任这边啊。,True,partial,高重叠不确定,,,uncertainty,高重叠语音，内容或说话人归属不确定,,,多人同时说话，按项目规则标为不确定
R8003_M8001,R8003_M8001_seg0167,1766.770,1794.000,N_SPK8001,对。,True,partial,高重叠不确定,,,uncertainty,高重叠语音，内容或说话人归属不确定,,,多人同时说话，按项目规则标为不确定
R8003_M8001,R8003_M8001_seg0168,1795.790,1796.740,N_SPK8003,对这个孩子的。,False,none,对孩子的,,,speaker_stance,认为对孩子的,,,
R8003_M8001,R8003_M8001_seg0169,1797.120,1816.780,N_SPK8002,看看法或者，对对，有。,True,partial,高重叠不确定,,,uncertainty,高重叠语音，内容或说话人归属不确定,,,多人同时说话，按项目规则标为不确定
R8003_M8001,R8003_M8001_seg0169,1797.120,1816.780,N_SPK8003,对，最起码他能够知道他的家长是重视他这个，在学校里的那个哎呀，表现啊成绩啊，这这方面，而并且呢，也是对这个老师的认可的。,True,partial,高重叠不确定,,,uncertainty,高重叠语音，内容或说话人归属不确定,,,多人同时说话，按项目规则标为不确定
R8003_M8001,R8003_M8001_seg0169,1797.120,1816.780,N_SPK8001,他心里能知道。,True,partial,高重叠不确定,,,uncertainty,高重叠语音，内容或说话人归属不确定,,,多人同时说话，按项目规则标为不确定
R8003_M8001,R8003_M8001_seg0169,1797.120,1816.780,N_SPK8004,嗯。,True,partial,高重叠不确定,,,uncertainty,高重叠语音，内容或说话人归属不确定,,,多人同时说话，按项目规则标为不确定
R8003_M8001,R8003_M8001_seg0169,1797.120,1816.780,N_SPK8001,重视他这孩子。,True,partial,高重叠不确定,,,uncertainty,高重叠语音，内容或说话人归属不确定,,,多人同时说话，按项目规则标为不确定
R8003_M8001,R8003_M8001_seg0169,1797.120,1816.780,N_SPK8004,对认可。,True,partial,高重叠不确定,,,uncertainty,高重叠语音，内容或说话人归属不确定,,,多人同时说话，按项目规则标为不确定
R8003_M8001,R8003_M8001_seg0169,1797.120,1816.780,N_SPK8001,对对。,True,partial,高重叠不确定,,,uncertainty,高重叠语音，内容或说话人归属不确定,,,多人同时说话，按项目规则标为不确定
R8003_M8001,R8003_M8001_seg0169,1797.120,1816.780,N_SPK8003,啊，如果说你对这个学校，对老师不认可的，那不可能说张罗的去干这一件事儿，是吧。,True,partial,高重叠不确定,,,uncertainty,高重叠语音，内容或说话人归属不确定,,,多人同时说话，按项目规则标为不确定
R8003_M8001,R8003_M8001_seg0169,1797.120,1816.780,N_SPK8004,嗯，对。,True,partial,高重叠不确定,,,uncertainty,高重叠语音，内容或说话人归属不确定,,,多人同时说话，按项目规则标为不确定
R8003_M8001,R8003_M8001_seg0170,1817.480,1831.670,N_SPK8003,啊，我觉得这个确实是是是一个事情，再一个呢就是，这个每年也就是这么一个教师节，其实老师，对于老师的节日来讲，并没有什么太多的，假期的可能去上。,False,none,确实是是是一个事情，再一个呢就是，每...,,,speaker_stance,认为确实是是是一个事情，再一个呢就是，每年也就是这么一个教师节，老师，对于老师的节日来讲，并...,,,
R8003_M8001,R8003_M8001_seg0171,1833.340,1833.890,N_SPK8003,去备课。,False,none,去备课,,,speaker_stance,认为去备课,,,
R8003_M8001,R8003_M8001_seg0172,1834.840,1835.870,N_SPK8003,可能也就是这么一。,False,none,可能也就是这么一,,,speaker_stance,认为可能也就是这么一,,,
R8003_M8001,R8003_M8001_seg0173,1837.710,1840.490,N_SPK8003,给人家就是教师，还是还是。,False,none,给人家就是教师，还是还是,,,speaker_stance,认为给人家就是教师，还是还是,,,
R8003_M8001,R8003_M8001_seg0174,1841.460,1841.810,N_SPK8003,能给他。,False,none,能给他,,,speaker_stance,认为能给他,,,
R8003_M8001,R8003_M8001_seg0175,1843.970,1844.450,N_SPK8003,惊喜啊。,False,none,惊喜,,,speaker_stance,认为惊喜,,,
R8003_M8001,R8003_M8001_seg0176,1846.230,1847.100,N_SPK8003,我那个。,False,none,我,,,speaker_stance,认为我,,,
R8003_M8001,R8003_M8001_seg0177,1848.760,1854.600,N_SPK8003,能够更高兴更快乐，是吧，嗯。,True,partial,高重叠不确定,,,uncertainty,高重叠语音，内容或说话人归属不确定,,,多人同时说话，按项目规则标为不确定
R8003_M8001,R8003_M8001_seg0177,1848.760,1854.600,N_SPK8002,能够体现他这个教师的这个价值，这个职业的价值。,True,partial,高重叠不确定,,,uncertainty,高重叠语音，内容或说话人归属不确定,,,多人同时说话，按项目规则标为不确定
R8003_M8001,R8003_M8001_seg0177,1848.760,1854.600,N_SPK8004,嗯。,True,partial,高重叠不确定,,,uncertainty,高重叠语音，内容或说话人归属不确定,,,多人同时说话，按项目规则标为不确定
R8003_M8001,R8003_M8001_seg0177,1848.760,1854.600,N_SPK8001,现在。,True,partial,高重叠不确定,,,uncertainty,高重叠语音，内容或说话人归属不确定,,,多人同时说话，按项目规则标为不确定
R8003_M8001,R8003_M8001_seg0177,1848.760,1854.600,N_SPK8003,嗯。,True,partial,高重叠不确定,,,uncertainty,高重叠语音，内容或说话人归属不确定,,,多人同时说话，按项目规则标为不确定
R8003_M8001,R8003_M8001_seg0178,1855.040,1856.790,N_SPK8001,现在这个这个。,False,none,现在,,,speaker_stance,认为现在,,,
R8003_M8001,R8003_M8001_seg0179,1857.890,1870.030,N_SPK8001,这个现在这个环境下呀，这老师啊嗯现在都也注重自己的，你看白天平常一直午都休息，不是都是给孩子上课。,False,none,现在环境下呀，这老师现在都也注重自己...,,,disagreement,存在分歧现在环境下呀，这老师现在都也注重自己的，你看白天平常一直午都休息，不是都是给孩子上课,,,
R8003_M8001,R8003_M8001_seg0180,1871.510,1885.050,N_SPK8001,等到老师休息的时候呢，你可以以老师假如说节教师节这个礼物不收，从平常变相的方式约老师咱们那个，您休息的在老师休息的时候休闲的时候。,False,none,等到老师休息的时候呢，你可以以老师假...,,,speaker_stance,认为等到老师休息的时候呢，你可以以老师假如说节教师节礼物不收，从平常变相的方式约老师，您休息...,,,
R8003_M8001,R8003_M8001_seg0181,1885.400,1888.910,N_SPK8001,咱们一块儿去旅个游，带着孩子一块儿去玩会儿。,False,none,一块儿去旅个游，带着孩子一块儿去玩会...,,,speaker_stance,认为一块儿去旅个游，带着孩子一块儿去玩会儿,,,
R8003_M8001,R8003_M8001_seg0182,1889.110,1902.230,N_SPK8002,我觉得这个。其。,True,partial,高重叠不确定,,,uncertainty,高重叠语音，内容或说话人归属不确定,,,多人同时说话，按项目规则标为不确定
R8003_M8001,R8003_M8001_seg0182,1889.110,1902.230,N_SPK8001,有的也也有这样的老师，有可以去一块儿玩儿这的。,True,partial,高重叠不确定,,,uncertainty,高重叠语音，内容或说话人归属不确定,,,多人同时说话，按项目规则标为不确定
R8003_M8001,R8003_M8001_seg0182,1889.110,1902.230,N_SPK8002,这。,True,partial,高重叠不确定,,,uncertainty,高重叠语音，内容或说话人归属不确定,,,多人同时说话，按项目规则标为不确定
R8003_M8001,R8003_M8001_seg0182,1889.110,1902.230,N_SPK8004,嗯，我觉得就是感恩教师节，就是为了在这一天去做一个感恩，啊因为怎么说呢？可能。,True,partial,高重叠不确定,,,uncertainty,高重叠语音，内容或说话人归属不确定,,,多人同时说话，按项目规则标为不确定
R8003_M8001,R8003_M8001_seg0182,1889.110,1902.230,N_SPK8002,少。,True,partial,高重叠不确定,,,uncertainty,高重叠语音，内容或说话人归属不确定,,,多人同时说话，按项目规则标为不确定
R8003_M8001,R8003_M8001_seg0182,1889.110,1902.230,N_SPK8002,感恩，然后对老师的这个职业的尊重。,True,partial,高重叠不确定,,,uncertainty,高重叠语音，内容或说话人归属不确定,,,多人同时说话，按项目规则标为不确定
R8003_M8001,R8003_M8001_seg0183,1903.100,1904.350,N_SPK8004,平时的话。,False,none,平时,,,speaker_stance,认为平时,,,
R8003_M8001,R8003_M8001_seg0184,1905.200,1920.030,N_SPK8002,我觉得不太，对，意。,True,partial,高重叠不确定,,,uncertainty,高重叠语音，内容或说话人归属不确定,,,多人同时说话，按项目规则标为不确定
R8003_M8001,R8003_M8001_seg0184,1905.200,1920.030,N_SPK8004,意义不大吧？意义不大。,True,partial,高重叠不确定,,,uncertainty,高重叠语音，内容或说话人归属不确定,,,多人同时说话，按项目规则标为不确定
R8003_M8001,R8003_M8001_seg0184,1905.200,1920.030,N_SPK8001,那你说他平时呃教师节这天人家不收这礼物。,True,partial,高重叠不确定,,,uncertainty,高重叠语音，内容或说话人归属不确定,,,多人同时说话，按项目规则标为不确定
R8003_M8001,R8003_M8001_seg0184,1905.200,1920.030,N_SPK8004,不收呢，咱们表明心意就这就可以了，最重要的是因为你送他实用的礼物其实也价值不贵。,True,partial,高重叠不确定,,,uncertainty,高重叠语音，内容或说话人归属不确定,,,多人同时说话，按项目规则标为不确定
R8003_M8001,R8003_M8001_seg0184,1905.200,1920.030,N_SPK8002,这已经足够了。,True,partial,高重叠不确定,,,uncertainty,高重叠语音，内容或说话人归属不确定,,,多人同时说话，按项目规则标为不确定
R8003_M8001,R8003_M8001_seg0184,1905.200,1920.030,N_SPK8003,对，嗯。,True,partial,高重叠不确定,,,uncertainty,高重叠语音，内容或说话人归属不确定,,,多人同时说话，按项目规则标为不确定
R8003_M8001,R8003_M8001_seg0185,1920.820,1924.990,N_SPK8003,对，这个。,True,partial,高重叠不确定,,,uncertainty,高重叠语音，内容或说话人归属不确定,,,多人同时说话，按项目规则标为不确定
R8003_M8001,R8003_M8001_seg0185,1920.820,1924.990,N_SPK8004,他接收不接收与否，那就不碍咱们的事情了。,True,partial,高重叠不确定,,,uncertainty,高重叠语音，内容或说话人归属不确定,,,多人同时说话，按项目规则标为不确定
R8003_M8001,R8003_M8001_seg0185,1920.820,1924.990,N_SPK8002,那就都要看看他。,True,partial,高重叠不确定,,,uncertainty,高重叠语音，内容或说话人归属不确定,,,多人同时说话，按项目规则标为不确定
R8003_M8001,R8003_M8001_seg0186,1925.400,1925.610,N_SPK8003,对。,False,none,对,,,speaker_stance,认为对,,,
R8003_M8001,R8003_M8001_seg0187,1925.910,1936.910,N_SPK8004,最重要是咱们把心意表明。,True,partial,高重叠不确定,,,uncertainty,高重叠语音，内容或说话人归属不确定,,,多人同时说话，按项目规则标为不确定
R8003_M8001,R8003_M8001_seg0187,1925.910,1936.910,N_SPK8002,如如果说除除除，像像周一到周五老师上课，然后周末他有可能到别别的地方去做这个这个叫什么班儿，做这个什么。,True,partial,高重叠不确定,,,uncertainty,高重叠语音，内容或说话人归属不确定,,,多人同时说话，按项目规则标为不确定
R8003_M8001,R8003_M8001_seg0188,1937.330,1949.980,N_SPK8002,如果说别的老师出来旅游，我觉得这个，这个不太可行，我觉得老师可能，对。,True,partial,高重叠不确定,,,uncertainty,高重叠语音，内容或说话人归属不确定,,,多人同时说话，按项目规则标为不确定
R8003_M8001,R8003_M8001_seg0188,1937.330,1949.980,N_SPK8003,对呀。,True,partial,高重叠不确定,,,uncertainty,高重叠语音，内容或说话人归属不确定,,,多人同时说话，按项目规则标为不确定
R8003_M8001,R8003_M8001_seg0188,1937.330,1949.980,N_SPK8003,对，其实挺难的，他们有的还在那个闲余时间，还做个直播就授授课呢，这都是有的，啊。,True,partial,高重叠不确定,,,uncertainty,高重叠语音，内容或说话人归属不确定,,,多人同时说话，按项目规则标为不确定
R8003_M8001,R8003_M8001_seg0188,1937.330,1949.980,N_SPK8004,嗯。,True,partial,高重叠不确定,,,uncertainty,高重叠语音，内容或说话人归属不确定,,,多人同时说话，按项目规则标为不确定
R8003_M8001,R8003_M8001_seg0188,1937.330,1949.980,N_SPK8004,嗯。,True,partial,高重叠不确定,,,uncertainty,高重叠语音，内容或说话人归属不确定,,,多人同时说话，按项目规则标为不确定
R8003_M8001,R8003_M8001_seg0188,1937.330,1949.980,N_SPK8004,嗯，对。,True,partial,高重叠不确定,,,uncertainty,高重叠语音，内容或说话人归属不确定,,,多人同时说话，按项目规则标为不确定
R8003_M8001,R8003_M8001_seg0188,1937.330,1949.980,N_SPK8002,对，不太不太，就是。,True,partial,高重叠不确定,,,uncertainty,高重叠语音，内容或说话人归属不确定,,,多人同时说话，按项目规则标为不确定
R8003_M8001,R8003_M8001_seg0188,1937.330,1949.980,N_SPK8001,嗯。,True,partial,高重叠不确定,,,uncertainty,高重叠语音，内容或说话人归属不确定,,,多人同时说话，按项目规则标为不确定
R8003_M8001,R8003_M8001_seg0189,1950.080,1977.490,N_SPK8004,反正送不送呢，是我们的事，假如说咱们不送。,True,partial,高重叠不确定,,,uncertainty,高重叠语音，内容或说话人归属不确定,,,多人同时说话，按项目规则标为不确定
R8003_M8001,R8003_M8001_seg0189,1950.080,1977.490,N_SPK8003,所以说。,True,partial,高重叠不确定,,,uncertainty,高重叠语音，内容或说话人归属不确定,,,多人同时说话，按项目规则标为不确定
R8003_M8001,R8003_M8001_seg0189,1950.080,1977.490,N_SPK8002,是就我我们的心，我们的心意，然后表达出去了，然后老师收不收，那就就那就是老师的事情，我们的心意表达出去了我们对。,True,partial,高重叠不确定,,,uncertainty,高重叠语音，内容或说话人归属不确定,,,多人同时说话，按项目规则标为不确定
R8003_M8001,R8003_M8001_seg0189,1950.080,1977.490,N_SPK8004,嗯。,True,partial,高重叠不确定,,,uncertainty,高重叠语音，内容或说话人归属不确定,,,多人同时说话，按项目规则标为不确定
R8003_M8001,R8003_M8001_seg0189,1950.080,1977.490,N_SPK8004,嗯。,True,partial,高重叠不确定,,,uncertainty,高重叠语音，内容或说话人归属不确定,,,多人同时说话，按项目规则标为不确定
R8003_M8001,R8003_M8001_seg0189,1950.080,1977.490,N_SPK8004,嗯，对咱们如果要不送，到时候老师有会有挑理的，但是咱们送了以后他不收呢？是他的问题，嗯。,True,partial,高重叠不确定,,,uncertainty,高重叠语音，内容或说话人归属不确定,,,多人同时说话，按项目规则标为不确定
R8003_M8001,R8003_M8001_seg0189,1950.080,1977.490,N_SPK8003,嗯。,True,partial,高重叠不确定,,,uncertainty,高重叠语音，内容或说话人归属不确定,,,多人同时说话，按项目规则标为不确定
R8003_M8001,R8003_M8001_seg0189,1950.080,1977.490,N_SPK8002,然后我们对。,True,partial,高重叠不确定,,,uncertainty,高重叠语音，内容或说话人归属不确定,,,多人同时说话，按项目规则标为不确定
R8003_M8001,R8003_M8001_seg0189,1950.080,1977.490,N_SPK8001,他不收。,True,partial,高重叠不确定,,,uncertainty,高重叠语音，内容或说话人归属不确定,,,多人同时说话，按项目规则标为不确定
R8003_M8001,R8003_M8001_seg0189,1950.080,1977.490,N_SPK8002,然后我们表达了对老师的这份职业的尊重，认可，然后就是能就是对自己，对自个儿家的孩子能多多的关注，我觉得这已经就够了。,True,partial,高重叠不确定,,,uncertainty,高重叠语音，内容或说话人归属不确定,,,多人同时说话，按项目规则标为不确定
R8003_M8001,R8003_M8001_seg0189,1950.080,1977.490,N_SPK8003,对。,True,partial,高重叠不确定,,,uncertainty,高重叠语音，内容或说话人归属不确定,,,多人同时说话，按项目规则标为不确定
R8003_M8001,R8003_M8001_seg0189,1950.080,1977.490,N_SPK8004,嗯。,True,partial,高重叠不确定,,,uncertainty,高重叠语音，内容或说话人归属不确定,,,多人同时说话，按项目规则标为不确定
R8003_M8001,R8003_M8001_seg0189,1950.080,1977.490,N_SPK8004,嗯。,True,partial,高重叠不确定,,,uncertainty,高重叠语音，内容或说话人归属不确定,,,多人同时说话，按项目规则标为不确定
R8003_M8001,R8003_M8001_seg0190,1977.770,1978.040,N_SPK8004,嗯。,False,none,嗯。,,,speaker_stance,认为嗯,,,
R8003_M8001,R8003_M8001_seg0191,1978.680,1991.550,N_SPK8003,行，反正咱们呀就是教师节这个礼物送是肯定的，这个这个事情要做的，然后呢，呃还是咱们整体的这个总结一下啊，就是。,False,none,行，反正呀就是教师节礼物送是肯定的...,,,topic_transition,讨论行，反正呀就是教师节礼物送是肯定的，事情要做的，呢，还是整体的总结，就是,,,
R8003_M8001,R8003_M8001_seg0192,1993.250,1998.830,N_SPK8003,刚才就是咱们首先要做的，就是收集老师，这个给咱们提供不提供地址。,False,none,刚才就是首先要做的，就是收集老师，给...,,,topic_transition,讨论刚才就是首先要做的，就是收集老师，给提供不提供地址,,,
R8003_M8001,R8003_M8001_seg0193,1999.070,1999.320,N_SPK8002,嗯。,False,none,嗯。,,,speaker_stance,认为嗯,,,
R8003_M8001,R8003_M8001_seg0194,2000.080,2008.590,N_SPK8003,呃那么如果说提供了，那么皆大欢喜，咱们可以把自己想要送的礼物直接呢，邮寄到他的这个住处就可以了。,False,none,那么如果说提供了，那么皆大欢喜，可以...,,,speaker_stance,认为那么如果说提供了，那么皆大欢喜，可以把自己想要送的礼物直接呢，邮寄到他的住处就可以了,,,
R8003_M8001,R8003_M8001_seg0195,2009.590,2011.050,N_SPK8003,那如果说没有。,False,none,那如果说没有,,,speaker_stance,认为那如果说没有,,,
R8003_M8001,R8003_M8001_seg0196,2012.060,2014.610,N_SPK8003,就是没有提供地址，或者说这个。,False,none,就是没有提供地址，或者说,,,speaker_stance,认为就是没有提供地址，或者说,,,
R8003_M8001,R8003_M8001_seg0197,2015.780,2019.240,N_SPK8003,不去接收的话，那么这种情况的话呢，咱们就是。,False,none,不去接收，那么这种情况呢，就是,,,speaker_stance,认为不去接收，那么这种情况呢，就是,,,
R8003_M8001,R8003_M8001_seg0198,2020.650,2029.770,N_SPK8003,呃，现场去拜访，看看呢能不能以这个其他的形式塞给老师，如果说这个如果还不可取的话。,True,partial,高重叠不确定,,,uncertainty,高重叠语音，内容或说话人归属不确定,,,多人同时说话，按项目规则标为不确定
R8003_M8001,R8003_M8001_seg0198,2020.650,2029.770,N_SPK8004,嗯。,True,partial,高重叠不确定,,,uncertainty,高重叠语音，内容或说话人归属不确定,,,多人同时说话，按项目规则标为不确定
R8003_M8001,R8003_M8001_seg0199,2030.460,2041.920,N_SPK8003,那么呢，买一些类似巧克力啊，那种德芙啊，什么进口巧克力，然后小盒儿装的，然后呢，让孩子呢，嗯直接带给老师，啊是花儿啊或者是巧克力，我觉得都可以。,True,partial,高重叠不确定,,,uncertainty,高重叠语音，内容或说话人归属不确定,,,多人同时说话，按项目规则标为不确定
R8003_M8001,R8003_M8001_seg0199,2030.460,2041.920,N_SPK8002,带给老师，嗯。,True,partial,高重叠不确定,,,uncertainty,高重叠语音，内容或说话人归属不确定,,,多人同时说话，按项目规则标为不确定
R8003_M8001,R8003_M8001_seg0200,2042.430,2052.390,N_SPK8003,我觉得这个就可以了，啊至于这个，具体的后续的这个结果怎么样，因为也没有办法是预判，还是要等教师节来临的时候，咱们再看。,False,none,就可以了，至于，具体的后续的结果怎么...,,,speaker_stance,认为就可以了，至于，具体的后续的结果怎么样，因为也没有办法是预判，还是要等教师节来临的时候...,,,
R8003_M8001,R8003_M8001_seg0201,2052.920,2060.610,N_SPK8003,然后呢，呃最后呢，就是心意肯定是要带到的对吧，马上教师节了，行。,False,none,呢，最后呢，就是心意肯定是要带到的对...,,,speaker_stance,认为呢，最后呢，就是心意肯定是要带到的对吧，马上教师节了，行,,,
R8003_M8001,R8003_M8001_seg0202,2061.650,2064.250,N_SPK8003,那就先这样，嗯，好，嗯。,True,partial,高重叠不确定,,,uncertainty,高重叠语音，内容或说话人归属不确定,,,多人同时说话，按项目规则标为不确定
R8003_M8001,R8003_M8001_seg0202,2061.650,2064.250,N_SPK8004,嗯。,True,partial,高重叠不确定,,,uncertainty,高重叠语音，内容或说话人归属不确定,,,多人同时说话，按项目规则标为不确定
R8003_M8001,R8003_M8001_seg0202,2061.650,2064.250,N_SPK8001,好。,True,partial,高重叠不确定,,,uncertainty,高重叠语音，内容或说话人归属不确定,,,多人同时说话，按项目规则标为不确定
R8003_M8001,R8003_M8001_seg0202,2061.650,2064.250,N_SPK8004,嗯。,True,partial,高重叠不确定,,,uncertainty,高重叠语音，内容或说话人归属不确定,,,多人同时说话，按项目规则标为不确定
R8003_M8001,R8003_M8001_seg0203,2064.950,2065.110,N_SPK8001,也。,False,none,也,,,speaker_stance,认为也,,,
R8003_M8001,R8003_M8001_seg0204,2066.070,2067.700,N_SPK8001,表示咱们的心意了。,True,partial,高重叠不确定,,,uncertainty,高重叠语音，内容或说话人归属不确定,,,多人同时说话，按项目规则标为不确定
R8003_M8001,R8003_M8001_seg0204,2066.070,2067.700,N_SPK8003,嗯。,True,partial,高重叠不确定,,,uncertainty,高重叠语音，内容或说话人归属不确定,,,多人同时说话，按项目规则标为不确定
