meeting_id,segment_id,start_time,end_time,speaker,text,is_overlap,overlap_type,topic,decision,action_item,event_type,content,owner,deadline,uncertainty_note
R8009_M8020,R8009_M8020_seg0001,2.220,9.830,N_SPK8026,呃，领导我们携手网站，员工大概五十个人，这次在我们的携手网报名的人数有两百。,False,none,,,,speaker_stance,认为领导携手网站，员工大概五十个人，这次在的携手网报名的人数有两百,,,
R8009_M8020,R8009_M8020_seg0002,11.130,12.070,N_SPK8026,人左右。,False,none,,,,speaker_stance,认为人左右,,,
R8009_M8020,R8009_M8020_seg0003,12.070,14.900,N_SPK8026,然后这次我制定了一些方案。,False,none,,,,speaker_stance,认为这次我制定了一些方案,,,
R8009_M8020,R8009_M8020_seg0004,15.250,17.960,N_SPK8026,最终的方案我们需要讨论一下。,False,none,,,,speaker_stance,认为最终的方案需要讨论,,,
R8009_M8020,R8009_M8020_seg0005,18.420,19.070,N_SPK8025,好的。,False,none,,,,speaker_stance,认为好的,,,
R8009_M8020,R8009_M8020_seg0006,19.500,21.020,N_SPK8025,你先说一说你的想法呢。,False,none,,,,speaker_stance,认为你先说一说你的想法呢,,,
R8009_M8020,R8009_M8020_seg0007,21.120,21.710,N_SPK8026,好的。,False,none,,,,speaker_stance,认为好的,,,
R8009_M8020,R8009_M8020_seg0008,22.200,24.640,N_SPK8026,开幕式的话，地点我这边。,False,none,,,,speaker_stance,认为开幕式，地点我这边,,,
R8009_M8020,R8009_M8020_seg0009,24.640,28.480,N_SPK8026,有两个备选，就是第第一个是一个。,False,none,,,,speaker_stance,认为有两个备选，就是第第一个是一个,,,
R8009_M8020,R8009_M8020_seg0010,28.480,29.720,N_SPK8026,国际大厦。,False,none,,,,speaker_stance,认为国际大厦,,,
R8009_M8020,R8009_M8020_seg0011,30.380,31.850,N_SPK8026,是在晚上。,False,none,,,,speaker_stance,认为是在晚上,,,
R8009_M8020,R8009_M8020_seg0012,31.850,34.440,N_SPK8026,因为我觉得晚上的人。,False,none,,,,speaker_stance,认为因为晚上的人,,,
R8009_M8020,R8009_M8020_seg0013,34.440,35.290,N_SPK8026,的时间。,False,none,,,,speaker_stance,认为的时间,,,
R8009_M8020,R8009_M8020_seg0014,35.520,38.760,N_SPK8026,比较充裕一点，也比较浪漫，是一个晚会。,False,none,,,,speaker_stance,认为比较充裕一点，也比较浪漫，是一个晚会,,,
R8009_M8020,R8009_M8020_seg0015,39.330,41.390,N_SPK8026,第二个地点是一个。,True,partial,,,,uncertainty,高重叠语音，内容或说话人归属不确定,,,多人同时说话，按项目规则标为不确定
R8009_M8020,R8009_M8020_seg0015,39.330,41.390,N_SPK8025,嗯。,True,partial,,,,uncertainty,高重叠语音，内容或说话人归属不确定,,,多人同时说话，按项目规则标为不确定
R8009_M8020,R8009_M8020_seg0016,41.700,42.680,N_SPK8026,草原。,False,none,,,,speaker_stance,认为草原,,,
R8009_M8020,R8009_M8020_seg0017,42.990,44.780,N_SPK8026,也可以是在晚上。,False,none,,,,speaker_stance,认为也可以是在晚上,,,
R8009_M8020,R8009_M8020_seg0018,45.750,47.810,N_SPK8026,您觉得这这边怎么样呢？,False,none,,,,open_question,待确认您觉得这这边怎么样呢？,,,
R8009_M8020,R8009_M8020_seg0019,48.990,50.170,N_SPK8025,草原。,False,none,,,,speaker_stance,认为草原,,,
R8009_M8020,R8009_M8020_seg0020,50.170,52.850,N_SPK8025,你像，我我我们在成都哈。,False,none,,,,speaker_stance,认为你像，我我在成都哈,,,
R8009_M8020,R8009_M8020_seg0021,54.270,56.120,N_SPK8025,草原应该是不好找了。,False,none,,,,speaker_stance,认为草原应该是不好找了,,,
R8009_M8020,R8009_M8020_seg0022,57.230,65.290,N_SPK8026,噢。,True,partial,,,,uncertainty,高重叠语音，内容或说话人归属不确定,,,多人同时说话，按项目规则标为不确定
R8009_M8020,R8009_M8020_seg0022,57.230,65.290,N_SPK8025,之于我我。,True,partial,,,,uncertainty,高重叠语音，内容或说话人归属不确定,,,多人同时说话，按项目规则标为不确定
R8009_M8020,R8009_M8020_seg0022,57.230,65.290,N_SPK8026,我觉得杜甫草草堂就不错呀，杜甫草堂也挺大的，然后晚上。,True,partial,,,,uncertainty,高重叠语音，内容或说话人归属不确定,,,多人同时说话，按项目规则标为不确定
R8009_M8020,R8009_M8020_seg0022,57.230,65.290,N_SPK8025,嗯。,True,partial,,,,uncertainty,高重叠语音，内容或说话人归属不确定,,,多人同时说话，按项目规则标为不确定
R8009_M8020,R8009_M8020_seg0022,57.230,65.290,N_SPK8026,休息的人也特别的多。,True,partial,,,,uncertainty,高重叠语音，内容或说话人归属不确定,,,多人同时说话，按项目规则标为不确定
R8009_M8020,R8009_M8020_seg0023,65.290,69.020,N_SPK8026,这个地方的活跃空间也比较大。,False,none,,,,speaker_stance,认为地方的活跃空间也比较大,,,
R8009_M8020,R8009_M8020_seg0024,69.360,73.340,N_SPK8025,杜甫草堂，那边有有那种草地，有湖水那些吗？,False,none,,,,open_question,待确认杜甫草堂，那边有有那种草地，有湖水那些吗？,,,
R8009_M8020,R8009_M8020_seg0025,74.550,75.500,N_SPK8026,是有的。,False,none,,,,speaker_stance,认为是有的,,,
R8009_M8020,R8009_M8020_seg0026,76.230,76.860,N_SPK8025,哦。,False,none,,,,speaker_stance,认为哦,,,
R8009_M8020,R8009_M8020_seg0027,77.760,79.460,N_SPK8026,嗯，觉得怎么样呢？,False,none,,,,open_question,待确认觉得怎么样呢？,,,
R8009_M8020,R8009_M8020_seg0028,80.310,83.330,N_SPK8025,首先，你第一个哈，就是你说的国际。,False,none,,,,topic_transition,讨论首先，你第一个哈，就是你说的国际,,,
R8009_M8020,R8009_M8020_seg0029,83.330,84.680,N_SPK8025,国际那种。,False,none,,,,speaker_stance,认为国际那种,,,
R8009_M8020,R8009_M8020_seg0030,84.990,87.040,N_SPK8025,大厦的地方的话，我觉得可能。,False,none,,,,speaker_stance,认为大厦的地方，可能,,,
R8009_M8020,R8009_M8020_seg0031,87.040,88.310,N_SPK8025,预算比较高。,False,none,,,,speaker_stance,认为预算比较高,,,
R8009_M8020,R8009_M8020_seg0032,88.620,89.390,N_SPK8026,呃，是的。,False,none,,,,speaker_stance,认为是的,,,
R8009_M8020,R8009_M8020_seg0033,89.490,90.640,N_SPK8025,对，所以我觉得。,False,none,,,,speaker_stance,认为对，所以,,,
R8009_M8020,R8009_M8020_seg0034,90.640,92.930,N_SPK8025,更倾向于，就是说第二种。,False,none,,,,speaker_stance,认为更倾向于，第二种,,,
R8009_M8020,R8009_M8020_seg0035,93.690,96.140,N_SPK8025,但是的话，我我有一个想法就是。,False,none,,,,speaker_stance,认为但是，我我有一个想法就是,,,
R8009_M8020,R8009_M8020_seg0036,96.660,97.250,N_SPK8025,因为。,False,none,,,,speaker_stance,认为因为,,,
R8009_M8020,R8009_M8020_seg0037,98.040,99.500,N_SPK8025,双流区那边哈。,False,none,,,,speaker_stance,认为双流区那边哈,,,
R8009_M8020,R8009_M8020_seg0038,99.870,101.750,N_SPK8025,它比较贴近大自然，那边。,False,none,,,,speaker_stance,认为它比较贴近大自然，那边,,,
R8009_M8020,R8009_M8020_seg0039,102.510,104.480,N_SPK8025,嗯，有好几个森林。,False,none,,,,speaker_stance,认为有好几个森林,,,
R8009_M8020,R8009_M8020_seg0040,104.480,106.190,N_SPK8025,小森林嘛，小型森林。,False,none,,,,speaker_stance,认为小森林嘛，小型森林,,,
R8009_M8020,R8009_M8020_seg0041,106.230,110.770,N_SPK8026,嗯。,True,partial,,,,uncertainty,高重叠语音，内容或说话人归属不确定,,,多人同时说话，按项目规则标为不确定
R8009_M8020,R8009_M8020_seg0041,106.230,110.770,N_SPK8025,然后的话，有那个江家艺苑那边哈，有那种草地。,True,partial,,,,uncertainty,高重叠语音，内容或说话人归属不确定,,,多人同时说话，按项目规则标为不确定
R8009_M8020,R8009_M8020_seg0042,110.770,112.760,N_SPK8025,很大片大片的草地。,False,none,,,,speaker_stance,认为很大片大片的草地,,,
R8009_M8020,R8009_M8020_seg0043,113.430,115.250,N_SPK8025,啊，我觉得在那边的话。,False,none,,,,speaker_stance,认为在那边,,,
R8009_M8020,R8009_M8020_seg0044,115.250,118.420,N_SPK8025,游玩的人也比较多，像周六周末啊。,False,none,,,,speaker_stance,认为游玩的人也比较多，像周六周末,,,
R8009_M8020,R8009_M8020_seg0045,118.420,120.580,N_SPK8025,平时啊，下午啊。,False,none,,,,speaker_stance,认为平时，下午,,,
R8009_M8020,R8009_M8020_seg0046,120.580,122.390,N_SPK8025,游玩的人，也是非常多的。,False,none,,,,speaker_stance,认为游玩的人，也是非常多的,,,
R8009_M8020,R8009_M8020_seg0047,123.260,130.220,N_SPK8026,可以，因为我觉得这个开放性也蛮大的，到时候也可以吸引一部分人群来参加我们这个活动。,True,partial,,,,uncertainty,高重叠语音，内容或说话人归属不确定,,,多人同时说话，按项目规则标为不确定
R8009_M8020,R8009_M8020_seg0047,123.260,130.220,N_SPK8025,嗯。,True,partial,,,,uncertainty,高重叠语音，内容或说话人归属不确定,,,多人同时说话，按项目规则标为不确定
R8009_M8020,R8009_M8020_seg0048,130.560,132.970,N_SPK8026,这样的话，我们的。,False,none,,,,speaker_stance,认为这样，的,,,
R8009_M8020,R8009_M8020_seg0049,132.970,135.380,N_SPK8026,公司的影响力也会。,False,none,,,,speaker_stance,认为公司的影响力也会,,,
R8009_M8020,R8009_M8020_seg0050,135.840,136.750,N_SPK8026,增大嘛。,False,none,,,,speaker_stance,认为增大嘛,,,
R8009_M8020,R8009_M8020_seg0051,136.750,139.210,N_SPK8026,然后我也这边找了相关。,True,partial,,,,uncertainty,高重叠语音，内容或说话人归属不确定,,,多人同时说话，按项目规则标为不确定
R8009_M8020,R8009_M8020_seg0051,136.750,139.210,N_SPK8025,嗯。,True,partial,,,,uncertainty,高重叠语音，内容或说话人归属不确定,,,多人同时说话，按项目规则标为不确定
R8009_M8020,R8009_M8020_seg0052,139.210,140.890,N_SPK8026,有经验的主持人。,False,none,,,,speaker_stance,认为有经验的主持人,,,
R8009_M8020,R8009_M8020_seg0053,140.890,142.180,N_SPK8026,他是比较有。,False,none,,,,speaker_stance,认为他是比较有,,,
R8009_M8020,R8009_M8020_seg0054,142.580,144.100,N_SPK8026,搞笑气氛，然后能。,False,none,,,,speaker_stance,认为搞笑气氛，能,,,
R8009_M8020,R8009_M8020_seg0055,144.600,146.320,N_SPK8026,呃，也有经验的那种。,False,none,,,,speaker_stance,认为也有经验的那种,,,
R8009_M8020,R8009_M8020_seg0056,146.320,148.680,N_SPK8026,然后我这边还制定了一个会员制。,False,none,,,,speaker_stance,认为我这边还制定了一个会员制,,,
R8009_M8020,R8009_M8020_seg0057,148.680,153.130,N_SPK8026,就刚开始报名的话，我们收取的费用是两百个人。,False,none,,,,topic_transition,讨论就刚开始报名，收取的费用是两百个人,,,
R8009_M8020,R8009_M8020_seg0058,153.130,155.100,N_SPK8026,一个，呃，两百块钱一个人。,False,none,,,,speaker_stance,认为一个，两百块钱一个人,,,
R8009_M8020,R8009_M8020_seg0059,155.450,159.510,N_SPK8026,但会员的话是要首先充五百块钱。,True,partial,,,,uncertainty,高重叠语音，内容或说话人归属不确定,,,多人同时说话，按项目规则标为不确定
R8009_M8020,R8009_M8020_seg0059,155.450,159.510,N_SPK8025,嗯。,True,partial,,,,uncertainty,高重叠语音，内容或说话人归属不确定,,,多人同时说话，按项目规则标为不确定
R8009_M8020,R8009_M8020_seg0060,159.800,165.920,N_SPK8026,然后最后如果牵手成功的话，我们这边可以赠送双人机票，去三亚的这种。,False,none,,,,speaker_stance,认为最后如果牵手成功，这边可以赠送双人机票，去三亚的这种,,,
R8009_M8020,R8009_M8020_seg0061,165.960,168.050,N_SPK8025,可以，这个是，这个是可以的。,False,none,,,,speaker_stance,认为可以，是，是可以的,,,
R8009_M8020,R8009_M8020_seg0062,168.540,169.040,N_SPK8026,好的。,False,none,,,,speaker_stance,认为好的,,,
R8009_M8020,R8009_M8020_seg0063,169.040,177.380,N_SPK8026,那我们开幕式的话就定一个草地吗？是双流的那边一个草地，是吗？,True,partial,,,,uncertainty,高重叠语音，内容或说话人归属不确定,,,多人同时说话，按项目规则标为不确定
R8009_M8020,R8009_M8020_seg0063,169.040,177.380,N_SPK8025,对。,True,partial,,,,uncertainty,高重叠语音，内容或说话人归属不确定,,,多人同时说话，按项目规则标为不确定
R8009_M8020,R8009_M8020_seg0063,169.040,177.380,N_SPK8025,对，双流江家艺苑那个，有个大公园。,True,partial,,,,uncertainty,高重叠语音，内容或说话人归属不确定,,,多人同时说话，按项目规则标为不确定
R8009_M8020,R8009_M8020_seg0064,177.690,180.290,N_SPK8026,好，可以。,True,partial,,,,uncertainty,高重叠语音，内容或说话人归属不确定,,,多人同时说话，按项目规则标为不确定
R8009_M8020,R8009_M8020_seg0064,177.690,180.290,N_SPK8025,对。,True,partial,,,,uncertainty,高重叠语音，内容或说话人归属不确定,,,多人同时说话，按项目规则标为不确定
R8009_M8020,R8009_M8020_seg0064,177.690,180.290,N_SPK8025,那我想问一下你这个。,True,partial,,,,uncertainty,高重叠语音，内容或说话人归属不确定,,,多人同时说话，按项目规则标为不确定
R8009_M8020,R8009_M8020_seg0065,181.440,183.050,N_SPK8025,你海报。,True,full,,,,uncertainty,高重叠语音，内容或说话人归属不确定,,,多人同时说话，按项目规则标为不确定
R8009_M8020,R8009_M8020_seg0065,181.440,183.050,N_SPK8026,嗯？你说。,True,full,,,,uncertainty,高重叠语音，内容或说话人归属不确定,,,多人同时说话，按项目规则标为不确定
R8009_M8020,R8009_M8020_seg0066,183.390,185.270,N_SPK8025,海报你那块儿，你是怎么设置的？,False,none,,,,open_question,待确认海报你那块儿，你是怎么设置的？,,,
R8009_M8020,R8009_M8020_seg0067,185.760,187.600,N_SPK8026,海报的话。,False,none,,,,speaker_stance,认为海报,,,
R8009_M8020,R8009_M8020_seg0068,187.600,189.650,N_SPK8026,呃，我这边有。,False,none,,,,speaker_stance,认为我这边有,,,
R8009_M8020,R8009_M8020_seg0069,189.650,191.810,N_SPK8026,找相关的模特。,False,none,,,,speaker_stance,认为找相关的模特,,,
R8009_M8020,R8009_M8020_seg0070,191.810,195.590,N_SPK8026,就是男女模特拍的一组。,False,none,,,,speaker_stance,认为就是男女模特拍的一组,,,
R8009_M8020,R8009_M8020_seg0071,195.590,198.400,N_SPK8026,比较浪漫的照片。,True,partial,,,,uncertainty,高重叠语音，内容或说话人归属不确定,,,多人同时说话，按项目规则标为不确定
R8009_M8020,R8009_M8020_seg0071,195.590,198.400,N_SPK8025,嗯。,True,partial,,,,uncertainty,高重叠语音，内容或说话人归属不确定,,,多人同时说话，按项目规则标为不确定
R8009_M8020,R8009_M8020_seg0072,198.690,200.360,N_SPK8026,啊，有这样的一个封面。,False,none,,,,speaker_stance,认为有这样的一个封面,,,
R8009_M8020,R8009_M8020_seg0073,200.370,200.800,N_SPK8025,对。,False,none,,,,speaker_stance,认为对,,,
R8009_M8020,R8009_M8020_seg0074,201.040,201.810,N_SPK8025,嗯，我。,False,none,,,,speaker_stance,认为我,,,
R8009_M8020,R8009_M8020_seg0075,202.250,205.910,N_SPK8025,我建议的哈，就是说，这个海报的话，一定要是。,False,none,,,,speaker_stance,认为我建议的哈，海报，一定要是,,,
R8009_M8020,R8009_M8020_seg0076,205.910,206.660,N_SPK8025,两个人。,False,none,,,,speaker_stance,认为两个人,,,
R8009_M8020,R8009_M8020_seg0077,206.660,207.340,N_SPK8025,之间。,False,none,,,,speaker_stance,认为之间,,,
R8009_M8020,R8009_M8020_seg0078,207.340,208.640,N_SPK8025,有那种爱的火花。,False,none,,,,speaker_stance,认为有那种爱的火花,,,
R8009_M8020,R8009_M8020_seg0079,209.430,210.500,N_SPK8026,可以。,True,partial,,,,uncertainty,高重叠语音，内容或说话人归属不确定,,,多人同时说话，按项目规则标为不确定
R8009_M8020,R8009_M8020_seg0079,209.430,210.500,N_SPK8025,然后呢。,True,partial,,,,uncertainty,高重叠语音，内容或说话人归属不确定,,,多人同时说话，按项目规则标为不确定
R8009_M8020,R8009_M8020_seg0080,211.110,213.960,N_SPK8025,拍出来的照片效果感染力量非常强。,False,none,,,,speaker_stance,认为拍出来的照片效果感染力量非常强,,,
R8009_M8020,R8009_M8020_seg0081,213.960,215.360,N_SPK8025,就是让人看上去。,False,none,,,,speaker_stance,认为就是让人看上去,,,
R8009_M8020,R8009_M8020_seg0082,215.730,217.010,N_SPK8025,就相信爱情的。,False,none,,,,speaker_stance,认为就相信爱情的,,,
R8009_M8020,R8009_M8020_seg0083,217.230,224.770,N_SPK8026,嗯，好的，那稍后我会把我，就是已经拍好的照片发送到你的相关邮件里面，你可以查收一下。,False,none,,,,speaker_stance,认为好的，那稍后我会把我，就是已经拍好的照片发送到你的相关邮件里面，你可以查收,,,
R8009_M8020,R8009_M8020_seg0084,224.770,226.460,N_SPK8026,拍了几组，照片你。,True,partial,,,,uncertainty,高重叠语音，内容或说话人归属不确定,,,多人同时说话，按项目规则标为不确定
R8009_M8020,R8009_M8020_seg0084,224.770,226.460,N_SPK8025,嗯。,True,partial,,,,uncertainty,高重叠语音，内容或说话人归属不确定,,,多人同时说话，按项目规则标为不确定
R8009_M8020,R8009_M8020_seg0085,226.460,227.680,N_SPK8026,这边可以。,False,none,,,,speaker_stance,认为这边可以,,,
R8009_M8020,R8009_M8020_seg0086,227.680,229.960,N_SPK8026,确定一下，您最终。,False,none,,,,speaker_stance,认为确定，您最终,,,
R8009_M8020,R8009_M8020_seg0087,229.960,231.170,N_SPK8026,认可的照片。,False,none,,,,speaker_stance,认为认可的照片,,,
R8009_M8020,R8009_M8020_seg0088,231.510,232.280,N_SPK8025,可以可以。,False,none,,,,speaker_stance,认为可以可以,,,
R8009_M8020,R8009_M8020_seg0089,232.380,234.290,N_SPK8026,好的，目的呢，呃，我们。,False,none,,,,speaker_stance,认为好的，目的呢,,,
R8009_M8020,R8009_M8020_seg0090,234.290,238.940,N_SPK8026,这一次活动的目的是，祝他们的牵手成功。,False,none,,,,speaker_stance,认为这一次活动的目的是，祝他们的牵手成功,,,
R8009_M8020,R8009_M8020_seg0091,238.940,242.900,N_SPK8026,然后我觉得，里面可以有一些小设计，比如说。,False,none,,,,speaker_stance,认为里面可以有一些小设计，比如说,,,
R8009_M8020,R8009_M8020_seg0092,243.960,249.780,N_SPK8026,因为是在晚上嘛，相关场地的话是在晚上，这样的费用也不算太高。,False,none,,,,speaker_stance,认为因为是在晚上嘛，相关场地是在晚上，这样的费用也不算太高,,,
R8009_M8020,R8009_M8020_seg0093,250.030,251.220,N_SPK8026,草地的晚。,True,partial,,,,uncertainty,高重叠语音，内容或说话人归属不确定,,,多人同时说话，按项目规则标为不确定
R8009_M8020,R8009_M8020_seg0093,250.030,251.220,N_SPK8025,嗯。,True,partial,,,,uncertainty,高重叠语音，内容或说话人归属不确定,,,多人同时说话，按项目规则标为不确定
R8009_M8020,R8009_M8020_seg0094,251.460,252.830,N_SPK8026,然后可以戴面具。,False,none,,,,speaker_stance,认为可以戴面具,,,
R8009_M8020,R8009_M8020_seg0095,253.320,254.270,N_SPK8026,这样。,False,none,,,,speaker_stance,认为这样,,,
R8009_M8020,R8009_M8020_seg0096,254.910,256.220,N_SPK8026,这样，怎么说呢？,False,none,,,,open_question,待确认这样，怎么说呢？,,,
R8009_M8020,R8009_M8020_seg0097,256.820,257.820,N_SPK8026,呃。,False,none,,,,speaker_stance,认为呃,,,
R8009_M8020,R8009_M8020_seg0098,258.480,259.100,N_SPK8025,这样吧。,False,none,,,,speaker_stance,认为这样吧,,,
R8009_M8020,R8009_M8020_seg0099,259.470,262.000,N_SPK8025,嗯，我发现啊，你这个有一点。,False,none,,,,speaker_stance,认为我发现，你有一点,,,
R8009_M8020,R8009_M8020_seg0100,262.000,263.960,N_SPK8025,那啥，我我来问你吧。,False,none,,,,speaker_stance,认为那啥，我我来问你吧,,,
R8009_M8020,R8009_M8020_seg0101,263.960,267.260,N_SPK8025,好吧，我来问，然后你说说你的这个想法。,True,partial,,,,uncertainty,高重叠语音，内容或说话人归属不确定,,,多人同时说话，按项目规则标为不确定
R8009_M8020,R8009_M8020_seg0101,263.960,267.260,N_SPK8026,可以。,True,partial,,,,uncertainty,高重叠语音，内容或说话人归属不确定,,,多人同时说话，按项目规则标为不确定
R8009_M8020,R8009_M8020_seg0102,267.300,270.420,N_SPK8025,就是说刚刚我们已经聊到了地点嘛，地点是在。,False,none,,,,speaker_stance,认为刚刚已经聊到了地点嘛，地点是在,,,
R8009_M8020,R8009_M8020_seg0103,270.420,271.380,N_SPK8025,这个。,False,none,,,,speaker_stance,认为这个,,,
R8009_M8020,R8009_M8020_seg0104,271.380,273.670,N_SPK8025,双流区，江家艺苑那边。,False,none,,,,speaker_stance,认为双流区，江家艺苑那边,,,
R8009_M8020,R8009_M8020_seg0105,273.670,279.050,N_SPK8025,然后的话，海报的话，就刚刚你说的那种，是吧，只不过说要求的话，就是一定要有感染力。,False,none,,,,speaker_stance,认为海报，就刚刚你说的那种，是吧，只不过说要求，就是一定要有感染力,,,
R8009_M8020,R8009_M8020_seg0106,279.390,281.510,N_SPK8025,然后的话，主持人你看你那边。,False,none,,,,speaker_stance,认为主持人你看你那边,,,
R8009_M8020,R8009_M8020_seg0107,282.030,292.960,N_SPK8025,你是怎么想的，主持人那块儿。,True,partial,,,,uncertainty,高重叠语音，内容或说话人归属不确定,,,多人同时说话，按项目规则标为不确定
R8009_M8020,R8009_M8020_seg0107,282.030,292.960,N_SPK8026,哦，主持人我是有朋友，他有相关经验，也是比较搞笑，能带气氛的一个主持人。,True,partial,,,,uncertainty,高重叠语音，内容或说话人归属不确定,,,多人同时说话，按项目规则标为不确定
R8009_M8020,R8009_M8020_seg0107,282.030,292.960,N_SPK8025,嗯。,True,partial,,,,uncertainty,高重叠语音，内容或说话人归属不确定,,,多人同时说话，按项目规则标为不确定
R8009_M8020,R8009_M8020_seg0107,282.030,292.960,N_SPK8025,对，主持人那块儿的话，我就说就必须要是控场力比较强。,True,partial,,,,uncertainty,高重叠语音，内容或说话人归属不确定,,,多人同时说话，按项目规则标为不确定
R8009_M8020,R8009_M8020_seg0108,292.960,294.380,N_SPK8025,同时呢，亲和力。,False,none,,,,speaker_stance,认为同时呢，亲和力,,,
R8009_M8020,R8009_M8020_seg0109,294.380,297.800,N_SPK8025,哦，就是和大大众互动这块儿亲和力要比较强。,False,none,,,,speaker_stance,认为哦，就是和大大众互动这块儿亲和力要比较强,,,
R8009_M8020,R8009_M8020_seg0110,297.800,299.110,N_SPK8025,同时比较幽默。,False,none,,,,speaker_stance,认为同时比较幽默,,,
R8009_M8020,R8009_M8020_seg0111,299.640,303.600,N_SPK8026,嗯，可以可以的，到时候我带他来见一下您，您可以。,True,partial,,,,uncertainty,高重叠语音，内容或说话人归属不确定,,,多人同时说话，按项目规则标为不确定
R8009_M8020,R8009_M8020_seg0111,299.640,303.600,N_SPK8025,嗯。,True,partial,,,,uncertainty,高重叠语音，内容或说话人归属不确定,,,多人同时说话，按项目规则标为不确定
R8009_M8020,R8009_M8020_seg0112,303.600,304.630,N_SPK8026,就是对他。,False,none,,,,speaker_stance,认为就是对他,,,
R8009_M8020,R8009_M8020_seg0113,304.630,307.550,N_SPK8026,看一下，是否能胜任这个工作。,True,partial,,,,uncertainty,高重叠语音，内容或说话人归属不确定,,,多人同时说话，按项目规则标为不确定
R8009_M8020,R8009_M8020_seg0113,304.630,307.550,N_SPK8025,行。,True,partial,,,,uncertainty,高重叠语音，内容或说话人归属不确定,,,多人同时说话，按项目规则标为不确定
R8009_M8020,R8009_M8020_seg0114,307.550,312.230,N_SPK8025,然后就是说，你这这你那边儿活动时间你是怎么考虑的呢？,False,none,,,,open_question,待确认你这这你那边儿活动时间你是怎么考虑的呢？,,,
R8009_M8020,R8009_M8020_seg0115,312.500,317.830,N_SPK8026,活动。,True,partial,,,,uncertainty,高重叠语音，内容或说话人归属不确定,,,多人同时说话，按项目规则标为不确定
R8009_M8020,R8009_M8020_seg0115,312.500,317.830,N_SPK8025,就是我们的这个工作时间。,True,partial,,,,uncertainty,高重叠语音，内容或说话人归属不确定,,,多人同时说话，按项目规则标为不确定
R8009_M8020,R8009_M8020_seg0115,312.500,317.830,N_SPK8026,活动时间的话，我觉得物物以稀为贵嘛，如果。,True,partial,,,,uncertainty,高重叠语音，内容或说话人归属不确定,,,多人同时说话，按项目规则标为不确定
R8009_M8020,R8009_M8020_seg0115,312.500,317.830,N_SPK8025,嗯。,True,partial,,,,uncertainty,高重叠语音，内容或说话人归属不确定,,,多人同时说话，按项目规则标为不确定
R8009_M8020,R8009_M8020_seg0116,317.830,321.440,N_SPK8026,星期六星期天的话，他们都有全天的时间，但是我觉得。,False,none,,,,disagreement,存在分歧星期六星期天，他们都有全天的时间，但是,,,
R8009_M8020,R8009_M8020_seg0117,321.930,324.760,N_SPK8026,这样的话就显得我们。,False,none,,,,speaker_stance,认为这样就显得,,,
R8009_M8020,R8009_M8020_seg0118,324.760,327.680,N_SPK8026,的时间特别充裕，但是。,False,none,,,,speaker_stance,认为的时间特别充裕，但是,,,
R8009_M8020,R8009_M8020_seg0119,328.260,335.740,N_SPK8026,但是，费用就比较高了，我觉得可以到，就是晚上我们提供晚餐，他们五点钟进场，然后。,False,none,,,,speaker_stance,认为但是，费用就比较高了，可以到，就是晚上提供晚餐，他们五点钟进场,,,
R8009_M8020,R8009_M8020_seg0120,335.740,338.020,N_SPK8026,呃，陆陆续续的进场这样。,False,none,,,,speaker_stance,认为陆陆续续的进场这样,,,
R8009_M8020,R8009_M8020_seg0121,338.020,339.700,N_SPK8026,但是只有晚上。,False,none,,,,speaker_stance,认为但是只有晚上,,,
R8009_M8020,R8009_M8020_seg0122,339.700,340.810,N_SPK8026,四个小时。,False,none,,,,speaker_stance,认为四个小时,,,
R8009_M8020,R8009_M8020_seg0123,340.810,342.200,N_SPK8026,五点到。,False,none,,,,speaker_stance,认为五点到,,,
R8009_M8020,R8009_M8020_seg0124,342.200,343.220,N_SPK8026,九点。,False,none,,,,speaker_stance,认为九点,,,
R8009_M8020,R8009_M8020_seg0125,343.590,347.230,N_SPK8026,这样也不会算太晚，然后提供一个自助。,False,none,,,,speaker_stance,认为这样也不会算太晚，提供一个自助,,,
R8009_M8020,R8009_M8020_seg0126,347.230,348.500,N_SPK8026,餐的形式。,False,none,,,,speaker_stance,认为餐的形式,,,
R8009_M8020,R8009_M8020_seg0127,349.410,353.090,N_SPK8026,每一个人进场都会，手手携一枝玫瑰花。,True,partial,,,,uncertainty,高重叠语音，内容或说话人归属不确定,,,多人同时说话，按项目规则标为不确定
R8009_M8020,R8009_M8020_seg0127,349.410,353.090,N_SPK8025,嗯，嗯。,True,partial,,,,uncertainty,高重叠语音，内容或说话人归属不确定,,,多人同时说话，按项目规则标为不确定
R8009_M8020,R8009_M8020_seg0128,353.400,355.010,N_SPK8026,女士就携。,False,none,,,,speaker_stance,认为女士就携,,,
R8009_M8020,R8009_M8020_seg0129,355.010,356.360,N_SPK8026,白色玫瑰花。,False,none,,,,speaker_stance,认为白色玫瑰花,,,
R8009_M8020,R8009_M8020_seg0130,356.940,358.730,N_SPK8026,男士就红色玫瑰花。,False,none,,,,speaker_stance,认为男士就红色玫瑰花,,,
R8009_M8020,R8009_M8020_seg0131,359.640,362.270,N_SPK8026,然后，就有一些。,False,none,,,,speaker_stance,认为就有一些,,,
R8009_M8020,R8009_M8020_seg0132,363.030,368.270,N_SPK8026,嗯，那个场地因为有，是草地嘛，然后就有一些椅子啊。,False,none,,,,speaker_stance,认为场地因为有，是草地嘛，就有一些椅子,,,
R8009_M8020,R8009_M8020_seg0133,368.270,369.860,N_SPK8026,还有一些。,False,none,,,,speaker_stance,认为还有一些,,,
R8009_M8020,R8009_M8020_seg0134,370.830,371.960,N_SPK8026,还有一些。,False,none,,,,speaker_stance,认为还有一些,,,
R8009_M8020,R8009_M8020_seg0135,372.540,373.790,N_SPK8026,还有一些。,False,none,,,,speaker_stance,认为还有一些,,,
R8009_M8020,R8009_M8020_seg0136,375.460,377.200,N_SPK8026,还有呃。,True,full,,,,uncertainty,高重叠语音，内容或说话人归属不确定,,,多人同时说话，按项目规则标为不确定
R8009_M8020,R8009_M8020_seg0136,375.460,377.200,N_SPK8025,还有些是。,True,full,,,,uncertainty,高重叠语音，内容或说话人归属不确定,,,多人同时说话，按项目规则标为不确定
R8009_M8020,R8009_M8020_seg0137,377.280,378.530,N_SPK8025,嗯，这样哈。,False,none,,,,speaker_stance,认为这样哈,,,
R8009_M8020,R8009_M8020_seg0138,380.180,383.270,N_SPK8026,嗯，您说。,True,partial,,,,uncertainty,高重叠语音，内容或说话人归属不确定,,,多人同时说话，按项目规则标为不确定
R8009_M8020,R8009_M8020_seg0138,380.180,383.270,N_SPK8025,就是说，我刚刚说的，听到你说的那个里面。,True,partial,,,,uncertainty,高重叠语音，内容或说话人归属不确定,,,多人同时说话，按项目规则标为不确定
R8009_M8020,R8009_M8020_seg0139,384.030,385.940,N_SPK8025,玫瑰花那个设置呵。,False,none,,,,speaker_stance,认为玫瑰花设置呵,,,
R8009_M8020,R8009_M8020_seg0140,385.940,387.740,N_SPK8025,我觉得可以是，男士。,False,none,,,,speaker_stance,认为可以是，男士,,,
R8009_M8020,R8009_M8020_seg0141,388.050,388.570,N_SPK8025,去领。,False,none,,,,speaker_stance,认为去领,,,
R8009_M8020,R8009_M8020_seg0142,388.960,389.410,N_SPK8025,嗯。,False,none,,,,speaker_stance,认为嗯,,,
R8009_M8020,R8009_M8020_seg0143,391.500,393.560,N_SPK8025,嗯，也可以啊，男士女士都可以。,False,none,,,,speaker_stance,认为也可以，男士女士都可以,,,
R8009_M8020,R8009_M8020_seg0144,393.900,394.490,N_SPK8025,就是说。,False,none,,,,speaker_stance,认为就是说,,,
R8009_M8020,R8009_M8020_seg0145,395.130,400.130,N_SPK8025,你看你那边是，活动的一个活动时间，我想象的是这。,False,none,,,,speaker_stance,认为你看你那边是，活动的一个活动时间，我想象的是这,,,
R8009_M8020,R8009_M8020_seg0146,400.130,402.220,N_SPK8025,周六周日的话。,True,partial,,,,uncertainty,高重叠语音，内容或说话人归属不确定,,,多人同时说话，按项目规则标为不确定
R8009_M8020,R8009_M8020_seg0146,400.130,402.220,N_SPK8026,嗯。,True,partial,,,,uncertainty,高重叠语音，内容或说话人归属不确定,,,多人同时说话，按项目规则标为不确定
R8009_M8020,R8009_M8020_seg0147,402.420,406.430,N_SPK8025,大家都是比较有时间的是吧。,True,partial,,,,uncertainty,高重叠语音，内容或说话人归属不确定,,,多人同时说话，按项目规则标为不确定
R8009_M8020,R8009_M8020_seg0147,402.420,406.430,N_SPK8026,对。,True,partial,,,,uncertainty,高重叠语音，内容或说话人归属不确定,,,多人同时说话，按项目规则标为不确定
R8009_M8020,R8009_M8020_seg0147,402.420,406.430,N_SPK8025,就是上班休息。,True,partial,,,,uncertainty,高重叠语音，内容或说话人归属不确定,,,多人同时说话，按项目规则标为不确定
R8009_M8020,R8009_M8020_seg0148,406.440,406.940,N_SPK8026,对。,False,none,,,,speaker_stance,认为对,,,
R8009_M8020,R8009_M8020_seg0149,407.310,408.830,N_SPK8025,然后平时的话。,False,none,,,,speaker_stance,认为平时,,,
R8009_M8020,R8009_M8020_seg0150,409.140,412.400,N_SPK8025,因为像我所知道的这个市场情况，就是现在。,False,none,,,,speaker_stance,认为因为像我所知道的市场情况，就是现在,,,
R8009_M8020,R8009_M8020_seg0151,412.830,414.320,N_SPK8025,单身男女非常多。,False,none,,,,speaker_stance,认为单身男女非常多,,,
R8009_M8020,R8009_M8020_seg0152,414.560,416.990,N_SPK8026,嗯。,True,partial,,,,uncertainty,高重叠语音，内容或说话人归属不确定,,,多人同时说话，按项目规则标为不确定
R8009_M8020,R8009_M8020_seg0152,414.560,416.990,N_SPK8025,啊，然后对这个市场要求也比较大。,True,partial,,,,uncertainty,高重叠语音，内容或说话人归属不确定,,,多人同时说话，按项目规则标为不确定
R8009_M8020,R8009_M8020_seg0153,417.510,418.790,N_SPK8025,像他们。,False,none,,,,speaker_stance,认为像他们,,,
R8009_M8020,R8009_M8020_seg0154,419.610,421.010,N_SPK8025,周一到周五。,False,none,,,,speaker_stance,认为周一到周五,,,
R8009_M8020,R8009_M8020_seg0155,421.600,422.160,N_SPK8026,嗯。,False,none,,,,speaker_stance,认为嗯,,,
R8009_M8020,R8009_M8020_seg0156,422.220,426.110,N_SPK8025,下午就下班以后，他也是可以来进行这个活动的。,False,none,,,,speaker_stance,认为下午就下班以后，他也是可以来进行活动的,,,
R8009_M8020,R8009_M8020_seg0157,426.540,428.150,N_SPK8025,也可以当作是一个。,False,none,,,,speaker_stance,认为也可以当作是一个,,,
R8009_M8020,R8009_M8020_seg0158,428.700,429.920,N_SPK8025,娱乐消遣。,False,none,,,,speaker_stance,认为娱乐消遣,,,
R8009_M8020,R8009_M8020_seg0159,429.920,432.230,N_SPK8025,是吧，当成娱乐消遣中，你。,False,none,,,,speaker_stance,认为是吧，当成娱乐消遣中，你,,,
R8009_M8020,R8009_M8020_seg0160,432.230,434.570,N_SPK8025,也是尽心尽力的去找你的另一半。,False,none,,,,speaker_stance,认为也是尽心尽力的去找你的另一半,,,
R8009_M8020,R8009_M8020_seg0161,435.150,438.770,N_SPK8025,当然，我我觉得你那个也是说得很好就不用。,False,none,,,,speaker_stance,认为当然，我你也是说得很好就不用,,,
R8009_M8020,R8009_M8020_seg0162,439.260,443.930,N_SPK8025,太过于紧凑，所以我我觉得的话，是周六周日加上三四五。,False,none,,,,speaker_stance,认为太过于紧凑，所以我，是周六周日加上三四五,,,
R8009_M8020,R8009_M8020_seg0163,444.270,446.150,N_SPK8025,周三，周四，周五，周六，周日。,False,none,,,,speaker_stance,认为周三，周四，周五，周六，周日,,,
R8009_M8020,R8009_M8020_seg0164,446.150,448.430,N_SPK8025,周一，周二，大家就那个休息。,False,none,,,,speaker_stance,认为周一，周二，就休息,,,
R8009_M8020,R8009_M8020_seg0165,449.190,451.110,N_SPK8026,但是我觉得我们的。,False,none,,,,disagreement,存在分歧但是的,,,
R8009_M8020,R8009_M8020_seg0166,451.110,453.830,N_SPK8026,费用就会比较高。,False,none,,,,speaker_stance,认为费用就会比较高,,,
R8009_M8020,R8009_M8020_seg0167,454.890,458.270,N_SPK8026,呃，这样的。,True,partial,,,,uncertainty,高重叠语音，内容或说话人归属不确定,,,多人同时说话，按项目规则标为不确定
R8009_M8020,R8009_M8020_seg0167,454.890,458.270,N_SPK8025,啊，所以所以所以你那边是怎么设置这个？,True,partial,,,,uncertainty,高重叠语音，内容或说话人归属不确定,,,多人同时说话，按项目规则标为不确定
R8009_M8020,R8009_M8020_seg0168,458.820,460.010,N_SPK8025,设置这个。,False,none,,,,speaker_stance,认为设置,,,
R8009_M8020,R8009_M8020_seg0169,460.800,465.290,N_SPK8025,费用的呢？相关费用。,True,partial,,,,uncertainty,高重叠语音，内容或说话人归属不确定,,,多人同时说话，按项目规则标为不确定
R8009_M8020,R8009_M8020_seg0169,460.800,465.290,N_SPK8026,费用的话，我是觉得我两百个人。,True,partial,,,,uncertainty,高重叠语音，内容或说话人归属不确定,,,多人同时说话，按项目规则标为不确定
R8009_M8020,R8009_M8020_seg0170,465.690,467.690,N_SPK8026,一，呃，两两百个人。,False,none,,,,speaker_stance,认为一，两两百个人,,,
R8009_M8020,R8009_M8020_seg0171,467.690,470.120,N_SPK8026,以一个人收两百块的样子。,False,none,,,,speaker_stance,认为以一个人收两百块的样子,,,
R8009_M8020,R8009_M8020_seg0172,470.120,473.440,N_SPK8026,但是如果这样的话，我们的预算就比较高了。,False,none,,,,speaker_stance,认为但是如果这样，的预算就比较高了,,,
R8009_M8020,R8009_M8020_seg0173,473.440,476.020,N_SPK8026,我开始是定的，四个。,False,none,,,,topic_transition,讨论我开始是定的，四个,,,
R8009_M8020,R8009_M8020_seg0174,476.020,478.790,N_SPK8026,小时的时间在周六。,False,none,,,,speaker_stance,认为小时的时间在周六,,,
R8009_M8020,R8009_M8020_seg0175,479.640,487.820,N_SPK8026,这样我们的预算就没有那么高，而且我觉得物以稀为贵嘛，就可以把大家都聚在一个时间点的。,True,partial,,,,uncertainty,高重叠语音，内容或说话人归属不确定,,,多人同时说话，按项目规则标为不确定
R8009_M8020,R8009_M8020_seg0175,479.640,487.820,N_SPK8025,嗯。,True,partial,,,,uncertainty,高重叠语音，内容或说话人归属不确定,,,多人同时说话，按项目规则标为不确定
R8009_M8020,R8009_M8020_seg0176,488.130,489.600,N_SPK8026,一个时间点上。,False,none,,,,speaker_stance,认为一个时间点上,,,
R8009_M8020,R8009_M8020_seg0177,489.600,492.440,N_SPK8026,如果像像像你这样分散的话。,True,partial,,,,uncertainty,高重叠语音，内容或说话人归属不确定,,,多人同时说话，按项目规则标为不确定
R8009_M8020,R8009_M8020_seg0177,489.600,492.440,N_SPK8025,其其实。,True,partial,,,,uncertainty,高重叠语音，内容或说话人归属不确定,,,多人同时说话，按项目规则标为不确定
R8009_M8020,R8009_M8020_seg0178,492.440,495.800,N_SPK8026,像你这样，你这样分散的话，他们就会错过。,True,full,,,,uncertainty,高重叠语音，内容或说话人归属不确定,,,多人同时说话，按项目规则标为不确定
R8009_M8020,R8009_M8020_seg0178,492.440,495.800,N_SPK8025,其实，其实你这个的话，就有一点。,True,full,,,,uncertainty,高重叠语音，内容或说话人归属不确定,,,多人同时说话，按项目规则标为不确定
R8009_M8020,R8009_M8020_seg0179,495.990,499.000,N_SPK8025,其实你这个的话，就是有一点，稍微有点刻板。,False,none,,,,speaker_stance,认为你，就是有一点，稍微有点刻板,,,
R8009_M8020,R8009_M8020_seg0180,499.000,499.880,N_SPK8025,是吧，其实。,False,none,,,,speaker_stance,认为是吧,,,
R8009_M8020,R8009_M8020_seg0181,499.880,504.440,N_SPK8025,我们不一定说，一定要通过那个报名费，来这来这一点。,False,none,,,,decision,确定不一定说，一定要通过报名费，来这来这一点,,,
R8009_M8020,R8009_M8020_seg0182,504.440,506.120,N_SPK8025,来这个获得这个。,False,none,,,,speaker_stance,认为来获得,,,
R8009_M8020,R8009_M8020_seg0183,506.790,509.510,N_SPK8025,这一点费用是吧，我们可以从其他方式。,False,none,,,,speaker_stance,认为这一点费用是吧，可以从其他方式,,,
R8009_M8020,R8009_M8020_seg0184,509.510,510.410,N_SPK8025,首先我们。,False,none,,,,topic_transition,讨论首先,,,
R8009_M8020,R8009_M8020_seg0185,510.720,513.860,N_SPK8025,啊，我我是这么觉得的哈，就是首先是我们可以把那个。,False,none,,,,topic_transition,讨论我我是这么觉得的哈，就是首先是可以把,,,
R8009_M8020,R8009_M8020_seg0186,514.410,517.460,N_SPK8025,嗯，报名费适当的减低一点。,False,none,,,,speaker_stance,认为报名费适当的减低一点,,,
R8009_M8020,R8009_M8020_seg0187,517.710,522.100,N_SPK8026,但是我觉得这已经算最低的一个预算了，如果说。,False,none,,,,disagreement,存在分歧但是这已经算最低的一个预算了，如果说,,,
R8009_M8020,R8009_M8020_seg0188,522.100,524.050,N_SPK8026,再低的话，我们的。,True,partial,,,,uncertainty,高重叠语音，内容或说话人归属不确定,,,多人同时说话，按项目规则标为不确定
R8009_M8020,R8009_M8020_seg0188,522.100,524.050,N_SPK8025,啊。,True,partial,,,,uncertainty,高重叠语音，内容或说话人归属不确定,,,多人同时说话，按项目规则标为不确定
R8009_M8020,R8009_M8020_seg0189,524.050,529.420,N_SPK8026,提供，我们要提供场地，又要提供吃，还要一些其他的节目。,False,none,,,,speaker_stance,认为提供，要提供场地，又要提供吃，还要一些其他的节目,,,
R8009_M8020,R8009_M8020_seg0190,529.420,532.080,N_SPK8026,就，其实算是很低的。,True,full,,,,uncertainty,高重叠语音，内容或说话人归属不确定,,,多人同时说话，按项目规则标为不确定
R8009_M8020,R8009_M8020_seg0190,529.420,532.080,N_SPK8025,就是，就是这样一个状态哈。,True,full,,,,uncertainty,高重叠语音，内容或说话人归属不确定,,,多人同时说话，按项目规则标为不确定
R8009_M8020,R8009_M8020_seg0191,532.080,533.180,N_SPK8025,就说我们。,False,none,,,,speaker_stance,认为就说,,,
R8009_M8020,R8009_M8020_seg0192,533.180,536.020,N_SPK8025,就是一百五十块钱每个人嘛，不论男女。,False,none,,,,speaker_stance,认为就是一百五十块钱每个人嘛，不论男女,,,
R8009_M8020,R8009_M8020_seg0193,536.020,538.120,N_SPK8025,一百五十元，每个人。,True,full,,,,uncertainty,高重叠语音，内容或说话人归属不确定,,,多人同时说话，按项目规则标为不确定
R8009_M8020,R8009_M8020_seg0193,536.020,538.120,N_SPK8026,一一百五嘛。,True,full,,,,uncertainty,高重叠语音，内容或说话人归属不确定,,,多人同时说话，按项目规则标为不确定
R8009_M8020,R8009_M8020_seg0194,538.120,539.600,N_SPK8025,他的这个报名费。,False,none,,,,speaker_stance,认为他的报名费,,,
R8009_M8020,R8009_M8020_seg0195,539.910,543.650,N_SPK8025,然后报名费的呢，我们给他们提供的服务就是。,False,none,,,,speaker_stance,认为报名费的呢，给他们提供的服务就是,,,
R8009_M8020,R8009_M8020_seg0196,544.020,546.530,N_SPK8025,通过我们的恋爱心理学老师。,False,none,,,,decision,确定的恋爱心理学老师,,,
R8009_M8020,R8009_M8020_seg0197,547.050,548.420,N_SPK8025,给他匹配的。,False,none,,,,speaker_stance,认为给他匹配的,,,
R8009_M8020,R8009_M8020_seg0198,548.420,550.100,N_SPK8025,嗯，另一半，就是你。,False,none,,,,speaker_stance,认为另一半，就是你,,,
R8009_M8020,R8009_M8020_seg0199,550.100,551.360,N_SPK8025,当天晚上的这个。,False,none,,,,speaker_stance,认为当天晚上的,,,
R8009_M8020,R8009_M8020_seg0200,551.670,552.680,N_SPK8025,相亲对象。,False,none,,,,speaker_stance,认为相亲对象,,,
R8009_M8020,R8009_M8020_seg0201,552.990,553.690,N_SPK8025,是吧。,False,none,,,,speaker_stance,认为是吧,,,
R8009_M8020,R8009_M8020_seg0202,553.690,555.830,N_SPK8025,嗯，可以有两到三个。,False,none,,,,speaker_stance,认为可以有两到三个,,,
R8009_M8020,R8009_M8020_seg0203,556.380,557.580,N_SPK8025,一百五十元，就是这个。,False,none,,,,speaker_stance,认为一百五十元，就是,,,
R8009_M8020,R8009_M8020_seg0204,558.180,564.620,N_SPK8025,从这个性格上来说，三观上来说，我们先给他们做一轮这个匹配，然后让他们去交往。,False,none,,,,speaker_stance,认为从性格上来说，三观上来说，先给他们做一轮匹配，让他们去交往,,,
R8009_M8020,R8009_M8020_seg0205,564.620,569.290,N_SPK8025,同时呢，我们就是就是服务一嘛，就是给他们提供这个对象。,False,none,,,,speaker_stance,认为同时呢，就是就是服务一嘛，就是给他们提供对象,,,
R8009_M8020,R8009_M8020_seg0206,569.290,570.830,N_SPK8025,服务二就是说。,False,none,,,,speaker_stance,认为服务二,,,
R8009_M8020,R8009_M8020_seg0207,571.260,573.470,N_SPK8025,服务二，就是说给他们提供那个。,False,none,,,,speaker_stance,认为服务二，给他们提供,,,
R8009_M8020,R8009_M8020_seg0208,573.990,574.760,N_SPK8025,点心。,False,none,,,,speaker_stance,认为点心,,,
R8009_M8020,R8009_M8020_seg0209,575.760,577.970,N_SPK8025,或者说，周周六，周日的话。,True,partial,,,,uncertainty,高重叠语音，内容或说话人归属不确定,,,多人同时说话，按项目规则标为不确定
R8009_M8020,R8009_M8020_seg0209,575.760,577.970,N_SPK8026,地。,True,partial,,,,uncertainty,高重叠语音，内容或说话人归属不确定,,,多人同时说话，按项目规则标为不确定
R8009_M8020,R8009_M8020_seg0210,577.970,579.310,N_SPK8025,可以提啊，提。,False,none,,,,speaker_stance,认为可以提，提,,,
R8009_M8020,R8009_M8020_seg0211,579.310,580.610,N_SPK8025,提供一个晚餐。,False,none,,,,speaker_stance,认为提供一个晚餐,,,
R8009_M8020,R8009_M8020_seg0212,581.040,586.330,N_SPK8025,平时的话，提供一个晚餐，周六周日，我们可以给他提供，也可以提供一餐。,False,none,,,,speaker_stance,认为平时，提供一个晚餐，周六周日，可以给他提供，也可以提供一餐,,,
R8009_M8020,R8009_M8020_seg0213,586.330,589.320,N_SPK8025,然后的话，另外一个说，另外一个说的。,False,none,,,,speaker_stance,认为另外一个说，另外一个说的,,,
R8009_M8020,R8009_M8020_seg0214,589.320,590.660,N_SPK8025,那个我们要。,False,none,,,,speaker_stance,认为要,,,
R8009_M8020,R8009_M8020_seg0215,591.120,592.670,N_SPK8025,挣钱的地方就是说。,False,none,,,,speaker_stance,认为挣钱的地方,,,
R8009_M8020,R8009_M8020_seg0216,592.670,594.710,N_SPK8025,我们可以开设一些活动项目。,False,none,,,,speaker_stance,认为可以开设一些活动项目,,,
R8009_M8020,R8009_M8020_seg0217,595.140,601.600,N_SPK8025,一些活动项目我们肯定是额外收费的，是吧，那个报名费的话，他费用里面只包含了我们给您介绍的对象。,False,none,,,,speaker_stance,认为一些活动项目肯定是额外收费的，是吧，报名费，他费用里面只包含了给您介绍的对象,,,
R8009_M8020,R8009_M8020_seg0218,601.600,602.740,N_SPK8025,以及这个。,False,none,,,,speaker_stance,认为以及,,,
R8009_M8020,R8009_M8020_seg0219,602.740,610.060,N_SPK8025,这个什么玫瑰花呀。,True,partial,,,,uncertainty,高重叠语音，内容或说话人归属不确定,,,多人同时说话，按项目规则标为不确定
R8009_M8020,R8009_M8020_seg0219,602.740,610.060,N_SPK8026,晚餐的吗？,True,partial,,,,uncertainty,高重叠语音，内容或说话人归属不确定,,,多人同时说话，按项目规则标为不确定
R8009_M8020,R8009_M8020_seg0219,602.740,610.060,N_SPK8025,对，一餐费用，是吧。,True,partial,,,,uncertainty,高重叠语音，内容或说话人归属不确定,,,多人同时说话，按项目规则标为不确定
R8009_M8020,R8009_M8020_seg0219,602.740,610.060,N_SPK8026,好的。,True,partial,,,,uncertainty,高重叠语音，内容或说话人归属不确定,,,多人同时说话，按项目规则标为不确定
R8009_M8020,R8009_M8020_seg0219,602.740,610.060,N_SPK8025,那现在我想问你一下，就是在活动方式。,True,partial,,,,uncertainty,高重叠语音，内容或说话人归属不确定,,,多人同时说话，按项目规则标为不确定
R8009_M8020,R8009_M8020_seg0220,610.060,611.980,N_SPK8025,因为毕竟相亲嘛，大家要。,False,none,,,,speaker_stance,认为因为毕竟相亲嘛，要,,,
R8009_M8020,R8009_M8020_seg0221,611.980,614.820,N_SPK8025,通过一些活动，来了解对方，是吧。,False,none,,,,decision,确定一些活动，来了解对方，是吧,,,
R8009_M8020,R8009_M8020_seg0222,614.820,616.880,N_SPK8025,来了解彼此的性格，一个。,False,none,,,,speaker_stance,认为来了解彼此的性格，一个,,,
R8009_M8020,R8009_M8020_seg0223,616.880,620.780,N_SPK8025,三观，一个心理状态，你设置了哪些活动呢？,False,none,,,,open_question,待确认三观，一个心理状态，你设置了哪些活动呢？,,,
R8009_M8020,R8009_M8020_seg0224,621.150,623.970,N_SPK8026,哦，我这边有一些，比如说。,False,none,,,,speaker_stance,认为哦，我这边有一些，比如说,,,
R8009_M8020,R8009_M8020_seg0225,623.970,626.970,N_SPK8026,啊，一些嘉宾的才艺表演，然后。,False,none,,,,speaker_stance,认为一些嘉宾的才艺表演,,,
R8009_M8020,R8009_M8020_seg0226,626.970,634.010,N_SPK8026,有半个小时的才艺表演，有一些嘉宾如果愿意的话，可以进行一个才艺表演，也可以吸吸引。,True,partial,,,,uncertainty,高重叠语音，内容或说话人归属不确定,,,多人同时说话，按项目规则标为不确定
R8009_M8020,R8009_M8020_seg0226,626.970,634.010,N_SPK8025,嗯。,True,partial,,,,uncertainty,高重叠语音，内容或说话人归属不确定,,,多人同时说话，按项目规则标为不确定
R8009_M8020,R8009_M8020_seg0226,626.970,634.010,N_SPK8025,嗯。,True,partial,,,,uncertainty,高重叠语音，内容或说话人归属不确定,,,多人同时说话，按项目规则标为不确定
R8009_M8020,R8009_M8020_seg0227,634.740,640.930,N_SPK8026,异性嘛，然后觉得他这个人的魅力所在，发现这个人的魅力所在，就。,True,partial,,,,uncertainty,高重叠语音，内容或说话人归属不确定,,,多人同时说话，按项目规则标为不确定
R8009_M8020,R8009_M8020_seg0227,634.740,640.930,N_SPK8025,嗯。,True,partial,,,,uncertainty,高重叠语音，内容或说话人归属不确定,,,多人同时说话，按项目规则标为不确定
R8009_M8020,R8009_M8020_seg0227,634.740,640.930,N_SPK8025,这个很好。,True,partial,,,,uncertainty,高重叠语音，内容或说话人归属不确定,,,多人同时说话，按项目规则标为不确定
R8009_M8020,R8009_M8020_seg0227,634.740,640.930,N_SPK8026,对。,True,partial,,,,uncertainty,高重叠语音，内容或说话人归属不确定,,,多人同时说话，按项目规则标为不确定
R8009_M8020,R8009_M8020_seg0228,640.930,645.620,N_SPK8026,然后我觉得可以戴面具，因为现在的人都比较。,True,partial,,,,uncertainty,高重叠语音，内容或说话人归属不确定,,,多人同时说话，按项目规则标为不确定
R8009_M8020,R8009_M8020_seg0228,640.930,645.620,N_SPK8025,嗯。,True,partial,,,,uncertainty,高重叠语音，内容或说话人归属不确定,,,多人同时说话，按项目规则标为不确定
R8009_M8020,R8009_M8020_seg0229,646.110,649.100,N_SPK8026,都比较那什么颜控，所以我觉得。,True,partial,,,,uncertainty,高重叠语音，内容或说话人归属不确定,,,多人同时说话，按项目规则标为不确定
R8009_M8020,R8009_M8020_seg0229,646.110,649.100,N_SPK8025,嗯。,True,partial,,,,uncertainty,高重叠语音，内容或说话人归属不确定,,,多人同时说话，按项目规则标为不确定
R8009_M8020,R8009_M8020_seg0230,649.100,651.740,N_SPK8026,可以先戴面具，就没有那么。,False,none,,,,speaker_stance,认为可以先戴面具，就没有那么,,,
R8009_M8020,R8009_M8020_seg0231,651.740,653.410,N_SPK8026,多的视视感。,False,none,,,,speaker_stance,认为多的视视感,,,
R8009_M8020,R8009_M8020_seg0232,653.410,657.330,N_SPK8026,会影响人的选择。,True,partial,,,,uncertainty,高重叠语音，内容或说话人归属不确定,,,多人同时说话，按项目规则标为不确定
R8009_M8020,R8009_M8020_seg0232,653.410,657.330,N_SPK8025,这面具这个事儿，我就想说一下哈，就是说。,True,partial,,,,uncertainty,高重叠语音，内容或说话人归属不确定,,,多人同时说话，按项目规则标为不确定
R8009_M8020,R8009_M8020_seg0233,657.360,659.210,N_SPK8026,嗯，你说。,True,partial,,,,uncertainty,高重叠语音，内容或说话人归属不确定,,,多人同时说话，按项目规则标为不确定
R8009_M8020,R8009_M8020_seg0233,657.360,659.210,N_SPK8025,嗯，主要是，还是看。,True,partial,,,,uncertainty,高重叠语音，内容或说话人归属不确定,,,多人同时说话，按项目规则标为不确定
R8009_M8020,R8009_M8020_seg0234,659.730,662.440,N_SPK8025,因为毕竟，客户他们花了钱。,False,none,,,,speaker_stance,认为因为毕竟，客户他们花了钱,,,
R8009_M8020,R8009_M8020_seg0235,662.440,663.090,N_SPK8025,的，对吧。,False,none,,,,speaker_stance,认为的，对吧,,,
R8009_M8020,R8009_M8020_seg0236,663.090,673.490,N_SPK8025,他们如果想要。,True,partial,,,,uncertainty,高重叠语音，内容或说话人归属不确定,,,多人同时说话，按项目规则标为不确定
R8009_M8020,R8009_M8020_seg0236,663.090,673.490,N_SPK8026,个人选择吗？,True,partial,,,,uncertainty,高重叠语音，内容或说话人归属不确定,,,多人同时说话，按项目规则标为不确定
R8009_M8020,R8009_M8020_seg0236,663.090,673.490,N_SPK8025,对，面面具我们也是可以免费提供，对吧，就是看你自己选择，你是想戴面具还是不想戴面具，由他们自己那个意愿去做主，对不对。,True,partial,,,,uncertainty,高重叠语音，内容或说话人归属不确定,,,多人同时说话，按项目规则标为不确定
R8009_M8020,R8009_M8020_seg0237,673.490,674.990,N_SPK8025,因为有些人，他可能就。,False,none,,,,speaker_stance,认为因为有些人，他可能就,,,
R8009_M8020,R8009_M8020_seg0238,674.990,675.860,N_SPK8025,对外貌。,False,none,,,,speaker_stance,认为对外貌,,,
R8009_M8020,R8009_M8020_seg0239,676.260,680.140,N_SPK8025,有一些要求，有些人就觉得，嗯，不行，我得先看看你的这个。,False,none,,,,speaker_stance,认为有一些要求，有些人就觉得，不行，我得先看看你的,,,
R8009_M8020,R8009_M8020_seg0240,680.140,681.250,N_SPK8025,内在，我才。,False,none,,,,speaker_stance,认为内在，我才,,,
R8009_M8020,R8009_M8020_seg0241,681.250,682.320,N_SPK8025,看其他的。,False,none,,,,speaker_stance,认为看其他的,,,
R8009_M8020,R8009_M8020_seg0242,682.320,683.070,N_SPK8025,就。,False,none,,,,speaker_stance,认为就,,,
R8009_M8020,R8009_M8020_seg0243,683.070,685.670,N_SPK8025,我觉得话，更，让他们自己做选择更好。,False,none,,,,speaker_stance,认为话，更，让他们自己做选择更好,,,
R8009_M8020,R8009_M8020_seg0244,686.160,687.660,N_SPK8025,是吧，这块儿。,True,partial,,,,uncertainty,高重叠语音，内容或说话人归属不确定,,,多人同时说话，按项目规则标为不确定
R8009_M8020,R8009_M8020_seg0244,686.160,687.660,N_SPK8026,嗯。,True,partial,,,,uncertainty,高重叠语音，内容或说话人归属不确定,,,多人同时说话，按项目规则标为不确定
R8009_M8020,R8009_M8020_seg0245,687.660,693.170,N_SPK8026,行吧，那我们就不强制，就是说愿意戴面具，其实我更。,True,partial,,,,uncertainty,高重叠语音，内容或说话人归属不确定,,,多人同时说话，按项目规则标为不确定
R8009_M8020,R8009_M8020_seg0245,687.660,693.170,N_SPK8025,嗯。,True,partial,,,,uncertainty,高重叠语音，内容或说话人归属不确定,,,多人同时说话，按项目规则标为不确定
R8009_M8020,R8009_M8020_seg0246,693.170,696.350,N_SPK8026,建议他们戴面具，戴面具的话，会有。,True,partial,,,,uncertainty,高重叠语音，内容或说话人归属不确定,,,多人同时说话，按项目规则标为不确定
R8009_M8020,R8009_M8020_seg0246,693.170,696.350,N_SPK8025,嗯。,True,partial,,,,uncertainty,高重叠语音，内容或说话人归属不确定,,,多人同时说话，按项目规则标为不确定
R8009_M8020,R8009_M8020_seg0247,696.350,698.300,N_SPK8026,一些意想不到的结果。,False,none,,,,speaker_stance,认为一些意想不到的结果,,,
R8009_M8020,R8009_M8020_seg0248,698.880,703.470,N_SPK8025,也可以，可以建议他们，就主要是最终还是以他们的意愿为准，对吧。,True,partial,,,,uncertainty,高重叠语音，内容或说话人归属不确定,,,多人同时说话，按项目规则标为不确定
R8009_M8020,R8009_M8020_seg0248,698.880,703.470,N_SPK8026,好的。,True,partial,,,,uncertainty,高重叠语音，内容或说话人归属不确定,,,多人同时说话，按项目规则标为不确定
R8009_M8020,R8009_M8020_seg0249,703.710,706.900,N_SPK8026,那还有一些跳舞，就是最后。,True,partial,,,,uncertainty,高重叠语音，内容或说话人归属不确定,,,多人同时说话，按项目规则标为不确定
R8009_M8020,R8009_M8020_seg0249,703.710,706.900,N_SPK8025,对。,True,partial,,,,uncertainty,高重叠语音，内容或说话人归属不确定,,,多人同时说话，按项目规则标为不确定
R8009_M8020,R8009_M8020_seg0249,703.710,706.900,N_SPK8025,嗯。,True,partial,,,,uncertainty,高重叠语音，内容或说话人归属不确定,,,多人同时说话，按项目规则标为不确定
R8009_M8020,R8009_M8020_seg0250,706.900,710.420,N_SPK8026,嗯，大概会，就是舞会进行了。,False,none,,,,speaker_stance,认为大概会，就是舞会进行了,,,
R8009_M8020,R8009_M8020_seg0251,710.760,717.110,N_SPK8026,一半的时间的时候，我们可以有个十分钟的互动，他们也对自己的对。,False,none,,,,speaker_stance,认为一半的时间的时候，可以有个十分钟的互动，他们也对自己的对,,,
R8009_M8020,R8009_M8020_seg0252,717.450,719.600,N_SPK8026,自己选择的异性有一些了解。,False,none,,,,speaker_stance,认为自己选择的异性有一些了解,,,
R8009_M8020,R8009_M8020_seg0253,719.600,723.610,N_SPK8026,然后大概十分钟的华尔兹，就是比较慢的。,True,partial,,,,uncertainty,高重叠语音，内容或说话人归属不确定,,,多人同时说话，按项目规则标为不确定
R8009_M8020,R8009_M8020_seg0253,719.600,723.610,N_SPK8025,嗯。,True,partial,,,,uncertainty,高重叠语音，内容或说话人归属不确定,,,多人同时说话，按项目规则标为不确定
R8009_M8020,R8009_M8020_seg0254,723.610,726.570,N_SPK8026,不会的人也可以跟着节奏来舞动。,False,none,,,,speaker_stance,认为不会的人也可以跟着节奏来舞动,,,
R8009_M8020,R8009_M8020_seg0255,726.570,727.880,N_SPK8026,也没有那么尴尬。,False,none,,,,speaker_stance,认为也没有那么尴尬,,,
R8009_M8020,R8009_M8020_seg0256,728.130,732.140,N_SPK8025,可以可以，这个想法非常好。,True,partial,,,,uncertainty,高重叠语音，内容或说话人归属不确定,,,多人同时说话，按项目规则标为不确定
R8009_M8020,R8009_M8020_seg0256,728.130,732.140,N_SPK8026,呃，这个。,True,partial,,,,uncertainty,高重叠语音，内容或说话人归属不确定,,,多人同时说话，按项目规则标为不确定
R8009_M8020,R8009_M8020_seg0256,728.130,732.140,N_SPK8026,对，跟我有一，然后。,True,partial,,,,uncertainty,高重叠语音，内容或说话人归属不确定,,,多人同时说话，按项目规则标为不确定
R8009_M8020,R8009_M8020_seg0257,732.140,733.520,N_SPK8026,然后，这边。,False,none,,,,speaker_stance,认为这边,,,
R8009_M8020,R8009_M8020_seg0258,733.890,736.340,N_SPK8026,呃，也有骑马的项目，但是。,False,none,,,,speaker_stance,认为也有骑马的项目，但是,,,
R8009_M8020,R8009_M8020_seg0259,736.800,739.970,N_SPK8026,但是这个骑马的话，肯定是要在白天。,False,none,,,,speaker_stance,认为但是骑马，肯定是要在白天,,,
R8009_M8020,R8009_M8020_seg0260,740.620,747.040,N_SPK8025,嗯。,True,partial,,,,uncertainty,高重叠语音，内容或说话人归属不确定,,,多人同时说话，按项目规则标为不确定
R8009_M8020,R8009_M8020_seg0260,740.620,747.040,N_SPK8026,这个骑马的项目的话，费用的话可能会有一点高，自费，可能需要他们自费。,True,partial,,,,uncertainty,高重叠语音，内容或说话人归属不确定,,,多人同时说话，按项目规则标为不确定
R8009_M8020,R8009_M8020_seg0261,747.040,748.640,N_SPK8026,就这个样子。,True,partial,,,,uncertainty,高重叠语音，内容或说话人归属不确定,,,多人同时说话，按项目规则标为不确定
R8009_M8020,R8009_M8020_seg0261,747.040,748.640,N_SPK8025,对。,True,partial,,,,uncertainty,高重叠语音，内容或说话人归属不确定,,,多人同时说话，按项目规则标为不确定
R8009_M8020,R8009_M8020_seg0262,748.640,751.160,N_SPK8025,这这些自费的项目的话，就出就。,False,none,,,,speaker_stance,认为这这些自费的项目，就出就,,,
R8009_M8020,R8009_M8020_seg0263,751.560,754.130,N_SPK8025,当然就是给我们带来一些收益，是吧。,False,none,,,,speaker_stance,认为当然就是给带来一些收益，是吧,,,
R8009_M8020,R8009_M8020_seg0264,754.530,755.360,N_SPK8025,就是说。,False,none,,,,speaker_stance,认为就是说,,,
R8009_M8020,R8009_M8020_seg0265,755.360,757.660,N_SPK8025,嗯，除了你刚才说的这个。,False,none,,,,speaker_stance,认为除了你刚才说的,,,
R8009_M8020,R8009_M8020_seg0266,757.660,759.490,N_SPK8025,跳舞，互动。,False,none,,,,speaker_stance,认为跳舞，互动,,,
R8009_M8020,R8009_M8020_seg0267,759.490,761.200,N_SPK8025,才艺表演，还有这个。,False,none,,,,speaker_stance,认为才艺表演，还有,,,
R8009_M8020,R8009_M8020_seg0268,761.200,763.120,N_SPK8025,骑马以外，还有没有其他的。,False,none,,,,speaker_stance,认为骑马以外，还有没有其他的,,,
R8009_M8020,R8009_M8020_seg0269,763.120,763.870,N_SPK8025,方式呢？,False,none,,,,open_question,待确认方式呢？,,,
R8009_M8020,R8009_M8020_seg0270,764.670,770.390,N_SPK8026,您刚刚说白天嘛，白天，其实我觉得我们可以做一整整天，也就是星期六。,False,none,,,,speaker_stance,认为您刚刚说白天嘛，白天，可以做一整整天，也就是星期六,,,
R8009_M8020,R8009_M8020_seg0271,770.390,773.250,N_SPK8026,星期六，但是，我们只提供晚餐。,False,none,,,,speaker_stance,认为星期六，但是，只提供晚餐,,,
R8009_M8020,R8009_M8020_seg0272,773.250,773.780,N_SPK8026,早。,False,none,,,,speaker_stance,认为早,,,
R8009_M8020,R8009_M8020_seg0273,773.920,776.150,N_SPK8025,嗯。,True,partial,,,,uncertainty,高重叠语音，内容或说话人归属不确定,,,多人同时说话，按项目规则标为不确定
R8009_M8020,R8009_M8020_seg0273,773.920,776.150,N_SPK8026,白天的话只提供。,True,partial,,,,uncertainty,高重叠语音，内容或说话人归属不确定,,,多人同时说话，按项目规则标为不确定
R8009_M8020,R8009_M8020_seg0274,776.150,780.380,N_SPK8026,提供饮料，这样，因为白天会口渴嘛，提供饮料，但是。,False,none,,,,speaker_stance,认为提供饮料，这样，因为白天会口渴嘛，提供饮料，但是,,,
R8009_M8020,R8009_M8020_seg0275,780.380,780.810,N_SPK8026,餐。,False,none,,,,speaker_stance,认为餐,,,
R8009_M8020,R8009_M8020_seg0276,780.810,783.840,N_SPK8026,餐补的话就没有了，就是，没有吃的。,False,none,,,,speaker_stance,认为餐补就没有了，就是，没有吃的,,,
R8009_M8020,R8009_M8020_seg0277,783.840,785.860,N_SPK8026,呃，有有下午茶啊，这种。,True,partial,,,,uncertainty,高重叠语音，内容或说话人归属不确定,,,多人同时说话，按项目规则标为不确定
R8009_M8020,R8009_M8020_seg0277,783.840,785.860,N_SPK8025,嗯。,True,partial,,,,uncertainty,高重叠语音，内容或说话人归属不确定,,,多人同时说话，按项目规则标为不确定
R8009_M8020,R8009_M8020_seg0278,785.860,786.590,N_SPK8026,然后。,False,none,,,,speaker_stance,认为然后,,,
R8009_M8020,R8009_M8020_seg0279,786.590,789.140,N_SPK8026,白天，因为我们是在草地嘛，也可以。,False,none,,,,speaker_stance,认为白天，因为是在草地嘛，也可以,,,
R8009_M8020,R8009_M8020_seg0280,789.510,790.870,N_SPK8026,摆一些画板。,False,none,,,,speaker_stance,认为摆一些画板,,,
R8009_M8020,R8009_M8020_seg0281,790.870,797.600,N_SPK8026,呃，有有一些想画画画画画画的人也可以就是去画画，然后我也觉得这是一个互动。,True,partial,,,,uncertainty,高重叠语音，内容或说话人归属不确定,,,多人同时说话，按项目规则标为不确定
R8009_M8020,R8009_M8020_seg0281,790.870,797.600,N_SPK8025,嗯。,True,partial,,,,uncertainty,高重叠语音，内容或说话人归属不确定,,,多人同时说话，按项目规则标为不确定
R8009_M8020,R8009_M8020_seg0282,797.760,802.040,N_SPK8025,可以，可以。,True,partial,,,,uncertainty,高重叠语音，内容或说话人归属不确定,,,多人同时说话，按项目规则标为不确定
R8009_M8020,R8009_M8020_seg0282,797.760,802.040,N_SPK8026,就是这个样子。,True,partial,,,,uncertainty,高重叠语音，内容或说话人归属不确定,,,多人同时说话，按项目规则标为不确定
R8009_M8020,R8009_M8020_seg0282,797.760,802.040,N_SPK8025,凡是就是能促进两个人，就是。,True,partial,,,,uncertainty,高重叠语音，内容或说话人归属不确定,,,多人同时说话，按项目规则标为不确定
R8009_M8020,R8009_M8020_seg0283,802.500,809.120,N_SPK8025,互相了解的，我觉得都是ok的，对吧。,True,partial,,,,uncertainty,高重叠语音，内容或说话人归属不确定,,,多人同时说话，按项目规则标为不确定
R8009_M8020,R8009_M8020_seg0283,802.500,809.120,N_SPK8026,对，来的时候，其实他们报名的时候可以带一些礼品，就是自己的，觉得。,True,partial,,,,uncertainty,高重叠语音，内容或说话人归属不确定,,,多人同时说话，按项目规则标为不确定
R8009_M8020,R8009_M8020_seg0284,809.610,815.660,N_SPK8026,自自己觉得一些好好的小礼物，然后最终。,True,partial,,,,uncertainty,高重叠语音，内容或说话人归属不确定,,,多人同时说话，按项目规则标为不确定
R8009_M8020,R8009_M8020_seg0284,809.610,815.660,N_SPK8025,嗯。,True,partial,,,,uncertainty,高重叠语音，内容或说话人归属不确定,,,多人同时说话，按项目规则标为不确定
R8009_M8020,R8009_M8020_seg0284,809.610,815.660,N_SPK8026,也不是说一定要牵手成功觉得。,True,partial,,,,uncertainty,高重叠语音，内容或说话人归属不确定,,,多人同时说话，按项目规则标为不确定
R8009_M8020,R8009_M8020_seg0285,815.660,819.350,N_SPK8026,可以给那个心仪的对象一一些小礼品，你觉得这个。,False,none,,,,speaker_stance,认为可以给心仪的对象一一些小礼品，你觉得,,,
R8009_M8020,R8009_M8020_seg0286,819.350,820.540,N_SPK8026,点怎么样呢？,False,none,,,,open_question,待确认点怎么样呢？,,,
R8009_M8020,R8009_M8020_seg0287,820.540,822.410,N_SPK8026,他们自己准备的一些小礼品。,True,partial,,,,uncertainty,高重叠语音，内容或说话人归属不确定,,,多人同时说话，按项目规则标为不确定
R8009_M8020,R8009_M8020_seg0287,820.540,822.410,N_SPK8025,嗯。,True,partial,,,,uncertainty,高重叠语音，内容或说话人归属不确定,,,多人同时说话，按项目规则标为不确定
R8009_M8020,R8009_M8020_seg0288,822.960,823.350,N_SPK8025,对。,False,none,,,,speaker_stance,认为对,,,
R8009_M8020,R8009_M8020_seg0289,823.680,824.290,N_SPK8025,可以。,False,none,,,,speaker_stance,认为可以,,,
R8009_M8020,R8009_M8020_seg0290,824.290,828.010,N_SPK8025,就是说，你刚刚说的那些活动方式，还是。,False,none,,,,speaker_stance,认为你刚刚说的那些活动方式，还是,,,
R8009_M8020,R8009_M8020_seg0291,828.010,830.720,N_SPK8025,还是不错的，那我这边再做一些补充。,False,none,,,,speaker_stance,认为还是不错的，那我这边再做一些补充,,,
R8009_M8020,R8009_M8020_seg0292,830.790,834.080,N_SPK8026,啊，您说。,True,partial,,,,uncertainty,高重叠语音，内容或说话人归属不确定,,,多人同时说话，按项目规则标为不确定
R8009_M8020,R8009_M8020_seg0292,830.790,834.080,N_SPK8025,就除了你说的那个才艺表演。,True,partial,,,,uncertainty,高重叠语音，内容或说话人归属不确定,,,多人同时说话，按项目规则标为不确定
R8009_M8020,R8009_M8020_seg0293,834.360,836.670,N_SPK8026,对。,True,partial,,,,uncertainty,高重叠语音，内容或说话人归属不确定,,,多人同时说话，按项目规则标为不确定
R8009_M8020,R8009_M8020_seg0293,834.360,836.670,N_SPK8025,跳舞，骑马以外。,True,partial,,,,uncertainty,高重叠语音，内容或说话人归属不确定,,,多人同时说话，按项目规则标为不确定
R8009_M8020,R8009_M8020_seg0294,837.030,837.740,N_SPK8025,啊，我。,False,none,,,,speaker_stance,认为我,,,
R8009_M8020,R8009_M8020_seg0295,838.230,842.800,N_SPK8025,我记得，我们那个公园哈。,True,partial,,,,uncertainty,高重叠语音，内容或说话人归属不确定,,,多人同时说话，按项目规则标为不确定
R8009_M8020,R8009_M8020_seg0295,838.230,842.800,N_SPK8026,嗯。,True,partial,,,,uncertainty,高重叠语音，内容或说话人归属不确定,,,多人同时说话，按项目规则标为不确定
R8009_M8020,R8009_M8020_seg0295,838.230,842.800,N_SPK8025,那边是有那种湖的，一个小湖。,True,partial,,,,uncertainty,高重叠语音，内容或说话人归属不确定,,,多人同时说话，按项目规则标为不确定
R8009_M8020,R8009_M8020_seg0296,842.800,846.820,N_SPK8025,是吧，这也是可以，可以一个自费的项目。,True,partial,,,,uncertainty,高重叠语音，内容或说话人归属不确定,,,多人同时说话，按项目规则标为不确定
R8009_M8020,R8009_M8020_seg0296,842.800,846.820,N_SPK8026,对。,True,partial,,,,uncertainty,高重叠语音，内容或说话人归属不确定,,,多人同时说话，按项目规则标为不确定
R8009_M8020,R8009_M8020_seg0296,842.800,846.820,N_SPK8026,但是游湖的话。,True,partial,,,,uncertainty,高重叠语音，内容或说话人归属不确定,,,多人同时说话，按项目规则标为不确定
R8009_M8020,R8009_M8020_seg0297,846.820,848.560,N_SPK8026,但是游湖的话。,True,partial,,,,uncertainty,高重叠语音，内容或说话人归属不确定,,,多人同时说话，按项目规则标为不确定
R8009_M8020,R8009_M8020_seg0297,846.820,848.560,N_SPK8025,嗯。,True,partial,,,,uncertainty,高重叠语音，内容或说话人归属不确定,,,多人同时说话，按项目规则标为不确定
R8009_M8020,R8009_M8020_seg0298,848.940,853.430,N_SPK8026,呃，可能是需要白天，晚上的话，我觉得会有一定的风险性。,True,partial,,,,uncertainty,高重叠语音，内容或说话人归属不确定,,,多人同时说话，按项目规则标为不确定
R8009_M8020,R8009_M8020_seg0298,848.940,853.430,N_SPK8025,你。,True,partial,,,,uncertainty,高重叠语音，内容或说话人归属不确定,,,多人同时说话，按项目规则标为不确定
R8009_M8020,R8009_M8020_seg0299,853.430,858.960,N_SPK8026,比如说游游湖嘛，然后肯定是骑马和画板，是在白天。,True,partial,,,,uncertainty,高重叠语音，内容或说话人归属不确定,,,多人同时说话，按项目规则标为不确定
R8009_M8020,R8009_M8020_seg0299,853.430,858.960,N_SPK8025,嗯，那个不存在的哈。,True,partial,,,,uncertainty,高重叠语音，内容或说话人归属不确定,,,多人同时说话，按项目规则标为不确定
R8009_M8020,R8009_M8020_seg0299,853.430,858.960,N_SPK8025,你你想想看啊。,True,partial,,,,uncertainty,高重叠语音，内容或说话人归属不确定,,,多人同时说话，按项目规则标为不确定
R8009_M8020,R8009_M8020_seg0300,858.960,863.740,N_SPK8025,我们是平时的时候，周是五点到十点左右开放。,False,none,,,,speaker_stance,认为是平时的时候，周是五点到十点左右开放,,,
R8009_M8020,R8009_M8020_seg0301,863.740,865.160,N_SPK8025,一到晚上的话。,False,none,,,,speaker_stance,认为一到晚上,,,
R8009_M8020,R8009_M8020_seg0302,865.160,868.760,N_SPK8025,嗯，比如说天要黑了的时候，我们可以把彩灯开放。,False,none,,,,speaker_stance,认为比如说天要黑了的时候，可以把彩灯开放,,,
R8009_M8020,R8009_M8020_seg0303,868.760,874.040,N_SPK8025,那么那个浪漫的气氛，就向整个世界变亮了一样，那个浪漫气氛就瞬间就。,True,partial,,,,uncertainty,高重叠语音，内容或说话人归属不确定,,,多人同时说话，按项目规则标为不确定
R8009_M8020,R8009_M8020_seg0303,868.760,874.040,N_SPK8026,啊。,True,partial,,,,uncertainty,高重叠语音，内容或说话人归属不确定,,,多人同时说话，按项目规则标为不确定
R8009_M8020,R8009_M8020_seg0304,874.080,878.480,N_SPK8026,唉，这个想法很不错呀，我如果晚上游湖的话，有别别有风味。,True,partial,,,,uncertainty,高重叠语音，内容或说话人归属不确定,,,多人同时说话，按项目规则标为不确定
R8009_M8020,R8009_M8020_seg0304,874.080,878.480,N_SPK8025,起来了。,True,partial,,,,uncertainty,高重叠语音，内容或说话人归属不确定,,,多人同时说话，按项目规则标为不确定
R8009_M8020,R8009_M8020_seg0305,878.520,881.150,N_SPK8025,对，然后就说这个泛舟游湖的话。,False,none,,,,speaker_stance,认为对，就说泛舟游湖,,,
R8009_M8020,R8009_M8020_seg0306,881.460,885.330,N_SPK8025,首先，两个人可以互相了解，聊聊过往，聊聊。,False,none,,,,topic_transition,讨论首先，两个人可以互相了解，聊聊过往，聊聊,,,
R8009_M8020,R8009_M8020_seg0307,885.330,891.650,N_SPK8025,工作，聊聊理想，对吧。,True,partial,,,,uncertainty,高重叠语音，内容或说话人归属不确定,,,多人同时说话，按项目规则标为不确定
R8009_M8020,R8009_M8020_seg0307,885.330,891.650,N_SPK8026,那我觉得我们可以定一个时间吧，就游湖的时间不要太长，十分钟怎么样？,True,partial,,,,uncertainty,高重叠语音，内容或说话人归属不确定,,,多人同时说话，按项目规则标为不确定
R8009_M8020,R8009_M8020_seg0307,885.330,891.650,N_SPK8025,嗯。,True,partial,,,,uncertainty,高重叠语音，内容或说话人归属不确定,,,多人同时说话，按项目规则标为不确定
R8009_M8020,R8009_M8020_seg0307,885.330,891.650,N_SPK8025,嗯。,True,partial,,,,uncertainty,高重叠语音，内容或说话人归属不确定,,,多人同时说话，按项目规则标为不确定
R8009_M8020,R8009_M8020_seg0308,891.650,893.390,N_SPK8026,十分钟的游湖。,False,none,,,,speaker_stance,认为十分钟的游湖,,,
R8009_M8020,R8009_M8020_seg0309,893.390,894.860,N_SPK8026,就太长的话。,True,full,,,,uncertainty,高重叠语音，内容或说话人归属不确定,,,多人同时说话，按项目规则标为不确定
R8009_M8020,R8009_M8020_seg0309,893.390,894.860,N_SPK8025,可以。,True,full,,,,uncertainty,高重叠语音，内容或说话人归属不确定,,,多人同时说话，按项目规则标为不确定
R8009_M8020,R8009_M8020_seg0310,894.860,897.140,N_SPK8026,嗯，很。,True,partial,,,,uncertainty,高重叠语音，内容或说话人归属不确定,,,多人同时说话，按项目规则标为不确定
R8009_M8020,R8009_M8020_seg0310,894.860,897.140,N_SPK8025,太长了，肯定不利于我们的一个。,True,partial,,,,uncertainty,高重叠语音，内容或说话人归属不确定,,,多人同时说话，按项目规则标为不确定
R8009_M8020,R8009_M8020_seg0311,897.250,901.430,N_SPK8026,左右。,True,partial,,,,uncertainty,高重叠语音，内容或说话人归属不确定,,,多人同时说话，按项目规则标为不确定
R8009_M8020,R8009_M8020_seg0311,897.250,901.430,N_SPK8025,状态，是吧。,True,partial,,,,uncertainty,高重叠语音，内容或说话人归属不确定,,,多人同时说话，按项目规则标为不确定
R8009_M8020,R8009_M8020_seg0311,897.250,901.430,N_SPK8026,对，我们的一个收入。,True,partial,,,,uncertainty,高重叠语音，内容或说话人归属不确定,,,多人同时说话，按项目规则标为不确定
R8009_M8020,R8009_M8020_seg0311,897.250,901.430,N_SPK8025,嗯，这个这个活动可以把它加进去。,True,partial,,,,uncertainty,高重叠语音，内容或说话人归属不确定,,,多人同时说话，按项目规则标为不确定
R8009_M8020,R8009_M8020_seg0312,901.430,903.140,N_SPK8025,另外一个就是因为。,False,none,,,,speaker_stance,认为另外一个就是因为,,,
R8009_M8020,R8009_M8020_seg0313,903.750,907.600,N_SPK8025,双流那边，它是一个，江家艺苑是个公园嘛。,False,none,,,,speaker_stance,认为双流那边，它是一个，江家艺苑是个公园嘛,,,
R8009_M8020,R8009_M8020_seg0314,907.600,909.020,N_SPK8025,那边有很多花儿。,False,none,,,,speaker_stance,认为那边有很多花儿,,,
R8009_M8020,R8009_M8020_seg0315,909.750,911.180,N_SPK8025,可以赏花。,False,none,,,,speaker_stance,认为可以赏花,,,
R8009_M8020,R8009_M8020_seg0316,911.550,914.300,N_SPK8026,嗯，这个可以，白白天的话可以。,True,full,,,,uncertainty,高重叠语音，内容或说话人归属不确定,,,多人同时说话，按项目规则标为不确定
R8009_M8020,R8009_M8020_seg0316,911.550,914.300,N_SPK8025,聊，那个散步聊天。,True,full,,,,uncertainty,高重叠语音，内容或说话人归属不确定,,,多人同时说话，按项目规则标为不确定
R8009_M8020,R8009_M8020_seg0317,914.300,914.670,N_SPK8026,赏。,False,none,,,,speaker_stance,认为赏,,,
R8009_M8020,R8009_M8020_seg0318,914.670,916.280,N_SPK8026,赏花，但是不允许。,False,none,,,,speaker_stance,认为赏花，但是不允许,,,
R8009_M8020,R8009_M8020_seg0319,916.830,920.420,N_SPK8026,摘。,True,partial,,,,uncertainty,高重叠语音，内容或说话人归属不确定,,,多人同时说话，按项目规则标为不确定
R8009_M8020,R8009_M8020_seg0319,916.830,920.420,N_SPK8025,唉，那个会怎么会不存在啦？我们刚刚不是说了嘛，有彩灯，是吧？,True,partial,,,,uncertainty,高重叠语音，内容或说话人归属不确定,,,多人同时说话，按项目规则标为不确定
R8009_M8020,R8009_M8020_seg0320,920.490,927.010,N_SPK8026,但是晚上根本就看不清那个花呀，你怎么去赏花呢？我是觉得白天有画板的时候，你可以。,True,partial,,,,uncertainty,高重叠语音，内容或说话人归属不确定,,,多人同时说话，按项目规则标为不确定
R8009_M8020,R8009_M8020_seg0320,920.490,927.010,N_SPK8025,他，嗯。,True,partial,,,,uncertainty,高重叠语音，内容或说话人归属不确定,,,多人同时说话，按项目规则标为不确定
R8009_M8020,R8009_M8020_seg0320,920.490,927.010,N_SPK8025,啊。,True,partial,,,,uncertainty,高重叠语音，内容或说话人归属不确定,,,多人同时说话，按项目规则标为不确定
R8009_M8020,R8009_M8020_seg0321,927.010,932.440,N_SPK8026,嗯，画一些风景啊，然后刚好有些花，有些花作衬托嘛。,True,partial,,,,uncertainty,高重叠语音，内容或说话人归属不确定,,,多人同时说话，按项目规则标为不确定
R8009_M8020,R8009_M8020_seg0321,927.010,932.440,N_SPK8025,嗯。,True,partial,,,,uncertainty,高重叠语音，内容或说话人归属不确定,,,多人同时说话，按项目规则标为不确定
R8009_M8020,R8009_M8020_seg0321,927.010,932.440,N_SPK8025,你。,True,partial,,,,uncertainty,高重叠语音，内容或说话人归属不确定,,,多人同时说话，按项目规则标为不确定
R8009_M8020,R8009_M8020_seg0321,927.010,932.440,N_SPK8025,你白天赏花。,True,partial,,,,uncertainty,高重叠语音，内容或说话人归属不确定,,,多人同时说话，按项目规则标为不确定
R8009_M8020,R8009_M8020_seg0322,932.440,935.270,N_SPK8025,你晚上可以在花丛里面，散步聊天啊。,False,none,,,,speaker_stance,认为你晚上可以在花丛里面，散步聊天,,,
R8009_M8020,R8009_M8020_seg0323,935.790,936.350,N_SPK8025,是吧？,False,none,,,,open_question,待确认是吧？,,,
R8009_M8020,R8009_M8020_seg0324,937.230,939.130,N_SPK8025,然后说还有一个，就是。,True,partial,,,,uncertainty,高重叠语音，内容或说话人归属不确定,,,多人同时说话，按项目规则标为不确定
R8009_M8020,R8009_M8020_seg0324,937.230,939.130,N_SPK8026,好的。,True,partial,,,,uncertainty,高重叠语音，内容或说话人归属不确定,,,多人同时说话，按项目规则标为不确定
R8009_M8020,R8009_M8020_seg0325,939.130,942.440,N_SPK8025,嗯，最简单一个方式嘛，也是就是说这个喝茶。,False,none,,,,speaker_stance,认为最简单一个方式嘛，也是喝茶,,,
R8009_M8020,R8009_M8020_seg0326,943.230,947.890,N_SPK8026,呃，我是觉得下午茶，然后这样的费用应该也不会太贵。,True,partial,,,,uncertainty,高重叠语音，内容或说话人归属不确定,,,多人同时说话，按项目规则标为不确定
R8009_M8020,R8009_M8020_seg0326,943.230,947.890,N_SPK8025,嗯，喝，对。,True,partial,,,,uncertainty,高重叠语音，内容或说话人归属不确定,,,多人同时说话，按项目规则标为不确定
R8009_M8020,R8009_M8020_seg0326,943.230,947.890,N_SPK8025,对。,True,partial,,,,uncertainty,高重叠语音，内容或说话人归属不确定,,,多人同时说话，按项目规则标为不确定
R8009_M8020,R8009_M8020_seg0327,947.890,950.390,N_SPK8026,你定的下午茶，比如说果汁啊，什么的。,True,partial,,,,uncertainty,高重叠语音，内容或说话人归属不确定,,,多人同时说话，按项目规则标为不确定
R8009_M8020,R8009_M8020_seg0327,947.890,950.390,N_SPK8025,嗯。,True,partial,,,,uncertainty,高重叠语音，内容或说话人归属不确定,,,多人同时说话，按项目规则标为不确定
R8009_M8020,R8009_M8020_seg0328,950.700,951.580,N_SPK8026,但是就。,True,partial,,,,uncertainty,高重叠语音，内容或说话人归属不确定,,,多人同时说话，按项目规则标为不确定
R8009_M8020,R8009_M8020_seg0328,950.700,951.580,N_SPK8025,嗯。,True,partial,,,,uncertainty,高重叠语音，内容或说话人归属不确定,,,多人同时说话，按项目规则标为不确定
R8009_M8020,R8009_M8020_seg0329,951.690,952.730,N_SPK8026,白天的话就。,False,none,,,,speaker_stance,认为白天就,,,
R8009_M8020,R8009_M8020_seg0330,952.730,954.110,N_SPK8026,尽量不提供。,False,none,,,,speaker_stance,认为尽量不提供,,,
R8009_M8020,R8009_M8020_seg0331,954.110,954.710,N_SPK8026,餐。,False,none,,,,speaker_stance,认为餐,,,
R8009_M8020,R8009_M8020_seg0332,955.230,958.810,N_SPK8026,就午餐啊，早餐什么的，只有晚上有餐补。,True,partial,,,,uncertainty,高重叠语音，内容或说话人归属不确定,,,多人同时说话，按项目规则标为不确定
R8009_M8020,R8009_M8020_seg0332,955.230,958.810,N_SPK8025,可以。,True,partial,,,,uncertainty,高重叠语音，内容或说话人归属不确定,,,多人同时说话，按项目规则标为不确定
R8009_M8020,R8009_M8020_seg0332,955.230,958.810,N_SPK8025,这个是可以的。,True,partial,,,,uncertainty,高重叠语音，内容或说话人归属不确定,,,多人同时说话，按项目规则标为不确定
R8009_M8020,R8009_M8020_seg0333,958.810,963.920,N_SPK8025,晚上的话，提供您把那个灯光一照射是吧，音乐一放起，它就更有氛围。,False,none,,,,speaker_stance,认为晚上，提供您把灯光一照射是吧，音乐一放起，它就更有氛围,,,
R8009_M8020,R8009_M8020_seg0334,964.530,966.670,N_SPK8026,呃，可以。,True,partial,,,,uncertainty,高重叠语音，内容或说话人归属不确定,,,多人同时说话，按项目规则标为不确定
R8009_M8020,R8009_M8020_seg0334,964.530,966.670,N_SPK8025,对，这个是很好的。,True,partial,,,,uncertainty,高重叠语音，内容或说话人归属不确定,,,多人同时说话，按项目规则标为不确定
R8009_M8020,R8009_M8020_seg0335,966.670,968.180,N_SPK8025,然后的话还有一个，就是。,False,none,,,,speaker_stance,认为还有一个，就是,,,
R8009_M8020,R8009_M8020_seg0336,968.710,973.590,N_SPK8025,就刚才我们说的话，像赏花，喝茶，泛舟游湖。,False,none,,,,speaker_stance,认为就刚才说，像赏花，喝茶，泛舟游湖,,,
R8009_M8020,R8009_M8020_seg0337,973.590,976.950,N_SPK8025,它都是比较一个静态的，了解对方的一个过程。,True,partial,,,,uncertainty,高重叠语音，内容或说话人归属不确定,,,多人同时说话，按项目规则标为不确定
R8009_M8020,R8009_M8020_seg0337,973.590,976.950,N_SPK8026,嗯。,True,partial,,,,uncertainty,高重叠语音，内容或说话人归属不确定,,,多人同时说话，按项目规则标为不确定
R8009_M8020,R8009_M8020_seg0338,976.950,979.000,N_SPK8025,然后的话，上台唱歌。,False,none,,,,speaker_stance,认为上台唱歌,,,
R8009_M8020,R8009_M8020_seg0339,979.000,981.860,N_SPK8025,起码，他是比较动态的一个互动的过程。,False,none,,,,speaker_stance,认为起码，他是比较动态的一个互动的过程,,,
R8009_M8020,R8009_M8020_seg0340,981.860,983.580,N_SPK8025,还有一个比较科学的就是。,False,none,,,,speaker_stance,认为还有一个比较科学的就是,,,
R8009_M8020,R8009_M8020_seg0341,983.580,986.810,N_SPK8025,我们可，我们这边可以给他们提供一些心理测试。,False,none,,,,speaker_stance,认为可，这边可以给他们提供一些心理测试,,,
R8009_M8020,R8009_M8020_seg0342,987.390,988.100,N_SPK8025,题目。,False,none,,,,speaker_stance,认为题目,,,
R8009_M8020,R8009_M8020_seg0343,988.100,991.270,N_SPK8025,他们他们了解起来，可以了解对方的一些性格。,False,none,,,,speaker_stance,认为他们他们了解起来，可以了解对方的一些性格,,,
R8009_M8020,R8009_M8020_seg0344,991.270,992.600,N_SPK8025,个性，三观。,False,none,,,,speaker_stance,认为个性，三观,,,
R8009_M8020,R8009_M8020_seg0345,992.600,994.670,N_SPK8025,是吧，而且也会非常有趣。,False,none,,,,speaker_stance,认为是吧，而且也会非常有趣,,,
R8009_M8020,R8009_M8020_seg0346,994.670,1001.820,N_SPK8025,然后的话，这个心理测试的话，他肯定也是。,True,partial,,,,uncertainty,高重叠语音，内容或说话人归属不确定,,,多人同时说话，按项目规则标为不确定
R8009_M8020,R8009_M8020_seg0346,994.670,1001.820,N_SPK8026,呃。,True,partial,,,,uncertainty,高重叠语音，内容或说话人归属不确定,,,多人同时说话，按项目规则标为不确定
R8009_M8020,R8009_M8020_seg0346,994.670,1001.820,N_SPK8026,我们开始匹配的话，就是依他们在网上的提交的自己的。,True,partial,,,,uncertainty,高重叠语音，内容或说话人归属不确定,,,多人同时说话，按项目规则标为不确定
R8009_M8020,R8009_M8020_seg0346,994.670,1001.820,N_SPK8025,啊。,True,partial,,,,uncertainty,高重叠语音，内容或说话人归属不确定,,,多人同时说话，按项目规则标为不确定
R8009_M8020,R8009_M8020_seg0347,1001.820,1004.470,N_SPK8026,资料，然后性格的相同度，还有。,False,none,,,,speaker_stance,认为资料，性格的相同度，还有,,,
R8009_M8020,R8009_M8020_seg0348,1004.470,1007.590,N_SPK8026,兴趣爱好等做一个了一个相关匹配。,False,none,,,,speaker_stance,认为兴趣爱好等做一个了一个相关匹配,,,
R8009_M8020,R8009_M8020_seg0349,1007.590,1010.290,N_SPK8026,就是说，达到百分之八十以上的人。,True,partial,,,,uncertainty,高重叠语音，内容或说话人归属不确定,,,多人同时说话，按项目规则标为不确定
R8009_M8020,R8009_M8020_seg0349,1007.590,1010.290,N_SPK8025,嗯。,True,partial,,,,uncertainty,高重叠语音，内容或说话人归属不确定,,,多人同时说话，按项目规则标为不确定
R8009_M8020,R8009_M8020_seg0350,1010.290,1014.040,N_SPK8026,我们才会就是对他们进行一个匹配，如果这这对。,False,none,,,,speaker_stance,认为才会就是对他们进行一个匹配，如果这这对,,,
R8009_M8020,R8009_M8020_seg0351,1014.040,1017.440,N_SPK8026,嗯，就觉得相处不怎么样，可以就在。,True,partial,,,,uncertainty,高重叠语音，内容或说话人归属不确定,,,多人同时说话，按项目规则标为不确定
R8009_M8020,R8009_M8020_seg0351,1014.040,1017.440,N_SPK8025,嗯。,True,partial,,,,uncertainty,高重叠语音，内容或说话人归属不确定,,,多人同时说话，按项目规则标为不确定
R8009_M8020,R8009_M8020_seg0352,1018.050,1020.820,N_SPK8026,半个小时以内可以换，换换一个人。,False,none,,,,speaker_stance,认为半个小时以内可以换，换换一个人,,,
R8009_M8020,R8009_M8020_seg0353,1020.820,1023.020,N_SPK8026,进行一个了解，就这个样子。,False,none,,,,speaker_stance,认为进行一个了解，就样子,,,
R8009_M8020,R8009_M8020_seg0354,1023.020,1027.850,N_SPK8026,并不是说一天的话就一定要对一个人进行一个了解，这样的话。,True,partial,,,,uncertainty,高重叠语音，内容或说话人归属不确定,,,多人同时说话，按项目规则标为不确定
R8009_M8020,R8009_M8020_seg0354,1023.020,1027.850,N_SPK8025,嗯。,True,partial,,,,uncertainty,高重叠语音，内容或说话人归属不确定,,,多人同时说话，按项目规则标为不确定
R8009_M8020,R8009_M8020_seg0355,1028.610,1030.510,N_SPK8026,这样的话我觉得，嗯。,False,none,,,,speaker_stance,认为这样,,,
R8009_M8020,R8009_M8020_seg0356,1031.100,1032.710,N_SPK8026,这个，这个。,False,none,,,,speaker_stance,认为这个，这个,,,
R8009_M8020,R8009_M8020_seg0357,1032.710,1040.060,N_SPK8026,这个他们相处的范围就不是特别的大，然后接触的人就不是特别的多。,True,partial,,,,uncertainty,高重叠语音，内容或说话人归属不确定,,,多人同时说话，按项目规则标为不确定
R8009_M8020,R8009_M8020_seg0357,1032.710,1040.060,N_SPK8025,对呀。,True,partial,,,,uncertainty,高重叠语音，内容或说话人归属不确定,,,多人同时说话，按项目规则标为不确定
R8009_M8020,R8009_M8020_seg0357,1032.710,1040.060,N_SPK8025,就是刚刚我我们说了的嘛，就是这个什么呢。,True,partial,,,,uncertainty,高重叠语音，内容或说话人归属不确定,,,多人同时说话，按项目规则标为不确定
R8009_M8020,R8009_M8020_seg0358,1040.640,1043.620,N_SPK8025,嗯，报名费里面一百五十元，每人嘛。,False,none,,,,speaker_stance,认为报名费里面一百五十元，每人嘛,,,
R8009_M8020,R8009_M8020_seg0359,1043.620,1045.100,N_SPK8025,然后的话，我们是。,True,full,,,,uncertainty,高重叠语音，内容或说话人归属不确定,,,多人同时说话，按项目规则标为不确定
R8009_M8020,R8009_M8020_seg0359,1043.620,1045.100,N_SPK8026,一百五。,True,full,,,,uncertainty,高重叠语音，内容或说话人归属不确定,,,多人同时说话，按项目规则标为不确定
R8009_M8020,R8009_M8020_seg0360,1045.100,1052.030,N_SPK8025,一开始就对你做。,True,partial,,,,uncertainty,高重叠语音，内容或说话人归属不确定,,,多人同时说话，按项目规则标为不确定
R8009_M8020,R8009_M8020_seg0360,1045.100,1052.030,N_SPK8026,那你觉得还有。,True,partial,,,,uncertainty,高重叠语音，内容或说话人归属不确定,,,多人同时说话，按项目规则标为不确定
R8009_M8020,R8009_M8020_seg0360,1045.100,1052.030,N_SPK8025,征集了你的信息，然后。,True,partial,,,,uncertainty,高重叠语音，内容或说话人归属不确定,,,多人同时说话，按项目规则标为不确定
R8009_M8020,R8009_M8020_seg0360,1045.100,1052.030,N_SPK8026,你。,True,partial,,,,uncertainty,高重叠语音，内容或说话人归属不确定,,,多人同时说话，按项目规则标为不确定
R8009_M8020,R8009_M8020_seg0360,1045.100,1052.030,N_SPK8025,用让心恋爱心理学老师给你做了一个。,True,partial,,,,uncertainty,高重叠语音，内容或说话人归属不确定,,,多人同时说话，按项目规则标为不确定
R8009_M8020,R8009_M8020_seg0361,1052.340,1056.380,N_SPK8025,那个匹配的，对吧。,True,partial,,,,uncertainty,高重叠语音，内容或说话人归属不确定,,,多人同时说话，按项目规则标为不确定
R8009_M8020,R8009_M8020_seg0361,1052.340,1056.380,N_SPK8026,嗯。,True,partial,,,,uncertainty,高重叠语音，内容或说话人归属不确定,,,多人同时说话，按项目规则标为不确定
R8009_M8020,R8009_M8020_seg0361,1052.340,1056.380,N_SPK8025,每一个报名的人，有三个。,True,partial,,,,uncertainty,高重叠语音，内容或说话人归属不确定,,,多人同时说话，按项目规则标为不确定
R8009_M8020,R8009_M8020_seg0362,1057.110,1058.060,N_SPK8025,约会对象。,False,none,,,,speaker_stance,认为约会对象,,,
R8009_M8020,R8009_M8020_seg0363,1058.060,1063.670,N_SPK8025,如果你觉得第一个不行，你可以进入第二个。,True,partial,,,,uncertainty,高重叠语音，内容或说话人归属不确定,,,多人同时说话，按项目规则标为不确定
R8009_M8020,R8009_M8020_seg0363,1058.060,1063.670,N_SPK8026,唉，这个可以，三个的话，有有选择。,True,partial,,,,uncertainty,高重叠语音，内容或说话人归属不确定,,,多人同时说话，按项目规则标为不确定
R8009_M8020,R8009_M8020_seg0363,1058.060,1063.670,N_SPK8025,第二个不行，你可以进入到第三个。,True,partial,,,,uncertainty,高重叠语音，内容或说话人归属不确定,,,多人同时说话，按项目规则标为不确定
R8009_M8020,R8009_M8020_seg0364,1063.670,1066.520,N_SPK8025,第三个，你都没办法，你就只能下次报名了。,False,none,,,,speaker_stance,认为第三个，你都没办法，你就只能下次报名了,,,
R8009_M8020,R8009_M8020_seg0365,1067.010,1069.800,N_SPK8025,是吧？,True,partial,,,,uncertainty,高重叠语音，内容或说话人归属不确定,,,多人同时说话，按项目规则标为不确定
R8009_M8020,R8009_M8020_seg0365,1067.010,1069.800,N_SPK8026,下次报名要重新收费用吗？,True,partial,,,,uncertainty,高重叠语音，内容或说话人归属不确定,,,多人同时说话，按项目规则标为不确定
R8009_M8020,R8009_M8020_seg0366,1069.800,1074.890,N_SPK8026,唉，我们这样嘛，不是，我刚刚说。,True,partial,,,,uncertainty,高重叠语音，内容或说话人归属不确定,,,多人同时说话，按项目规则标为不确定
R8009_M8020,R8009_M8020_seg0366,1069.800,1074.890,N_SPK8025,嗯。,True,partial,,,,uncertainty,高重叠语音，内容或说话人归属不确定,,,多人同时说话，按项目规则标为不确定
R8009_M8020,R8009_M8020_seg0366,1069.800,1074.890,N_SPK8026,有个会员吗？会员就充五百块钱。,True,partial,,,,uncertainty,高重叠语音，内容或说话人归属不确定,,,多人同时说话，按项目规则标为不确定
R8009_M8020,R8009_M8020_seg0366,1069.800,1074.890,N_SPK8025,嗯。,True,partial,,,,uncertainty,高重叠语音，内容或说话人归属不确定,,,多人同时说话，按项目规则标为不确定
R8009_M8020,R8009_M8020_seg0367,1074.890,1075.800,N_SPK8026,呃。,False,none,,,,speaker_stance,认为呃,,,
R8009_M8020,R8009_M8020_seg0368,1075.800,1077.320,N_SPK8026,五百块钱可以。,False,none,,,,speaker_stance,认为五百块钱可以,,,
R8009_M8020,R8009_M8020_seg0369,1078.080,1082.010,N_SPK8026,四次，你觉得怎么样？四次还挺划算的，你看的第一一。,True,partial,,,,uncertainty,高重叠语音，内容或说话人归属不确定,,,多人同时说话，按项目规则标为不确定
R8009_M8020,R8009_M8020_seg0369,1078.080,1082.010,N_SPK8025,嗯。,True,partial,,,,uncertainty,高重叠语音，内容或说话人归属不确定,,,多人同时说话，按项目规则标为不确定
R8009_M8020,R8009_M8020_seg0370,1082.010,1084.310,N_SPK8026,一次报名就一百五，两次的话，就。,False,none,,,,speaker_stance,认为一次报名就一百五，两次，就,,,
R8009_M8020,R8009_M8020_seg0371,1084.620,1091.540,N_SPK8026,就三百的样子了，然后四次，就是一。,True,partial,,,,uncertainty,高重叠语音，内容或说话人归属不确定,,,多人同时说话，按项目规则标为不确定
R8009_M8020,R8009_M8020_seg0371,1084.620,1091.540,N_SPK8025,一百五十块钱，三三个三份资料，是吧？有效资料。,True,partial,,,,uncertainty,高重叠语音，内容或说话人归属不确定,,,多人同时说话，按项目规则标为不确定
R8009_M8020,R8009_M8020_seg0372,1091.850,1093.490,N_SPK8025,五百块钱才四份资料。,False,none,,,,speaker_stance,认为五百块钱才四份资料,,,
R8009_M8020,R8009_M8020_seg0373,1094.550,1095.570,N_SPK8026,不是啊，我。,False,none,,,,disagreement,存在分歧不是，我,,,
R8009_M8020,R8009_M8020_seg0374,1095.570,1095.990,N_SPK8026,三。,False,none,,,,speaker_stance,认为三,,,
R8009_M8020,R8009_M8020_seg0375,1095.990,1101.380,N_SPK8026,三三三个资料的话是在一天的时间了，但是我们这个会员就不限。,True,partial,,,,uncertainty,高重叠语音，内容或说话人归属不确定,,,多人同时说话，按项目规则标为不确定
R8009_M8020,R8009_M8020_seg0375,1095.990,1101.380,N_SPK8025,啊。,True,partial,,,,uncertainty,高重叠语音，内容或说话人归属不确定,,,多人同时说话，按项目规则标为不确定
R8009_M8020,R8009_M8020_seg0376,1101.380,1105.190,N_SPK8026,不限场次，我的意思是他可以来四次。,True,partial,,,,uncertainty,高重叠语音，内容或说话人归属不确定,,,多人同时说话，按项目规则标为不确定
R8009_M8020,R8009_M8020_seg0376,1101.380,1105.190,N_SPK8025,嗯。,True,partial,,,,uncertainty,高重叠语音，内容或说话人归属不确定,,,多人同时说话，按项目规则标为不确定
R8009_M8020,R8009_M8020_seg0377,1105.680,1107.920,N_SPK8026,就相当于三四一十二十二。,True,partial,,,,uncertainty,高重叠语音，内容或说话人归属不确定,,,多人同时说话，按项目规则标为不确定
R8009_M8020,R8009_M8020_seg0377,1105.680,1107.920,N_SPK8025,啊。,True,partial,,,,uncertainty,高重叠语音，内容或说话人归属不确定,,,多人同时说话，按项目规则标为不确定
R8009_M8020,R8009_M8020_seg0378,1107.920,1117.150,N_SPK8026,十二十二个人的资料了。,True,partial,,,,uncertainty,高重叠语音，内容或说话人归属不确定,,,多人同时说话，按项目规则标为不确定
R8009_M8020,R8009_M8020_seg0378,1107.920,1117.150,N_SPK8025,可以可以，我懂你的意思，这个也ok。,True,partial,,,,uncertainty,高重叠语音，内容或说话人归属不确定,,,多人同时说话，按项目规则标为不确定
R8009_M8020,R8009_M8020_seg0378,1107.920,1117.150,N_SPK8026,这样会员的力度就比较大，然后也能激起人们的一个参与活动的。,True,partial,,,,uncertainty,高重叠语音，内容或说话人归属不确定,,,多人同时说话，按项目规则标为不确定
R8009_M8020,R8009_M8020_seg0378,1107.920,1117.150,N_SPK8025,嗯。,True,partial,,,,uncertainty,高重叠语音，内容或说话人归属不确定,,,多人同时说话，按项目规则标为不确定
R8009_M8020,R8009_M8020_seg0379,1117.150,1118.270,N_SPK8026,一个心态嘛。,False,none,,,,speaker_stance,认为一个心态嘛,,,
R8009_M8020,R8009_M8020_seg0380,1118.520,1119.030,N_SPK8025,对。,False,none,,,,speaker_stance,认为对,,,
R8009_M8020,R8009_M8020_seg0381,1119.280,1123.480,N_SPK8025,反正我，总的来说就是我们这边的一些项目啊，那些要做好。,False,none,,,,speaker_stance,认为反正我，总的来说就是这边的一些项目，那些要做好,,,
R8009_M8020,R8009_M8020_seg0382,1123.480,1128.100,N_SPK8025,有静态，也要有动态，同时还要建立在这个科学的基础上，对吧。,False,none,,,,speaker_stance,认为有静态，也要有动态，同时还要建立在科学的基础上，对吧,,,
R8009_M8020,R8009_M8020_seg0383,1128.100,1130.280,N_SPK8025,毕竟我们这个公司叫携手网嘛。,False,none,,,,speaker_stance,认为毕竟公司叫携手网嘛,,,
R8009_M8020,R8009_M8020_seg0384,1130.280,1131.740,N_SPK8025,唉，真的是希望。,False,none,,,,speaker_stance,认为唉，真的是希望,,,
R8009_M8020,R8009_M8020_seg0385,1131.740,1132.880,N_SPK8025,别人能够就是。,False,none,,,,speaker_stance,认为别人能够就是,,,
R8009_M8020,R8009_M8020_seg0386,1133.190,1135.900,N_SPK8025,找到对的那个人，携手一生的。,False,none,,,,speaker_stance,认为找到对的人，携手一生的,,,
R8009_M8020,R8009_M8020_seg0387,1135.900,1137.350,N_SPK8025,那种状态，对不对。,False,none,,,,speaker_stance,认为那种状态，对不对,,,
R8009_M8020,R8009_M8020_seg0388,1137.960,1138.520,N_SPK8026,对。,False,none,,,,speaker_stance,认为对,,,
R8009_M8020,R8009_M8020_seg0389,1139.280,1141.060,N_SPK8026,嗯，然后我觉得。,False,none,,,,speaker_stance,认为嗯，然后我觉得,,,
R8009_M8020,R8009_M8020_seg0390,1141.060,1142.790,N_SPK8026,还可以。,True,partial,,,,uncertainty,高重叠语音，内容或说话人归属不确定,,,多人同时说话，按项目规则标为不确定
R8009_M8020,R8009_M8020_seg0390,1141.060,1142.790,N_SPK8025,嗯。,True,partial,,,,uncertainty,高重叠语音，内容或说话人归属不确定,,,多人同时说话，按项目规则标为不确定
R8009_M8020,R8009_M8020_seg0391,1142.790,1147.580,N_SPK8026,有一个，因为现在天气也比较炎热嘛，刚好在六七月份的样子。,False,none,,,,speaker_stance,认为有一个，因为现在天气也比较炎热嘛，刚好在六七月份的样子,,,
R8009_M8020,R8009_M8020_seg0392,1147.580,1151.420,N_SPK8026,嗯，旁边好像有个游泳馆，也可以提供，但是。,True,partial,,,,uncertainty,高重叠语音，内容或说话人归属不确定,,,多人同时说话，按项目规则标为不确定
R8009_M8020,R8009_M8020_seg0392,1147.580,1151.420,N_SPK8025,嗯。,True,partial,,,,uncertainty,高重叠语音，内容或说话人归属不确定,,,多人同时说话，按项目规则标为不确定
R8009_M8020,R8009_M8020_seg0393,1151.420,1155.860,N_SPK8026,这个要收取额外的费用，还是说一个免费的提供，你觉得呢？,False,none,,,,open_question,待确认要收取额外的费用，还是说一个免费的提供，你觉得呢？,,,
R8009_M8020,R8009_M8020_seg0394,1157.370,1163.450,N_SPK8025,游泳的话。,True,partial,,,,uncertainty,高重叠语音，内容或说话人归属不确定,,,多人同时说话，按项目规则标为不确定
R8009_M8020,R8009_M8020_seg0394,1157.370,1163.450,N_SPK8026,游泳。,True,partial,,,,uncertainty,高重叠语音，内容或说话人归属不确定,,,多人同时说话，按项目规则标为不确定
R8009_M8020,R8009_M8020_seg0394,1157.370,1163.450,N_SPK8026,对，游泳的话是，也是促进两个人互动的一个环节，亲亲密互动。,True,partial,,,,uncertainty,高重叠语音，内容或说话人归属不确定,,,多人同时说话，按项目规则标为不确定
R8009_M8020,R8009_M8020_seg0395,1163.730,1169.000,N_SPK8025,亲密互动你。,True,partial,,,,uncertainty,高重叠语音，内容或说话人归属不确定,,,多人同时说话，按项目规则标为不确定
R8009_M8020,R8009_M8020_seg0395,1163.730,1169.000,N_SPK8026,更容易来电啊，你不觉得吗？,True,partial,,,,uncertainty,高重叠语音，内容或说话人归属不确定,,,多人同时说话，按项目规则标为不确定
R8009_M8020,R8009_M8020_seg0395,1163.730,1169.000,N_SPK8025,哦，我我是这个想法啊，两个人。,True,partial,,,,uncertainty,高重叠语音，内容或说话人归属不确定,,,多人同时说话，按项目规则标为不确定
R8009_M8020,R8009_M8020_seg0396,1170.030,1172.150,N_SPK8025,会不会，就是说有一些就是。,False,none,,,,speaker_stance,认为会不会，有一些就是,,,
R8009_M8020,R8009_M8020_seg0397,1172.610,1174.580,N_SPK8025,素质不是怎么高的男性。,False,none,,,,disagreement,存在分歧素质不是怎么高的男性,,,
R8009_M8020,R8009_M8020_seg0398,1174.580,1176.950,N_SPK8025,会对女性做一些不雅的举动呢？,False,none,,,,open_question,待确认会对女性做一些不雅的举动呢？,,,
R8009_M8020,R8009_M8020_seg0399,1177.100,1177.900,N_SPK8026,啊。,False,none,,,,speaker_stance,认为啊,,,
R8009_M8020,R8009_M8020_seg0400,1177.900,1180.850,N_SPK8026,这个，我们可以分。,False,none,,,,speaker_stance,认为可以分,,,
R8009_M8020,R8009_M8020_seg0401,1180.850,1182.650,N_SPK8026,三个，三个。,False,none,,,,speaker_stance,认为三个，三个,,,
R8009_M8020,R8009_M8020_seg0402,1182.650,1186.070,N_SPK8026,三个广场，第一个就是女性专门。,False,none,,,,speaker_stance,认为三个广场，第一个就是女性专门,,,
R8009_M8020,R8009_M8020_seg0403,1186.530,1191.080,N_SPK8026,游泳的地方，然后第二个就男性，还有个三就是共共。,True,partial,,,,uncertainty,高重叠语音，内容或说话人归属不确定,,,多人同时说话，按项目规则标为不确定
R8009_M8020,R8009_M8020_seg0403,1186.530,1191.080,N_SPK8025,嗯。,True,partial,,,,uncertainty,高重叠语音，内容或说话人归属不确定,,,多人同时说话，按项目规则标为不确定
R8009_M8020,R8009_M8020_seg0404,1191.420,1192.220,N_SPK8026,共同。,False,none,,,,speaker_stance,认为共同,,,
R8009_M8020,R8009_M8020_seg0405,1192.220,1200.740,N_SPK8026,就是男女都可以进入的，看看自己嘛，是吧，你自己要是愿意去这个共共同场所的话，那肯定是。,False,none,,,,topic_transition,讨论就是男女都可以进入的，看看自己嘛，是吧，你自己要是愿意去共共同场所，那肯定是,,,
R8009_M8020,R8009_M8020_seg0406,1200.740,1203.230,N_SPK8026,有自己的一个心理承受度啊，是吧。,False,none,,,,speaker_stance,认为有自己的一个心理承受度，是吧,,,
R8009_M8020,R8009_M8020_seg0407,1203.380,1204.720,N_SPK8025,嗯，就是。,False,none,,,,speaker_stance,认为就是,,,
R8009_M8020,R8009_M8020_seg0408,1204.720,1206.440,N_SPK8025,你把男女分开。,False,none,,,,speaker_stance,认为你把男女分开,,,
R8009_M8020,R8009_M8020_seg0409,1206.440,1209.340,N_SPK8025,那我们这个相亲大会它的意义何在呢？,False,none,,,,open_question,待确认那相亲大会它的意义何在呢？,,,
R8009_M8020,R8009_M8020_seg0410,1209.340,1210.820,N_SPK8025,那不成了姐妹。,False,none,,,,speaker_stance,认为那不成了姐妹,,,
R8009_M8020,R8009_M8020_seg0411,1211.730,1212.770,N_SPK8025,互动环节了。,False,none,,,,speaker_stance,认为互动环节了,,,
R8009_M8020,R8009_M8020_seg0412,1213.170,1218.230,N_SPK8026,呃，我。,True,partial,,,,uncertainty,高重叠语音，内容或说话人归属不确定,,,多人同时说话，按项目规则标为不确定
R8009_M8020,R8009_M8020_seg0412,1213.170,1218.230,N_SPK8025,这就是这个，我觉得游泳是还是可以的，就是说你设置的。,True,partial,,,,uncertainty,高重叠语音，内容或说话人归属不确定,,,多人同时说话，按项目规则标为不确定
R8009_M8020,R8009_M8020_seg0413,1218.960,1222.580,N_SPK8026,但是。,True,partial,,,,uncertainty,高重叠语音，内容或说话人归属不确定,,,多人同时说话，按项目规则标为不确定
R8009_M8020,R8009_M8020_seg0413,1218.960,1222.580,N_SPK8025,能否更科学一些，就主要的围绕的还是围绕着两个人。,True,partial,,,,uncertainty,高重叠语音，内容或说话人归属不确定,,,多人同时说话，按项目规则标为不确定
R8009_M8020,R8009_M8020_seg0414,1222.580,1223.900,N_SPK8025,能否互动。,False,none,,,,speaker_stance,认为能否互动,,,
R8009_M8020,R8009_M8020_seg0415,1223.900,1226.480,N_SPK8025,能否能够促进了解彼此对方。,False,none,,,,speaker_stance,认为能否能够促进了解彼此对方,,,
R8009_M8020,R8009_M8020_seg0416,1226.880,1234.150,N_SPK8026,那那就干脆弄弄弄成一个场所，然后。,True,partial,,,,uncertainty,高重叠语音，内容或说话人归属不确定,,,多人同时说话，按项目规则标为不确定
R8009_M8020,R8009_M8020_seg0416,1226.880,1234.150,N_SPK8025,嗯。,True,partial,,,,uncertainty,高重叠语音，内容或说话人归属不确定,,,多人同时说话，按项目规则标为不确定
R8009_M8020,R8009_M8020_seg0416,1226.880,1234.150,N_SPK8026,呃，一个场所，但一边是共同区域。,True,partial,,,,uncertainty,高重叠语音，内容或说话人归属不确定,,,多人同时说话，按项目规则标为不确定
R8009_M8020,R8009_M8020_seg0417,1234.150,1235.540,N_SPK8026,然后另一边就。,False,none,,,,speaker_stance,认为另一边就,,,
R8009_M8020,R8009_M8020_seg0418,1237.560,1243.270,N_SPK8026,呃，贴贴贴贴两个标签嘛，一个是共同公公公共公共区域，另一个就是。,False,none,,,,speaker_stance,认为贴贴贴贴两个标签嘛，一个是共同公公公共公共区域，另一个就是,,,
R8009_M8020,R8009_M8020_seg0419,1243.270,1250.750,N_SPK8026,男女区域，就。,True,partial,,,,uncertainty,高重叠语音，内容或说话人归属不确定,,,多人同时说话，按项目规则标为不确定
R8009_M8020,R8009_M8020_seg0419,1243.270,1250.750,N_SPK8025,嗯。,True,partial,,,,uncertainty,高重叠语音，内容或说话人归属不确定,,,多人同时说话，按项目规则标为不确定
R8009_M8020,R8009_M8020_seg0419,1243.270,1250.750,N_SPK8026,呃，男女区域也算一个公公共区，就是说他们各有各的，但是并不。,True,partial,,,,uncertainty,高重叠语音，内容或说话人归属不确定,,,多人同时说话，按项目规则标为不确定
R8009_M8020,R8009_M8020_seg0420,1251.120,1256.350,N_SPK8026,一定要产生一些互动，但公共区域就要产生一些互动，就是说。,False,none,,,,speaker_stance,认为一定要产生一些互动，但公共区域就要产生一些互动,,,
R8009_M8020,R8009_M8020_seg0421,1256.350,1259.000,N_SPK8026,必须要男女一起有这个意思。,False,none,,,,speaker_stance,认为必须要男女一起有意思,,,
R8009_M8020,R8009_M8020_seg0422,1259.050,1263.770,N_SPK8025,嗯。,True,partial,,,,uncertainty,高重叠语音，内容或说话人归属不确定,,,多人同时说话，按项目规则标为不确定
R8009_M8020,R8009_M8020_seg0422,1259.050,1263.770,N_SPK8026,这个意思可以吗？因为有些人可能游泳也不是那么好，然后。,True,partial,,,,uncertainty,高重叠语音，内容或说话人归属不确定,,,多人同时说话，按项目规则标为不确定
R8009_M8020,R8009_M8020_seg0423,1263.770,1264.740,N_SPK8026,呃。,False,none,,,,speaker_stance,认为呃,,,
R8009_M8020,R8009_M8020_seg0424,1264.740,1272.650,N_SPK8026,就就他们各自的区域可以先练一下，然后再去公共区这个样子，你觉得怎么样呢？,True,partial,,,,uncertainty,高重叠语音，内容或说话人归属不确定,,,多人同时说话，按项目规则标为不确定
R8009_M8020,R8009_M8020_seg0424,1264.740,1272.650,N_SPK8025,啊，你说的这个倒是触动我了，就是。,True,partial,,,,uncertainty,高重叠语音，内容或说话人归属不确定,,,多人同时说话，按项目规则标为不确定
R8009_M8020,R8009_M8020_seg0425,1272.650,1275.260,N_SPK8025,游泳的话话，我我我是感觉。,False,none,,,,speaker_stance,认为游泳话，我我我是感觉,,,
R8009_M8020,R8009_M8020_seg0426,1276.440,1283.480,N_SPK8026,我觉得是比较亲密的一个。,True,partial,,,,uncertainty,高重叠语音，内容或说话人归属不确定,,,多人同时说话，按项目规则标为不确定
R8009_M8020,R8009_M8020_seg0426,1276.440,1283.480,N_SPK8025,就是。,True,partial,,,,uncertainty,高重叠语音，内容或说话人归属不确定,,,多人同时说话，按项目规则标为不确定
R8009_M8020,R8009_M8020_seg0426,1276.440,1283.480,N_SPK8025,比较亲密，应该他应该是一般处于情侣状态，人家第一次见面就去游泳。,True,partial,,,,uncertainty,高重叠语音，内容或说话人归属不确定,,,多人同时说话，按项目规则标为不确定
R8009_M8020,R8009_M8020_seg0427,1284.030,1288.960,N_SPK8025,然后的话，你可能有出于人性哈，男性的话，他肯定是对女性的这个。,False,none,,,,speaker_stance,认为你可能有出于人性哈，男性，他肯定是对女性的,,,
R8009_M8020,R8009_M8020_seg0428,1289.580,1295.590,N_SPK8025,各方面身材他会有一些欲望。,True,partial,,,,uncertainty,高重叠语音，内容或说话人归属不确定,,,多人同时说话，按项目规则标为不确定
R8009_M8020,R8009_M8020_seg0428,1289.580,1295.590,N_SPK8026,攀比嘛，什么，还是。,True,partial,,,,uncertainty,高重叠语音，内容或说话人归属不确定,,,多人同时说话，按项目规则标为不确定
R8009_M8020,R8009_M8020_seg0428,1289.580,1295.590,N_SPK8025,有有一些欲望，他可能到时候会变的目的不纯。,True,partial,,,,uncertainty,高重叠语音，内容或说话人归属不确定,,,多人同时说话，按项目规则标为不确定
R8009_M8020,R8009_M8020_seg0429,1295.590,1299.230,N_SPK8025,是吧，但是刚刚你有一个，说到一个点触发我了，就是说。,False,none,,,,speaker_stance,认为是吧，但是刚刚你有一个，说到一个点触发我了,,,
R8009_M8020,R8009_M8020_seg0430,1300.050,1301.210,N_SPK8025,就是说这个。,False,none,,,,speaker_stance,认为就是说这个,,,
R8009_M8020,R8009_M8020_seg0431,1302.210,1304.600,N_SPK8025,嗯，男士。,True,partial,,,,uncertainty,高重叠语音，内容或说话人归属不确定,,,多人同时说话，按项目规则标为不确定
R8009_M8020,R8009_M8020_seg0431,1302.210,1304.600,N_SPK8026,啊，您说。,True,partial,,,,uncertainty,高重叠语音，内容或说话人归属不确定,,,多人同时说话，按项目规则标为不确定
R8009_M8020,R8009_M8020_seg0431,1302.210,1304.600,N_SPK8025,男性哈。,True,partial,,,,uncertainty,高重叠语音，内容或说话人归属不确定,,,多人同时说话，按项目规则标为不确定
R8009_M8020,R8009_M8020_seg0432,1304.600,1305.510,N_SPK8025,你可以。,False,none,,,,speaker_stance,认为你可以,,,
R8009_M8020,R8009_M8020_seg0433,1305.510,1310.330,N_SPK8025,增加一个环节就是，体现男性去保护女性的这样一个活动状态。,False,none,,,,speaker_stance,认为增加一个环节就是，体现男性去保护女性的这样一个活动状态,,,
R8009_M8020,R8009_M8020_seg0434,1310.580,1325.720,N_SPK8026,嗯，保护嘛。,True,partial,,,,uncertainty,高重叠语音，内容或说话人归属不确定,,,多人同时说话，按项目规则标为不确定
R8009_M8020,R8009_M8020_seg0434,1310.580,1325.720,N_SPK8025,男性能够保护女性，就是男性，变得像一个王子，一个英雄一样能够去保护他的这个。,True,partial,,,,uncertainty,高重叠语音，内容或说话人归属不确定,,,多人同时说话，按项目规则标为不确定
R8009_M8020,R8009_M8020_seg0434,1310.580,1325.720,N_SPK8026,那。,True,partial,,,,uncertainty,高重叠语音，内容或说话人归属不确定,,,多人同时说话，按项目规则标为不确定
R8009_M8020,R8009_M8020_seg0434,1310.580,1325.720,N_SPK8026,但我觉得现在都是成年人了，还需要什么保护？现在女生都自立自强了呀。,True,partial,,,,uncertainty,高重叠语音，内容或说话人归属不确定,,,多人同时说话，按项目规则标为不确定
R8009_M8020,R8009_M8020_seg0434,1310.580,1325.720,N_SPK8025,相亲女性。,True,partial,,,,uncertainty,高重叠语音，内容或说话人归属不确定,,,多人同时说话，按项目规则标为不确定
R8009_M8020,R8009_M8020_seg0434,1310.580,1325.720,N_SPK8025,就像体验那种爱情的感觉，对吧？,True,partial,,,,uncertainty,高重叠语音，内容或说话人归属不确定,,,多人同时说话，按项目规则标为不确定
R8009_M8020,R8009_M8020_seg0434,1310.580,1325.720,N_SPK8026,然后只是是说。,True,partial,,,,uncertainty,高重叠语音，内容或说话人归属不确定,,,多人同时说话，按项目规则标为不确定
R8009_M8020,R8009_M8020_seg0435,1325.720,1327.070,N_SPK8025,你比如说可以是。,False,none,,,,speaker_stance,认为你比如说可以是,,,
R8009_M8020,R8009_M8020_seg0436,1327.390,1328.100,N_SPK8025,嗯。,False,none,,,,speaker_stance,认为嗯,,,
R8009_M8020,R8009_M8020_seg0437,1328.100,1329.860,N_SPK8025,围起一个那个。,False,none,,,,speaker_stance,认为围起一个,,,
R8009_M8020,R8009_M8020_seg0438,1329.860,1331.780,N_SPK8025,场地进行射靶。,True,partial,,,,uncertainty,高重叠语音，内容或说话人归属不确定,,,多人同时说话，按项目规则标为不确定
R8009_M8020,R8009_M8020_seg0438,1329.860,1331.780,N_SPK8026,呃。,True,partial,,,,uncertainty,高重叠语音，内容或说话人归属不确定,,,多人同时说话，按项目规则标为不确定
R8009_M8020,R8009_M8020_seg0439,1332.240,1333.820,N_SPK8025,你教女孩子射靶。,True,partial,,,,uncertainty,高重叠语音，内容或说话人归属不确定,,,多人同时说话，按项目规则标为不确定
R8009_M8020,R8009_M8020_seg0439,1332.240,1333.820,N_SPK8026,是。,True,partial,,,,uncertainty,高重叠语音，内容或说话人归属不确定,,,多人同时说话，按项目规则标为不确定
R8009_M8020,R8009_M8020_seg0440,1334.220,1337.430,N_SPK8025,嗯，那个射箭对吧，你你在教她的过程当中。,True,partial,,,,uncertainty,高重叠语音，内容或说话人归属不确定,,,多人同时说话，按项目规则标为不确定
R8009_M8020,R8009_M8020_seg0440,1334.220,1337.430,N_SPK8026,啊。,True,partial,,,,uncertainty,高重叠语音，内容或说话人归属不确定,,,多人同时说话，按项目规则标为不确定
R8009_M8020,R8009_M8020_seg0441,1337.430,1339.640,N_SPK8025,你握着她的手，她是不是。,False,none,,,,disagreement,存在分歧你握着她的手，她是不是,,,
R8009_M8020,R8009_M8020_seg0442,1339.640,1340.710,N_SPK8025,两个人。,False,none,,,,speaker_stance,认为两个人,,,
R8009_M8020,R8009_M8020_seg0443,1340.710,1342.340,N_SPK8025,那种心动的感觉就来了嘛。,False,none,,,,speaker_stance,认为那种心动的感觉就来了嘛,,,
R8009_M8020,R8009_M8020_seg0444,1343.070,1347.910,N_SPK8025,是吧，你可以围绕着这个。,True,partial,,,,uncertainty,高重叠语音，内容或说话人归属不确定,,,多人同时说话，按项目规则标为不确定
R8009_M8020,R8009_M8020_seg0444,1343.070,1347.910,N_SPK8026,射把的话。,True,partial,,,,uncertainty,高重叠语音，内容或说话人归属不确定,,,多人同时说话，按项目规则标为不确定
R8009_M8020,R8009_M8020_seg0444,1343.070,1347.910,N_SPK8025,男性保护女性，或者男性教女性的一些。,True,partial,,,,uncertainty,高重叠语音，内容或说话人归属不确定,,,多人同时说话，按项目规则标为不确定
R8009_M8020,R8009_M8020_seg0445,1347.910,1349.960,N_SPK8025,这个点来展开一些活动。,False,none,,,,speaker_stance,认为点来展开一些活动,,,
R8009_M8020,R8009_M8020_seg0446,1350.420,1357.800,N_SPK8025,反正我们的活动越多。,True,partial,,,,uncertainty,高重叠语音，内容或说话人归属不确定,,,多人同时说话，按项目规则标为不确定
R8009_M8020,R8009_M8020_seg0446,1350.420,1357.800,N_SPK8026,我觉得骑马，我觉得骑马就挺挺好的呀，起码就是两个人相互信任嘛，你看。,True,partial,,,,uncertainty,高重叠语音，内容或说话人归属不确定,,,多人同时说话，按项目规则标为不确定
R8009_M8020,R8009_M8020_seg0446,1350.420,1357.800,N_SPK8025,这个。,True,partial,,,,uncertainty,高重叠语音，内容或说话人归属不确定,,,多人同时说话，按项目规则标为不确定
R8009_M8020,R8009_M8020_seg0446,1350.420,1357.800,N_SPK8025,嗯。,True,partial,,,,uncertainty,高重叠语音，内容或说话人归属不确定,,,多人同时说话，按项目规则标为不确定
R8009_M8020,R8009_M8020_seg0447,1357.800,1358.930,N_SPK8026,如果一个人。,False,none,,,,speaker_stance,认为如果一个人,,,
R8009_M8020,R8009_M8020_seg0448,1358.930,1362.770,N_SPK8026,他。,True,partial,,,,uncertainty,高重叠语音，内容或说话人归属不确定,,,多人同时说话，按项目规则标为不确定
R8009_M8020,R8009_M8020_seg0448,1358.930,1362.770,N_SPK8025,对呀，这个是我们已经确定了嘛，就是说还能不能想到更多的吗？,True,partial,,,,uncertainty,高重叠语音，内容或说话人归属不确定,,,多人同时说话，按项目规则标为不确定
R8009_M8020,R8009_M8020_seg0449,1363.500,1364.370,N_SPK8026,嗯。,False,none,,,,speaker_stance,认为嗯,,,
R8009_M8020,R8009_M8020_seg0450,1364.370,1373.310,N_SPK8026,我这次因为人数我觉得也还好，两百个两个百，现在目前只有两百个观众进行我们这个报名。,True,partial,,,,uncertainty,高重叠语音，内容或说话人归属不确定,,,多人同时说话，按项目规则标为不确定
R8009_M8020,R8009_M8020_seg0450,1364.370,1373.310,N_SPK8025,啊。,True,partial,,,,uncertainty,高重叠语音，内容或说话人归属不确定,,,多人同时说话，按项目规则标为不确定
R8009_M8020,R8009_M8020_seg0451,1373.310,1374.770,N_SPK8026,然后，如果后续。,False,none,,,,speaker_stance,认为如果后续,,,
R8009_M8020,R8009_M8020_seg0452,1375.710,1379.960,N_SPK8026,觉得这个项目很不错的话，可以拓展一些其他的。,False,none,,,,speaker_stance,认为觉得项目很不错，可以拓展一些其他的,,,
R8009_M8020,R8009_M8020_seg0453,1380.450,1383.070,N_SPK8026,其他的项目，你觉得怎么样呢？,False,none,,,,open_question,待确认其他的项目，你觉得怎么样呢？,,,
R8009_M8020,R8009_M8020_seg0454,1383.070,1385.440,N_SPK8026,就是我觉得目前先定这些吧。,True,partial,,,,uncertainty,高重叠语音，内容或说话人归属不确定,,,多人同时说话，按项目规则标为不确定
R8009_M8020,R8009_M8020_seg0454,1383.070,1385.440,N_SPK8025,嗯。,True,partial,,,,uncertainty,高重叠语音，内容或说话人归属不确定,,,多人同时说话，按项目规则标为不确定
R8009_M8020,R8009_M8020_seg0455,1385.440,1389.190,N_SPK8026,因为订多了的话，我们的预算也有一点大。,True,partial,,,,uncertainty,高重叠语音，内容或说话人归属不确定,,,多人同时说话，按项目规则标为不确定
R8009_M8020,R8009_M8020_seg0455,1385.440,1389.190,N_SPK8025,差不多呀。,True,partial,,,,uncertainty,高重叠语音，内容或说话人归属不确定,,,多人同时说话，按项目规则标为不确定
R8009_M8020,R8009_M8020_seg0455,1385.440,1389.190,N_SPK8025,对。,True,partial,,,,uncertainty,高重叠语音，内容或说话人归属不确定,,,多人同时说话，按项目规则标为不确定
R8009_M8020,R8009_M8020_seg0456,1389.190,1390.640,N_SPK8026,然后后面的话。,True,full,,,,uncertainty,高重叠语音，内容或说话人归属不确定,,,多人同时说话，按项目规则标为不确定
R8009_M8020,R8009_M8020_seg0456,1389.190,1390.640,N_SPK8025,这个倒是。,True,full,,,,uncertainty,高重叠语音，内容或说话人归属不确定,,,多人同时说话，按项目规则标为不确定
R8009_M8020,R8009_M8020_seg0457,1390.640,1393.530,N_SPK8026,如果这个办得越来越好的话，可以。,False,none,,,,speaker_stance,认为如果办得越来越好，可以,,,
R8009_M8020,R8009_M8020_seg0458,1393.530,1397.770,N_SPK8026,慢慢的加加加快我们的一些项目，还有。,False,none,,,,speaker_stance,认为慢慢的加加加快的一些项目，还有,,,
R8009_M8020,R8009_M8020_seg0459,1397.770,1400.430,N_SPK8026,一些场景扩大也可以啊。,True,partial,,,,uncertainty,高重叠语音，内容或说话人归属不确定,,,多人同时说话，按项目规则标为不确定
R8009_M8020,R8009_M8020_seg0459,1397.770,1400.430,N_SPK8025,嗯。,True,partial,,,,uncertainty,高重叠语音，内容或说话人归属不确定,,,多人同时说话，按项目规则标为不确定
R8009_M8020,R8009_M8020_seg0460,1401.000,1404.850,N_SPK8025,对，然后的话，就像你刚刚说的，假如他们牵手成功的话。,False,none,,,,speaker_stance,认为对，就像你刚刚说的，假如他们牵手成功,,,
R8009_M8020,R8009_M8020_seg0461,1404.850,1406.330,N_SPK8025,可以就是。,False,none,,,,speaker_stance,认为可以就是,,,
R8009_M8020,R8009_M8020_seg0462,1407.330,1412.870,N_SPK8026,嗯，送一些小礼送，我们也可以送，最最终牵手成功，我们可以送。,False,none,,,,speaker_stance,认为送一些小礼送，也可以送，最最终牵手成功，可以送,,,
R8009_M8020,R8009_M8020_seg0463,1413.210,1415.210,N_SPK8026,一些小礼品嘛，比如说。,True,partial,,,,uncertainty,高重叠语音，内容或说话人归属不确定,,,多人同时说话，按项目规则标为不确定
R8009_M8020,R8009_M8020_seg0463,1413.210,1415.210,N_SPK8025,嗯。,True,partial,,,,uncertainty,高重叠语音，内容或说话人归属不确定,,,多人同时说话，按项目规则标为不确定
R8009_M8020,R8009_M8020_seg0464,1415.210,1418.550,N_SPK8026,没有参加会员的，我们送一些普通的小礼品。,False,none,,,,speaker_stance,认为没有参加会员的，送一些普通的小礼品,,,
R8009_M8020,R8009_M8020_seg0465,1418.550,1423.400,N_SPK8026,比如说一些杯子啊，就一辈子的意思嘛。,True,partial,,,,uncertainty,高重叠语音，内容或说话人归属不确定,,,多人同时说话，按项目规则标为不确定
R8009_M8020,R8009_M8020_seg0465,1418.550,1423.400,N_SPK8025,对，这个可以，这个很有寓意。,True,partial,,,,uncertainty,高重叠语音，内容或说话人归属不确定,,,多人同时说话，按项目规则标为不确定
R8009_M8020,R8009_M8020_seg0465,1418.550,1423.400,N_SPK8026,呃。,True,partial,,,,uncertainty,高重叠语音，内容或说话人归属不确定,,,多人同时说话，按项目规则标为不确定
R8009_M8020,R8009_M8020_seg0466,1423.470,1426.190,N_SPK8026,对，还还可以写一些，写就是。,False,none,,,,speaker_stance,认为对，还还可以写一些，写就是,,,
R8009_M8020,R8009_M8020_seg0467,1426.590,1430.120,N_SPK8026,一些小礼品，但是如果会员的话，我们就要。,False,none,,,,speaker_stance,认为一些小礼品，但是如果会员，就要,,,
R8009_M8020,R8009_M8020_seg0468,1430.460,1434.550,N_SPK8026,扩展一下力度了，然后就说，送机票去三亚。,True,partial,,,,uncertainty,高重叠语音，内容或说话人归属不确定,,,多人同时说话，按项目规则标为不确定
R8009_M8020,R8009_M8020_seg0468,1430.460,1434.550,N_SPK8025,嗯。,True,partial,,,,uncertainty,高重叠语音，内容或说话人归属不确定,,,多人同时说话，按项目规则标为不确定
R8009_M8020,R8009_M8020_seg0469,1434.550,1437.690,N_SPK8026,然后这个机票其实也可以，然后。,False,none,,,,speaker_stance,认为机票也可以,,,
R8009_M8020,R8009_M8020_seg0470,1437.690,1440.660,N_SPK8026,让他们几日游啊，也也这这样的。,False,none,,,,speaker_stance,认为让他们几日游，也也这这样的,,,
R8009_M8020,R8009_M8020_seg0471,1440.660,1444.310,N_SPK8026,因为我觉得会会员的话，相比来说还是。,False,none,,,,speaker_stance,认为因为会会员，相比来说还是,,,
R8009_M8020,R8009_M8020_seg0472,1444.920,1448.350,N_SPK8026,对他们来说，还是挺划算的。,True,partial,,,,uncertainty,高重叠语音，内容或说话人归属不确定,,,多人同时说话，按项目规则标为不确定
R8009_M8020,R8009_M8020_seg0472,1444.920,1448.350,N_SPK8025,嗯。,True,partial,,,,uncertainty,高重叠语音，内容或说话人归属不确定,,,多人同时说话，按项目规则标为不确定
R8009_M8020,R8009_M8020_seg0472,1444.920,1448.350,N_SPK8026,因为。,True,partial,,,,uncertainty,高重叠语音，内容或说话人归属不确定,,,多人同时说话，按项目规则标为不确定
R8009_M8020,R8009_M8020_seg0473,1448.350,1449.400,N_SPK8026,怎么说呢？,False,none,,,,open_question,待确认怎么说呢？,,,
R8009_M8020,R8009_M8020_seg0474,1449.400,1453.020,N_SPK8026,有些人不可能见一次面，就牵手成功的。,False,none,,,,speaker_stance,认为有些人不可能见一次面，就牵手成功的,,,
R8009_M8020,R8009_M8020_seg0475,1453.020,1455.170,N_SPK8026,可能还是要相处几次。,False,none,,,,speaker_stance,认为可能还是要相处几次,,,
R8009_M8020,R8009_M8020_seg0476,1455.170,1459.430,N_SPK8026,然后我这边也会尽力的去说服他们参加这个会员制。,True,partial,,,,uncertainty,高重叠语音，内容或说话人归属不确定,,,多人同时说话，按项目规则标为不确定
R8009_M8020,R8009_M8020_seg0476,1455.170,1459.430,N_SPK8025,嗯。,True,partial,,,,uncertainty,高重叠语音，内容或说话人归属不确定,,,多人同时说话，按项目规则标为不确定
R8009_M8020,R8009_M8020_seg0477,1459.430,1462.170,N_SPK8026,因为会员制，这就算你一次牵手成功了。,False,none,,,,speaker_stance,认为因为会员制，这就算你一次牵手成功了,,,
R8009_M8020,R8009_M8020_seg0478,1462.170,1463.040,N_SPK8026,后面送了小。,False,none,,,,speaker_stance,认为后面送了小,,,
R8009_M8020,R8009_M8020_seg0479,1463.040,1464.670,N_SPK8026,送了礼品也可以把你。,False,none,,,,speaker_stance,认为送了礼品也可以把你,,,
R8009_M8020,R8009_M8020_seg0480,1464.670,1470.300,N_SPK8026,报名的这个费用也给挣回来了，也还是蛮划算的，这个样子。,True,partial,,,,uncertainty,高重叠语音，内容或说话人归属不确定,,,多人同时说话，按项目规则标为不确定
R8009_M8020,R8009_M8020_seg0480,1464.670,1470.300,N_SPK8025,嗯。,True,partial,,,,uncertainty,高重叠语音，内容或说话人归属不确定,,,多人同时说话，按项目规则标为不确定
R8009_M8020,R8009_M8020_seg0481,1470.990,1475.930,N_SPK8025,好，就是就基本上整个状态一些活动，我们聊聊得差不多了嘛，就是说。,False,none,,,,speaker_stance,认为好，就是就整个状态一些活动，聊聊得差不多了嘛,,,
R8009_M8020,R8009_M8020_seg0482,1475.930,1477.280,N_SPK8025,还有一个就是。,False,none,,,,speaker_stance,认为还有一个就是,,,
R8009_M8020,R8009_M8020_seg0483,1478.220,1482.530,N_SPK8025,嗯，我们怎么样去扩大这个报名的人数呢？有哪些方式。,False,none,,,,speaker_stance,认为怎么样去扩大报名的人数呢？有哪些方式,,,
R8009_M8020,R8009_M8020_seg0484,1483.110,1484.510,N_SPK8026,呃，我们刚刚选的场。,False,none,,,,speaker_stance,认为刚刚选的场,,,
R8009_M8020,R8009_M8020_seg0485,1484.510,1492.070,N_SPK8026,场场地就很不错啊，因为我们选的是一个公园嘛，然后公园晚上散步的人也蛮多的。,True,partial,,,,uncertainty,高重叠语音，内容或说话人归属不确定,,,多人同时说话，按项目规则标为不确定
R8009_M8020,R8009_M8020_seg0485,1484.510,1492.070,N_SPK8025,对。,True,partial,,,,uncertainty,高重叠语音，内容或说话人归属不确定,,,多人同时说话，按项目规则标为不确定
R8009_M8020,R8009_M8020_seg0485,1484.510,1492.070,N_SPK8025,嗯。,True,partial,,,,uncertainty,高重叠语音，内容或说话人归属不确定,,,多人同时说话，按项目规则标为不确定
R8009_M8020,R8009_M8020_seg0485,1484.510,1492.070,N_SPK8026,到时候。,True,partial,,,,uncertainty,高重叠语音，内容或说话人归属不确定,,,多人同时说话，按项目规则标为不确定
R8009_M8020,R8009_M8020_seg0486,1492.070,1493.120,N_SPK8026,各种。,False,none,,,,speaker_stance,认为各种,,,
R8009_M8020,R8009_M8020_seg0487,1493.580,1497.320,N_SPK8026,不同年龄段的人都会过来看到这个。,False,none,,,,speaker_stance,认为不同年龄段的人都会过来看到,,,
R8009_M8020,R8009_M8020_seg0488,1497.320,1500.680,N_SPK8026,一个活动他们也可以进行一个宣传，然后。,False,none,,,,speaker_stance,认为一个活动他们也可以进行一个宣传,,,
R8009_M8020,R8009_M8020_seg0489,1500.680,1503.230,N_SPK8026,这是一个方面，第二个方面就是说。,True,partial,,,,uncertainty,高重叠语音，内容或说话人归属不确定,,,多人同时说话，按项目规则标为不确定
R8009_M8020,R8009_M8020_seg0489,1500.680,1503.230,N_SPK8025,对。,True,partial,,,,uncertainty,高重叠语音，内容或说话人归属不确定,,,多人同时说话，按项目规则标为不确定
R8009_M8020,R8009_M8020_seg0490,1503.230,1509.330,N_SPK8026,我们可以拍一些纪录片，就是他们的一些互动，以后发到我们的网上。,False,none,,,,speaker_stance,认为可以拍一些纪录片，就是他们的一些互动，以后发到的网上,,,
R8009_M8020,R8009_M8020_seg0491,1509.330,1509.810,N_SPK8026,携手。,False,none,,,,speaker_stance,认为携手,,,
R8009_M8020,R8009_M8020_seg0492,1509.810,1511.050,N_SPK8026,携手网上去。,False,none,,,,speaker_stance,认为携手网上去,,,
R8009_M8020,R8009_M8020_seg0493,1511.050,1513.130,N_SPK8026,然后也可以进行一个宣传。,False,none,,,,speaker_stance,认为也可以进行一个宣传,,,
R8009_M8020,R8009_M8020_seg0494,1513.500,1518.060,N_SPK8026,还可以跟这些报名的人来说，可以叫他们身边的朋友。,False,none,,,,speaker_stance,认为还可以跟这些报名的人来说，可以叫他们身边的朋友,,,
R8009_M8020,R8009_M8020_seg0495,1518.060,1519.130,N_SPK8026,也可以。,False,none,,,,speaker_stance,认为也可以,,,
R8009_M8020,R8009_M8020_seg0496,1519.130,1524.140,N_SPK8026,因为让他身边朋友进行来一个报名的话，我们也可以送一些小礼品嘛。,False,none,,,,speaker_stance,认为因为让他身边朋友进行来一个报名，也可以送一些小礼品嘛,,,
R8009_M8020,R8009_M8020_seg0497,1524.450,1525.310,N_SPK8026,就这个样子。,False,none,,,,speaker_stance,认为就样子,,,
R8009_M8020,R8009_M8020_seg0498,1525.310,1529.330,N_SPK8026,这是我觉得可以宣传的三个途径。,False,none,,,,speaker_stance,认为这是可以宣传的三个途径,,,
R8009_M8020,R8009_M8020_seg0499,1530.120,1532.410,N_SPK8026,嗯，还有的话。,True,partial,,,,uncertainty,高重叠语音，内容或说话人归属不确定,,,多人同时说话，按项目规则标为不确定
R8009_M8020,R8009_M8020_seg0499,1530.120,1532.410,N_SPK8025,嗯。,True,partial,,,,uncertainty,高重叠语音，内容或说话人归属不确定,,,多人同时说话，按项目规则标为不确定
R8009_M8020,R8009_M8020_seg0500,1532.410,1535.600,N_SPK8026,呃，目前的话我这边就是这三个了。,False,none,,,,speaker_stance,认为目前我这边就是这三个了,,,
R8009_M8020,R8009_M8020_seg0501,1536.410,1536.830,N_SPK8025,嗯。,False,none,,,,speaker_stance,认为嗯,,,
R8009_M8020,R8009_M8020_seg0502,1537.500,1538.710,N_SPK8026,呃，你。,True,partial,,,,uncertainty,高重叠语音，内容或说话人归属不确定,,,多人同时说话，按项目规则标为不确定
R8009_M8020,R8009_M8020_seg0502,1537.500,1538.710,N_SPK8025,就是说。,True,partial,,,,uncertainty,高重叠语音，内容或说话人归属不确定,,,多人同时说话，按项目规则标为不确定
R8009_M8020,R8009_M8020_seg0503,1538.710,1541.510,N_SPK8025,就是说，总结起来就是说那个。,False,none,,,,speaker_stance,认为总结起来,,,
R8009_M8020,R8009_M8020_seg0504,1541.970,1543.530,N_SPK8025,当我们在那边儿。,False,none,,,,speaker_stance,认为当在那边儿,,,
R8009_M8020,R8009_M8020_seg0505,1543.530,1546.010,N_SPK8025,围围着场地进行这个。,False,none,,,,speaker_stance,认为围围着场地进行,,,
R8009_M8020,R8009_M8020_seg0506,1546.950,1549.670,N_SPK8025,放一些歌舞啊，那些喧闹的话。,True,partial,,,,uncertainty,高重叠语音，内容或说话人归属不确定,,,多人同时说话，按项目规则标为不确定
R8009_M8020,R8009_M8020_seg0506,1546.950,1549.670,N_SPK8026,嗯，你说。,True,partial,,,,uncertainty,高重叠语音，内容或说话人归属不确定,,,多人同时说话，按项目规则标为不确定
R8009_M8020,R8009_M8020_seg0507,1549.670,1554.320,N_SPK8025,这些。,True,partial,,,,uncertainty,高重叠语音，内容或说话人归属不确定,,,多人同时说话，按项目规则标为不确定
R8009_M8020,R8009_M8020_seg0507,1549.670,1554.320,N_SPK8026,嗯，也不也也不是说要放一些歌，我觉得一些很慢的。,True,partial,,,,uncertainty,高重叠语音，内容或说话人归属不确定,,,多人同时说话，按项目规则标为不确定
R8009_M8020,R8009_M8020_seg0507,1549.670,1554.320,N_SPK8025,旁边的至。,True,partial,,,,uncertainty,高重叠语音，内容或说话人归属不确定,,,多人同时说话，按项目规则标为不确定
R8009_M8020,R8009_M8020_seg0508,1554.320,1556.720,N_SPK8026,轻音乐就可以啊，现在。,False,none,,,,speaker_stance,认为轻音乐就可以，现在,,,
R8009_M8020,R8009_M8020_seg0509,1557.180,1560.170,N_SPK8025,对啊，这不是，我的我的那个意思就是说。,True,full,,,,uncertainty,高重叠语音，内容或说话人归属不确定,,,多人同时说话，按项目规则标为不确定
R8009_M8020,R8009_M8020_seg0509,1557.180,1560.170,N_SPK8026,报名的人的话还是。,True,full,,,,uncertainty,高重叠语音，内容或说话人归属不确定,,,多人同时说话，按项目规则标为不确定
R8009_M8020,R8009_M8020_seg0510,1560.170,1562.020,N_SPK8025,反正有一些深。,False,none,,,,speaker_stance,认为反正有一些深,,,
R8009_M8020,R8009_M8020_seg0511,1562.020,1565.030,N_SPK8025,那个我们当时搞活动的那些状态哈。,False,none,,,,speaker_stance,认为当时搞活动的那些状态哈,,,
R8009_M8020,R8009_M8020_seg0512,1565.030,1565.760,N_SPK8025,这些。,False,none,,,,speaker_stance,认为这些,,,
R8009_M8020,R8009_M8020_seg0513,1565.760,1567.520,N_SPK8025,散步的一些人，他们。,False,none,,,,speaker_stance,认为散步的一些人，他们,,,
R8009_M8020,R8009_M8020_seg0514,1567.890,1570.660,N_SPK8025,首先就是做了一个宣传了嘛，现场的宣传。,False,none,,,,topic_transition,讨论首先就是做了一个宣传了嘛，现场的宣传,,,
R8009_M8020,R8009_M8020_seg0515,1570.660,1574.560,N_SPK8025,其次是我们可以找一部分，小蜜小蜜蜂。,False,none,,,,speaker_stance,认为其次是可以找一部分，小蜜小蜜蜂,,,
R8009_M8020,R8009_M8020_seg0516,1574.560,1575.590,N_SPK8025,给他们发。,False,none,,,,speaker_stance,认为给他们发,,,
R8009_M8020,R8009_M8020_seg0517,1575.990,1577.550,N_SPK8025,发这个传单。,False,none,,,,speaker_stance,认为发传单,,,
R8009_M8020,R8009_M8020_seg0518,1577.550,1579.460,N_SPK8025,是吧，知道我们那儿是干什么的。,False,none,,,,speaker_stance,认为是吧，知道那儿是干什么的,,,
R8009_M8020,R8009_M8020_seg0519,1579.800,1582.540,N_SPK8025,因为现在现在需求都很大嘛，像他们身边。,False,none,,,,speaker_stance,认为因为现在现在需求都很大嘛，像他们身边,,,
R8009_M8020,R8009_M8020_seg0520,1582.540,1583.180,N_SPK8025,哪怕。,False,none,,,,speaker_stance,认为哪怕,,,
R8009_M8020,R8009_M8020_seg0521,1583.550,1585.430,N_SPK8025,哪怕是你儿子女儿结了婚。,False,none,,,,speaker_stance,认为哪怕是你儿子女儿结了婚,,,
R8009_M8020,R8009_M8020_seg0522,1585.430,1590.260,N_SPK8025,你身边七大姑八大姨，他们可能有儿子女儿没结婚，还还要需要结婚对不对。,False,none,,,,speaker_stance,认为你身边七大姑八大姨，他们可能有儿子女儿没结婚，还还要需要结婚对不对,,,
R8009_M8020,R8009_M8020_seg0523,1590.390,1598.180,N_SPK8026,嗯，可以，我们可以做一些海报放在那里，如果有人来询问的话，我们可以给他们这个。,True,partial,,,,uncertainty,高重叠语音，内容或说话人归属不确定,,,多人同时说话，按项目规则标为不确定
R8009_M8020,R8009_M8020_seg0523,1590.390,1598.180,N_SPK8025,嗯，对。,True,partial,,,,uncertainty,高重叠语音，内容或说话人归属不确定,,,多人同时说话，按项目规则标为不确定
R8009_M8020,R8009_M8020_seg0523,1590.390,1598.180,N_SPK8025,对，可，唉，对对对，可以海报。,True,partial,,,,uncertainty,高重叠语音，内容或说话人归属不确定,,,多人同时说话，按项目规则标为不确定
R8009_M8020,R8009_M8020_seg0523,1590.390,1598.180,N_SPK8025,海报下面可以放个二维码。,True,partial,,,,uncertainty,高重叠语音，内容或说话人归属不确定,,,多人同时说话，按项目规则标为不确定
R8009_M8020,R8009_M8020_seg0524,1598.180,1598.840,N_SPK8025,是吧？,False,none,,,,open_question,待确认是吧？,,,
R8009_M8020,R8009_M8020_seg0525,1598.880,1601.950,N_SPK8026,哦，对，然后可以进入我们携携手网。,True,partial,,,,uncertainty,高重叠语音，内容或说话人归属不确定,,,多人同时说话，按项目规则标为不确定
R8009_M8020,R8009_M8020_seg0525,1598.880,1601.950,N_SPK8025,一个二维码进群。,True,partial,,,,uncertainty,高重叠语音，内容或说话人归属不确定,,,多人同时说话，按项目规则标为不确定
R8009_M8020,R8009_M8020_seg0526,1601.950,1605.680,N_SPK8026,然后进行一个报名，也可以。,True,partial,,,,uncertainty,高重叠语音，内容或说话人归属不确定,,,多人同时说话，按项目规则标为不确定
R8009_M8020,R8009_M8020_seg0526,1601.950,1605.680,N_SPK8025,对。,True,partial,,,,uncertainty,高重叠语音，内容或说话人归属不确定,,,多人同时说话，按项目规则标为不确定
R8009_M8020,R8009_M8020_seg0526,1601.950,1605.680,N_SPK8025,对，然后做一个这个。,True,partial,,,,uncertainty,高重叠语音，内容或说话人归属不确定,,,多人同时说话，按项目规则标为不确定
R8009_M8020,R8009_M8020_seg0527,1606.050,1606.760,N_SPK8025,这个什么？,False,none,,,,open_question,待确认什么？,,,
R8009_M8020,R8009_M8020_seg0528,1607.190,1608.440,N_SPK8025,刚刚说的传单。,False,none,,,,speaker_stance,认为刚刚说的传单,,,
R8009_M8020,R8009_M8020_seg0529,1608.660,1613.120,N_SPK8026,对，传单的话，好的，传单我这边记下来了。,True,full,,,,uncertainty,高重叠语音，内容或说话人归属不确定,,,多人同时说话，按项目规则标为不确定
R8009_M8020,R8009_M8020_seg0529,1608.660,1613.120,N_SPK8025,发到他们手里。,True,full,,,,uncertainty,高重叠语音，内容或说话人归属不确定,,,多人同时说话，按项目规则标为不确定
R8009_M8020,R8009_M8020_seg0529,1608.660,1613.120,N_SPK8025,让他们全面的了解我们公司的情况。,True,full,,,,uncertainty,高重叠语音，内容或说话人归属不确定,,,多人同时说话，按项目规则标为不确定
R8009_M8020,R8009_M8020_seg0530,1613.910,1614.460,N_SPK8025,对吧。,False,none,,,,speaker_stance,认为对吧,,,
R8009_M8020,R8009_M8020_seg0531,1614.460,1616.900,N_SPK8025,这些都是这个宣传的方式。,False,none,,,,speaker_stance,认为这些都是宣传的方式,,,
R8009_M8020,R8009_M8020_seg0532,1617.270,1622.020,N_SPK8026,呃，可以的，然后这个这个也不错，我到时候会。,False,none,,,,speaker_stance,认为可以的，也不错，我到时候会,,,
R8009_M8020,R8009_M8020_seg0533,1622.020,1624.400,N_SPK8026,把这个宣传方式进行一个。,False,none,,,,speaker_stance,认为把宣传方式进行一个,,,
R8009_M8020,R8009_M8020_seg0534,1624.400,1625.220,N_SPK8026,补录。,False,none,,,,speaker_stance,认为补录,,,
R8009_M8020,R8009_M8020_seg0535,1625.220,1627.790,N_SPK8026,然后，还还还有的话。,True,partial,,,,uncertainty,高重叠语音，内容或说话人归属不确定,,,多人同时说话，按项目规则标为不确定
R8009_M8020,R8009_M8020_seg0535,1625.220,1627.790,N_SPK8025,嗯。,True,partial,,,,uncertainty,高重叠语音，内容或说话人归属不确定,,,多人同时说话，按项目规则标为不确定
R8009_M8020,R8009_M8020_seg0536,1627.790,1628.850,N_SPK8026,呃。,False,none,,,,speaker_stance,认为呃,,,
R8009_M8020,R8009_M8020_seg0537,1628.850,1632.410,N_SPK8026,还还还有的话，您这边还有什么疑问吗？,False,none,,,,open_question,待确认还还还有，您这边还有什么疑问吗？,,,
R8009_M8020,R8009_M8020_seg0538,1632.720,1634.050,N_SPK8025,呃，就是说。,False,none,,,,speaker_stance,认为呃，就是说,,,
R8009_M8020,R8009_M8020_seg0539,1634.050,1635.860,N_SPK8025,那个具体的细节哈。,False,none,,,,speaker_stance,认为具体的细节哈,,,
R8009_M8020,R8009_M8020_seg0540,1636.650,1644.080,N_SPK8025,就是说相亲相亲的人员，他们不是在我们这儿报名吗？,True,partial,,,,uncertainty,高重叠语音，内容或说话人归属不确定,,,多人同时说话，按项目规则标为不确定
R8009_M8020,R8009_M8020_seg0540,1636.650,1644.080,N_SPK8026,嗯。,True,partial,,,,uncertainty,高重叠语音，内容或说话人归属不确定,,,多人同时说话，按项目规则标为不确定
R8009_M8020,R8009_M8020_seg0540,1636.650,1644.080,N_SPK8025,我们需要给他们一个表，一个科学的表。,True,partial,,,,uncertainty,高重叠语音，内容或说话人归属不确定,,,多人同时说话，按项目规则标为不确定
R8009_M8020,R8009_M8020_seg0541,1644.780,1646.680,N_SPK8025,他，你那边是怎么设计的？,False,none,,,,open_question,待确认他，你那边是怎么设计的？,,,
R8009_M8020,R8009_M8020_seg0542,1646.680,1649.030,N_SPK8025,一个科学的表，需要填哪些内容？,False,none,,,,open_question,待确认一个科学的表，需要填哪些内容？,,,
R8009_M8020,R8009_M8020_seg0543,1649.550,1656.010,N_SPK8026,呃，我这边设置了一些问题，在网上他们就进行了个提交，因为现在的网也挺。,False,none,,,,action_item,跟进我这边设置了一些问题，在网上他们就进行了个提交，因为现在的网也挺,N_SPK8026,,
R8009_M8020,R8009_M8020_seg0544,1656.010,1661.150,N_SPK8026,挺比较方便的嘛，然后我设置了一些问题，问他们的兴趣爱好，以及。,True,partial,,,,uncertainty,高重叠语音，内容或说话人归属不确定,,,多人同时说话，按项目规则标为不确定
R8009_M8020,R8009_M8020_seg0544,1656.010,1661.150,N_SPK8025,嗯。,True,partial,,,,uncertainty,高重叠语音，内容或说话人归属不确定,,,多人同时说话，按项目规则标为不确定
R8009_M8020,R8009_M8020_seg0545,1661.150,1662.670,N_SPK8026,他们的地址。,False,none,,,,speaker_stance,认为他们的地址,,,
R8009_M8020,R8009_M8020_seg0546,1662.670,1666.330,N_SPK8026,呃，还有一些，对于未来的期望值，这个样子。,True,partial,,,,uncertainty,高重叠语音，内容或说话人归属不确定,,,多人同时说话，按项目规则标为不确定
R8009_M8020,R8009_M8020_seg0546,1662.670,1666.330,N_SPK8025,嗯。,True,partial,,,,uncertainty,高重叠语音，内容或说话人归属不确定,,,多人同时说话，按项目规则标为不确定
R8009_M8020,R8009_M8020_seg0547,1666.330,1668.070,N_SPK8026,然后再做了一些。,False,none,,,,speaker_stance,认为再做了一些,,,
R8009_M8020,R8009_M8020_seg0548,1668.070,1673.520,N_SPK8026,相同的匹配度，他们就自动匹配上了，就这个样子，然后他们进来的时候会拿一些。,False,none,,,,speaker_stance,认为相同的匹配度，他们就自动匹配上了，就样子，他们进来的时候会拿一些,,,
R8009_M8020,R8009_M8020_seg0549,1673.520,1677.290,N_SPK8026,号码，比如说你是几号，然后您对应的。,False,none,,,,speaker_stance,认为号码，比如说你是几号，您对应的,,,
R8009_M8020,R8009_M8020_seg0550,1677.660,1680.710,N_SPK8026,会是几号，比如说你是一号，你对应的是。,False,none,,,,speaker_stance,认为会是几号，比如说你是一号，你对应的是,,,
R8009_M8020,R8009_M8020_seg0551,1680.710,1682.160,N_SPK8026,三四号选。,False,none,,,,speaker_stance,认为三四号选,,,
R8009_M8020,R8009_M8020_seg0552,1682.160,1686.850,N_SPK8026,选手，然后你可以跟三号选手先先约个短短暂的会。,True,partial,,,,uncertainty,高重叠语音，内容或说话人归属不确定,,,多人同时说话，按项目规则标为不确定
R8009_M8020,R8009_M8020_seg0552,1682.160,1686.850,N_SPK8025,嗯，这个不错的。,True,partial,,,,uncertainty,高重叠语音，内容或说话人归属不确定,,,多人同时说话，按项目规则标为不确定
R8009_M8020,R8009_M8020_seg0553,1686.850,1693.400,N_SPK8026,然后你觉得不怎么样的话，你就可以选选四号选手约个短暂的会，一天的话，其实三个人。,True,partial,,,,uncertainty,高重叠语音，内容或说话人归属不确定,,,多人同时说话，按项目规则标为不确定
R8009_M8020,R8009_M8020_seg0553,1686.850,1693.400,N_SPK8025,嗯。,True,partial,,,,uncertainty,高重叠语音，内容或说话人归属不确定,,,多人同时说话，按项目规则标为不确定
R8009_M8020,R8009_M8020_seg0553,1686.850,1693.400,N_SPK8025,嗯。,True,partial,,,,uncertainty,高重叠语音，内容或说话人归属不确定,,,多人同时说话，按项目规则标为不确定
R8009_M8020,R8009_M8020_seg0554,1693.890,1698.110,N_SPK8026,约三个人其实是完全足够的，然后了解一个人，你觉得。,False,none,,,,speaker_stance,认为约三个人是完全足够的，了解一个人，你觉得,,,
R8009_M8020,R8009_M8020_seg0555,1698.110,1702.510,N_SPK8026,半个小时，或或者两三个小时都都可以，相处两三个小时。,False,none,,,,speaker_stance,认为半个小时，或或者两三个小时都都可以，相处两三个小时,,,
R8009_M8020,R8009_M8020_seg0556,1702.580,1703.060,N_SPK8025,嗯。,False,none,,,,speaker_stance,认为嗯,,,
R8009_M8020,R8009_M8020_seg0557,1703.580,1705.600,N_SPK8025,就说总结来说，就是。,True,partial,,,,uncertainty,高重叠语音，内容或说话人归属不确定,,,多人同时说话，按项目规则标为不确定
R8009_M8020,R8009_M8020_seg0557,1703.580,1705.600,N_SPK8026,这。,True,partial,,,,uncertainty,高重叠语音，内容或说话人归属不确定,,,多人同时说话，按项目规则标为不确定
R8009_M8020,R8009_M8020_seg0558,1705.600,1706.020,N_SPK8025,你。,False,none,,,,speaker_stance,认为你,,,
R8009_M8020,R8009_M8020_seg0559,1706.020,1707.860,N_SPK8025,到时候你们那个设置的话。,False,none,,,,speaker_stance,认为到时候你们设置,,,
R8009_M8020,R8009_M8020_seg0560,1707.860,1709.150,N_SPK8025,在网上的时候。,False,none,,,,speaker_stance,认为在网上的时候,,,
R8009_M8020,R8009_M8020_seg0561,1709.150,1712.570,N_SPK8025,因为他们报名的方式有可能是在网上，也有可能是现场嘛。,False,none,,,,speaker_stance,认为因为他们报名的方式有可能是在网上，也有可能是现场嘛,,,
R8009_M8020,R8009_M8020_seg0562,1712.570,1716.680,N_SPK8025,你你不能，你要有一些大大爷大妈，他们搞不来那个网络是吧。,False,none,,,,speaker_stance,认为你你不能，你要有一些大大爷大妈，他们搞不来网络是吧,,,
R8009_M8020,R8009_M8020_seg0563,1716.680,1720.280,N_SPK8025,所以表格和这个网络报名都要，都要处理好。,False,none,,,,speaker_stance,认为所以表格和网络报名都要，都要处理好,,,
R8009_M8020,R8009_M8020_seg0564,1721.130,1723.250,N_SPK8025,啊，叫什么什么姓名啊。,True,partial,,,,uncertainty,高重叠语音，内容或说话人归属不确定,,,多人同时说话，按项目规则标为不确定
R8009_M8020,R8009_M8020_seg0564,1721.130,1723.250,N_SPK8026,嗯。,True,partial,,,,uncertainty,高重叠语音，内容或说话人归属不确定,,,多人同时说话，按项目规则标为不确定
R8009_M8020,R8009_M8020_seg0565,1724.100,1725.760,N_SPK8025,姓名啊，年龄啊。,False,none,,,,speaker_stance,认为姓名，年龄,,,
R8009_M8020,R8009_M8020_seg0566,1725.760,1728.370,N_SPK8025,就是兴趣爱好啊。,True,partial,,,,uncertainty,高重叠语音，内容或说话人归属不确定,,,多人同时说话，按项目规则标为不确定
R8009_M8020,R8009_M8020_seg0566,1725.760,1728.370,N_SPK8026,好的。,True,partial,,,,uncertainty,高重叠语音，内容或说话人归属不确定,,,多人同时说话，按项目规则标为不确定
R8009_M8020,R8009_M8020_seg0566,1725.760,1728.370,N_SPK8025,还有这个。,True,partial,,,,uncertainty,高重叠语音，内容或说话人归属不确定,,,多人同时说话，按项目规则标为不确定
R8009_M8020,R8009_M8020_seg0567,1728.370,1731.210,N_SPK8025,就是对爱情的一个想法哈。,True,partial,,,,uncertainty,高重叠语音，内容或说话人归属不确定,,,多人同时说话，按项目规则标为不确定
R8009_M8020,R8009_M8020_seg0567,1728.370,1731.210,N_SPK8026,好的。,True,partial,,,,uncertainty,高重叠语音，内容或说话人归属不确定,,,多人同时说话，按项目规则标为不确定
R8009_M8020,R8009_M8020_seg0568,1731.330,1733.310,N_SPK8025,然后的话，基本上就。,False,none,,,,speaker_stance,认为就,,,
R8009_M8020,R8009_M8020_seg0569,1733.310,1735.100,N_SPK8025,我们能聊得都差不多了哈。,False,none,,,,speaker_stance,认为能聊得都差不多了哈,,,
R8009_M8020,R8009_M8020_seg0570,1735.560,1739.600,N_SPK8025,就是总结下来，就是说我们这我们公司哈，我们携手网公司。,False,none,,,,speaker_stance,认为就是总结下来，这公司哈，携手网公司,,,
R8009_M8020,R8009_M8020_seg0571,1740.330,1741.190,N_SPK8025,人员。,False,none,,,,speaker_stance,认为人员,,,
R8009_M8020,R8009_M8020_seg0572,1741.190,1742.330,N_SPK8025,有五十。,False,none,,,,speaker_stance,认为有五十,,,
R8009_M8020,R8009_M8020_seg0573,1742.330,1745.480,N_SPK8025,五十人是吧？我们现在报名的是二二百二十。,False,none,,,,speaker_stance,认为五十人是吧？现在报名的是二二百二十,,,
R8009_M8020,R8009_M8020_seg0574,1745.480,1746.590,N_SPK8025,二百二十二个人了。,False,none,,,,speaker_stance,认为二百二十二个人了,,,
R8009_M8020,R8009_M8020_seg0575,1747.420,1747.740,N_SPK8025,两。,False,none,,,,speaker_stance,认为两,,,
R8009_M8020,R8009_M8020_seg0576,1748.760,1751.750,N_SPK8025,二百二十二个人啊，我们预算的是。,False,none,,,,speaker_stance,认为二百二十二个人，预算的是,,,
R8009_M8020,R8009_M8020_seg0577,1753.650,1754.300,N_SPK8025,八万。,False,none,,,,speaker_stance,认为八万,,,
R8009_M8020,R8009_M8020_seg0578,1755.240,1756.910,N_SPK8025,场地租赁还有这个。,False,none,,,,speaker_stance,认为场地租赁还有,,,
R8009_M8020,R8009_M8020_seg0579,1757.310,1759.340,N_SPK8025,工作人员的工资发放。,False,none,,,,speaker_stance,认为工作人员的工资发放,,,
R8009_M8020,R8009_M8020_seg0580,1759.680,1760.180,N_SPK8025,是吧。,False,none,,,,speaker_stance,认为是吧,,,
R8009_M8020,R8009_M8020_seg0581,1760.180,1761.790,N_SPK8025,然后我们地点的话，是在。,False,none,,,,speaker_stance,认为地点，是在,,,
R8009_M8020,R8009_M8020_seg0582,1761.960,1762.910,N_SPK8025,这个双流。,False,none,,,,speaker_stance,认为双流,,,
R8009_M8020,R8009_M8020_seg0583,1763.370,1764.710,N_SPK8025,白天的话，就。,False,none,,,,speaker_stance,认为白天，就,,,
R8009_M8020,R8009_M8020_seg0584,1765.110,1766.060,N_SPK8025,进行一些活。,False,none,,,,speaker_stance,认为进行一些活,,,
R8009_M8020,R8009_M8020_seg0585,1766.060,1767.380,N_SPK8025,进行一些就是。,False,none,,,,speaker_stance,认为进行一些就是,,,
R8009_M8020,R8009_M8020_seg0586,1767.840,1769.590,N_SPK8025,嗯，互动性比较强的。,False,none,,,,speaker_stance,认为互动性比较强的,,,
R8009_M8020,R8009_M8020_seg0587,1769.590,1771.220,N_SPK8025,比如说什么骑马呀。,False,none,,,,speaker_stance,认为比如说什么骑马呀,,,
R8009_M8020,R8009_M8020_seg0588,1771.980,1772.960,N_SPK8025,然后这个。,False,none,,,,speaker_stance,认为然后这个,,,
R8009_M8020,R8009_M8020_seg0589,1773.900,1774.610,N_SPK8025,击靶。,False,none,,,,speaker_stance,认为击靶,,,
R8009_M8020,R8009_M8020_seg0590,1775.340,1775.920,N_SPK8025,是吧。,False,none,,,,speaker_stance,认为是吧,,,
R8009_M8020,R8009_M8020_seg0591,1775.920,1778.920,N_SPK8025,然后晚上的时候的话，我们要把那个场地布置好。,False,none,,,,speaker_stance,认为晚上的时候，要把场地布置好,,,
R8009_M8020,R8009_M8020_seg0592,1778.920,1780.580,N_SPK8025,就是那个彩灯。,False,none,,,,speaker_stance,认为就是彩灯,,,
R8009_M8020,R8009_M8020_seg0593,1780.580,1781.440,N_SPK8025,一定要。,False,none,,,,speaker_stance,认为一定要,,,
R8009_M8020,R8009_M8020_seg0594,1781.440,1784.120,N_SPK8025,到了那个时间节点，一定要让整个。,False,none,,,,speaker_stance,认为到了时间节点，一定要让整个,,,
R8009_M8020,R8009_M8020_seg0595,1784.460,1787.720,N_SPK8025,整个场地是非常焕然一新的。,False,none,,,,speaker_stance,认为整个场地是非常焕然一新的,,,
R8009_M8020,R8009_M8020_seg0596,1787.720,1790.390,N_SPK8025,啊，布置这个彩灯，晚上的话，就比较。,False,none,,,,speaker_stance,认为布置彩灯，晚上，就比较,,,
R8009_M8020,R8009_M8020_seg0597,1790.820,1792.160,N_SPK8025,可以做一些什么。,False,none,,,,speaker_stance,认为可以做一些什么,,,
R8009_M8020,R8009_M8020_seg0598,1792.490,1793.450,N_SPK8025,嗯。,False,none,,,,speaker_stance,认为嗯,,,
R8009_M8020,R8009_M8020_seg0599,1794.360,1795.900,N_SPK8025,就是静态一点的活动。,False,none,,,,speaker_stance,认为就是静态一点的活动,,,
R8009_M8020,R8009_M8020_seg0600,1795.900,1798.210,N_SPK8025,大家彼此聊聊自己的心声啊，那种。,False,none,,,,speaker_stance,认为彼此聊聊自己的心声，那种,,,
R8009_M8020,R8009_M8020_seg0601,1798.210,1800.770,N_SPK8025,啊，活动方式的话，我总结下来，就是说这个。,False,none,,,,speaker_stance,认为活动方式，我总结下来,,,
R8009_M8020,R8009_M8020_seg0602,1801.140,1804.580,N_SPK8025,可以唱歌，骑马，泛舟游湖，赏花。,False,none,,,,speaker_stance,认为可以唱歌，骑马，泛舟游湖，赏花,,,
R8009_M8020,R8009_M8020_seg0603,1804.580,1805.450,N_SPK8025,喝茶。,False,none,,,,speaker_stance,认为喝茶,,,
R8009_M8020,R8009_M8020_seg0604,1806.270,1807.060,N_SPK8025,然后。,False,none,,,,speaker_stance,认为然后,,,
R8009_M8020,R8009_M8020_seg0605,1807.060,1810.490,N_SPK8025,这个可以做一些心理测试，彼此了解对方。,False,none,,,,speaker_stance,认为可以做一些心理测试，彼此了解对方,,,
R8009_M8020,R8009_M8020_seg0606,1810.950,1812.610,N_SPK8025,然后我们的活动时间。,False,none,,,,speaker_stance,认为的活动时间,,,
R8009_M8020,R8009_M8020_seg0607,1812.610,1814.930,N_SPK8025,周六，周日是全全天开放。,False,none,,,,speaker_stance,认为周六，周日是全全天开放,,,
R8009_M8020,R8009_M8020_seg0608,1815.480,1818.440,N_SPK8025,就是，这个晚上是十一点结束嘛。,False,none,,,,speaker_stance,认为就是，晚上是十一点结束嘛,,,
R8009_M8020,R8009_M8020_seg0609,1818.900,1820.270,N_SPK8025,早晨是八点。,False,none,,,,speaker_stance,认为早晨是八点,,,
R8009_M8020,R8009_M8020_seg0610,1820.700,1823.200,N_SPK8025,九点，九点到十晚上十一点。,False,none,,,,speaker_stance,认为九点，九点到十晚上十一点,,,
R8009_M8020,R8009_M8020_seg0611,1823.200,1826.760,N_SPK8025,然后平日的话，是三，周三，周四，周五。,False,none,,,,speaker_stance,认为平日，是三，周三，周四，周五,,,
R8009_M8020,R8009_M8020_seg0612,1826.760,1829.840,N_SPK8025,周一周二的话，我们就我们这边就休息。,False,none,,,,speaker_stance,认为周一周二，就这边就休息,,,
R8009_M8020,R8009_M8020_seg0613,1829.840,1830.470,N_SPK8025,对吧。,False,none,,,,speaker_stance,认为对吧,,,
R8009_M8020,R8009_M8020_seg0614,1830.470,1831.910,N_SPK8025,周一周二也是。,False,none,,,,speaker_stance,认为周一周二也是,,,
R8009_M8020,R8009_M8020_seg0615,1832.450,1833.210,N_SPK8025,嗯。,False,none,,,,speaker_stance,认为嗯,,,
R8009_M8020,R8009_M8020_seg0616,1833.210,1834.270,N_SPK8025,他们比较。,False,none,,,,speaker_stance,认为他们比较,,,
R8009_M8020,R8009_M8020_seg0617,1834.270,1836.620,N_SPK8025,繁忙的时候，工作比较繁忙的时候。,False,none,,,,speaker_stance,认为繁忙的时候，工作比较繁忙的时候,,,
R8009_M8020,R8009_M8020_seg0618,1836.620,1838.760,N_SPK8025,然后他们的报名费用的话，是。,False,none,,,,speaker_stance,认为他们的报名费用，是,,,
R8009_M8020,R8009_M8020_seg0619,1838.760,1840.260,N_SPK8025,一百五十元每人。,False,none,,,,speaker_stance,认为一百五十元每人,,,
R8009_M8020,R8009_M8020_seg0620,1840.260,1842.280,N_SPK8025,男女一百五十元，每人。,False,none,,,,speaker_stance,认为男女一百五十元，每人,,,
R8009_M8020,R8009_M8020_seg0621,1842.280,1847.960,N_SPK8025,但这个报名的费用呢，它包含的服务项目是，一个是我们。,False,none,,,,speaker_stance,认为但报名的费用呢，它包含的服务项目是，一个是,,,
R8009_M8020,R8009_M8020_seg0622,1847.960,1850.330,N_SPK8025,公司会给他们匹配三个。,False,none,,,,speaker_stance,认为公司会给他们匹配三个,,,
R8009_M8020,R8009_M8020_seg0623,1850.790,1854.620,N_SPK8025,三个有效对象，科学的这个相亲对象。,False,none,,,,speaker_stance,认为三个有效对象，科学的相亲对象,,,
R8009_M8020,R8009_M8020_seg0624,1855.020,1856.170,N_SPK8025,其次的话。,False,none,,,,speaker_stance,认为其次,,,
R8009_M8020,R8009_M8020_seg0625,1856.170,1857.440,N_SPK8025,是包括一些。,False,none,,,,speaker_stance,认为是包括一些,,,
R8009_M8020,R8009_M8020_seg0626,1859.030,1859.630,N_SPK8025,餐。,False,none,,,,speaker_stance,认为餐,,,
R8009_M8020,R8009_M8020_seg0627,1860.030,1860.740,N_SPK8025,餐补。,False,none,,,,speaker_stance,认为餐补,,,
R8009_M8020,R8009_M8020_seg0628,1860.740,1862.960,N_SPK8025,就是比如说晚餐或者是午餐。,False,none,,,,speaker_stance,认为就是比如说晚餐或者是午餐,,,
R8009_M8020,R8009_M8020_seg0629,1862.960,1863.570,N_SPK8025,免的。,False,none,,,,speaker_stance,认为免的,,,
R8009_M8020,R8009_M8020_seg0630,1863.570,1866.780,N_SPK8025,或者说一些点心还有这个茶水，这也是免费的。,False,none,,,,speaker_stance,认为或者说一些点心还有茶水，这也是免费的,,,
R8009_M8020,R8009_M8020_seg0631,1866.780,1869.170,N_SPK8025,剩下的，像我们刚刚说的那个什么。,False,none,,,,speaker_stance,认为剩下的，像刚刚说的什么,,,
R8009_M8020,R8009_M8020_seg0632,1869.600,1874.210,N_SPK8025,嗯，各种项目哈，什么什么唱歌啊，骑马呀，他们是需要自费的。,False,none,,,,speaker_stance,认为各种项目哈，什么什么唱歌，骑马呀，他们是需要自费的,,,
R8009_M8020,R8009_M8020_seg0633,1874.670,1877.060,N_SPK8025,然后除了自费的话，还是需要一个。,False,none,,,,speaker_stance,认为除了自费，还是需要一个,,,
R8009_M8020,R8009_M8020_seg0634,1877.060,1878.560,N_SPK8025,时间限制，对吧？,False,none,,,,open_question,待确认时间限制，对吧？,,,
R8009_M8020,R8009_M8020_seg0635,1878.560,1880.180,N_SPK8025,如果他们一直坐，那我们。,False,none,,,,speaker_stance,认为如果他们一直坐，那,,,
R8009_M8020,R8009_M8020_seg0636,1880.790,1882.360,N_SPK8025,剩下的这个，这个。,False,none,,,,speaker_stance,认为剩下的,,,
R8009_M8020,R8009_M8020_seg0637,1882.360,1883.960,N_SPK8025,客户就没办法。,False,none,,,,speaker_stance,认为客户就没办法,,,
R8009_M8020,R8009_M8020_seg0638,1885.800,1887.650,N_SPK8025,嗯，然后，差不多就是这样。,False,none,,,,speaker_stance,认为差不多就是这样,,,
R8009_M8020,R8009_M8020_seg0639,1888.600,1889.010,N_SPK8025,嗯。,False,none,,,,speaker_stance,认为嗯,,,
R8009_M8020,R8009_M8020_seg0640,1891.200,1894.020,N_SPK8025,那我们今天就开会开到，开到这里啊。,False,none,,,,topic_transition,讨论那今天就开会开到，开到这里,,,
R8009_M8020,R8009_M8020_seg0641,1894.020,1895.260,N_SPK8025,下来有什么不懂。,False,none,,,,speaker_stance,认为下来有什么不懂,,,
R8009_M8020,R8009_M8020_seg0642,1895.260,1896.890,N_SPK8025,还还需要讨论的？,False,none,,,,open_question,待确认还还需要讨论的？,,,
R8009_M8020,R8009_M8020_seg0643,1897.290,1899.140,N_SPK8026,好的，我这边，嗯。,True,partial,,,,uncertainty,高重叠语音，内容或说话人归属不确定,,,多人同时说话，按项目规则标为不确定
R8009_M8020,R8009_M8020_seg0643,1897.290,1899.140,N_SPK8025,嗯。,True,partial,,,,uncertainty,高重叠语音，内容或说话人归属不确定,,,多人同时说话，按项目规则标为不确定
R8009_M8020,R8009_M8020_seg0644,1899.140,1901.720,N_SPK8026,到时候做一个详细的规划，然后。,False,none,,,,speaker_stance,认为到时候做一个详细的规划,,,
R8009_M8020,R8009_M8020_seg0645,1901.940,1904.120,N_SPK8025,对。,True,partial,,,,uncertainty,高重叠语音，内容或说话人归属不确定,,,多人同时说话，按项目规则标为不确定
R8009_M8020,R8009_M8020_seg0645,1901.940,1904.120,N_SPK8026,就发到您的邮件。,True,partial,,,,uncertainty,高重叠语音，内容或说话人归属不确定,,,多人同时说话，按项目规则标为不确定
R8009_M8020,R8009_M8020_seg0646,1904.520,1906.520,N_SPK8026,然后，您注意查收一下。,True,partial,,,,uncertainty,高重叠语音，内容或说话人归属不确定,,,多人同时说话，按项目规则标为不确定
R8009_M8020,R8009_M8020_seg0646,1904.520,1906.520,N_SPK8025,可以可以。,True,partial,,,,uncertainty,高重叠语音，内容或说话人归属不确定,,,多人同时说话，按项目规则标为不确定
R8009_M8020,R8009_M8020_seg0647,1906.830,1907.600,N_SPK8025,可以可以。,False,none,,,,speaker_stance,认为可以可以,,,
