meeting_id,segment_id,start_time,end_time,speaker,text,is_overlap,overlap_type,topic,decision,action_item,event_type,content,owner,deadline,uncertainty_note
R8007_M8010,R8007_M8010_seg0001,0.480,8.910,N_SPK8056,哎好现在就是今天大家过来开这么一个会啊，就是各部门的负责人主要讨论一下，就是咱们公司尼尔公司搬家的这个事儿。,False,none,哎好现在就是今天过来开这么一个会，就...,,跟进哎好现在就是今天过来开这么一个会，就是各部门的负责人主要讨论，就是公司尼尔公司搬家的事儿,action_item,跟进哎好现在就是今天过来开这么一个会，就是各部门的负责人主要讨论，就是公司尼尔公司搬家的事儿,uncertain,今天,
R8007_M8010,R8007_M8010_seg0002,9.270,19.570,N_SPK8056,然后呢因为这个地方现在是十一号嘛，然后未来一个月它可能就要让我们搬走，这个地方要占，然后呢具体大家对于自己就是。,False,none,呢因为地方现在是十一号嘛，未来一个月...,,,speaker_stance,认为呢因为地方现在是十一号嘛，未来一个月它可能就要让搬走，地方要占，呢具体对于自己就是,,,
R8007_M8010,R8007_M8010_seg0003,20.120,55.480,N_SPK8056,新地点的选择还有说通勤啊在各方面的有什么要求大家，先讨论一下就是。,True,partial,高重叠不确定,,,uncertainty,高重叠语音，内容或说话人归属不确定,,,多人同时说话，按项目规则标为不确定
R8007_M8010,R8007_M8010_seg0003,20.120,55.480,N_SPK8054,新地铁站准备搬哪去啊？,True,partial,高重叠不确定,,,uncertainty,高重叠语音，内容或说话人归属不确定,,,多人同时说话，按项目规则标为不确定
R8007_M8010,R8007_M8010_seg0003,20.120,55.480,N_SPK8050,对。,True,partial,高重叠不确定,,,uncertainty,高重叠语音，内容或说话人归属不确定,,,多人同时说话，按项目规则标为不确定
R8007_M8010,R8007_M8010_seg0003,20.120,55.480,N_SPK8055,有没有备选的这个几个地点。,True,partial,高重叠不确定,,,uncertainty,高重叠语音，内容或说话人归属不确定,,,多人同时说话，按项目规则标为不确定
R8007_M8010,R8007_M8010_seg0003,20.120,55.480,N_SPK8054,完了，看看那个。,True,partial,高重叠不确定,,,uncertainty,高重叠语音，内容或说话人归属不确定,,,多人同时说话，按项目规则标为不确定
R8007_M8010,R8007_M8010_seg0003,20.120,55.480,N_SPK8050,有没有备选方案？还是。,True,partial,高重叠不确定,,,uncertainty,高重叠语音，内容或说话人归属不确定,,,多人同时说话，按项目规则标为不确定
R8007_M8010,R8007_M8010_seg0003,20.120,55.480,N_SPK8056,呃交通的话就是说。,True,partial,高重叠不确定,,,uncertainty,高重叠语音，内容或说话人归属不确定,,,多人同时说话，按项目规则标为不确定
R8007_M8010,R8007_M8010_seg0003,20.120,55.480,N_SPK8054,交通。,True,partial,高重叠不确定,,,uncertainty,高重叠语音，内容或说话人归属不确定,,,多人同时说话，按项目规则标为不确定
R8007_M8010,R8007_M8010_seg0003,20.120,55.480,N_SPK8054,呃，地铁和那个，场地啥的，呃。,True,partial,高重叠不确定,,,uncertainty,高重叠语音，内容或说话人归属不确定,,,多人同时说话，按项目规则标为不确定
R8007_M8010,R8007_M8010_seg0003,20.120,55.480,N_SPK8050,嗯场地租金嗯。,True,partial,高重叠不确定,,,uncertainty,高重叠语音，内容或说话人归属不确定,,,多人同时说话，按项目规则标为不确定
R8007_M8010,R8007_M8010_seg0003,20.120,55.480,N_SPK8056,呃现在主要的是先大家在这个，就三环以里然后去大概选一个地方然后。,True,partial,高重叠不确定,,,uncertainty,高重叠语音，内容或说话人归属不确定,,,多人同时说话，按项目规则标为不确定
R8007_M8010,R8007_M8010_seg0003,20.120,55.480,N_SPK8050,嗯空勤。,True,partial,高重叠不确定,,,uncertainty,高重叠语音，内容或说话人归属不确定,,,多人同时说话，按项目规则标为不确定
R8007_M8010,R8007_M8010_seg0003,20.120,55.480,N_SPK8054,但是又得看看，主要是，交通必须方便，地铁呀，或者说是，公交啊！大伙儿方便一子。,True,partial,高重叠不确定,,,uncertainty,高重叠语音，内容或说话人归属不确定,,,多人同时说话，按项目规则标为不确定
R8007_M8010,R8007_M8010_seg0003,20.120,55.480,N_SPK8050,交通哎嗯。,True,partial,高重叠不确定,,,uncertainty,高重叠语音，内容或说话人归属不确定,,,多人同时说话，按项目规则标为不确定
R8007_M8010,R8007_M8010_seg0003,20.120,55.480,N_SPK8055,三环里可能够呛吧。,True,partial,高重叠不确定,,,uncertainty,高重叠语音，内容或说话人归属不确定,,,多人同时说话，按项目规则标为不确定
R8007_M8010,R8007_M8010_seg0003,20.120,55.480,N_SPK8056,啊。,True,partial,高重叠不确定,,,uncertainty,高重叠语音，内容或说话人归属不确定,,,多人同时说话，按项目规则标为不确定
R8007_M8010,R8007_M8010_seg0003,20.120,55.480,N_SPK8055,嗯。,True,partial,高重叠不确定,,,uncertainty,高重叠语音，内容或说话人归属不确定,,,多人同时说话，按项目规则标为不确定
R8007_M8010,R8007_M8010_seg0003,20.120,55.480,N_SPK8050,嗯公交。,True,partial,高重叠不确定,,,uncertainty,高重叠语音，内容或说话人归属不确定,,,多人同时说话，按项目规则标为不确定
R8007_M8010,R8007_M8010_seg0003,20.120,55.480,N_SPK8056,啊就是就是说，大家先讨论一下主要就是各自。,True,partial,高重叠不确定,,,uncertainty,高重叠语音，内容或说话人归属不确定,,,多人同时说话，按项目规则标为不确定
R8007_M8010,R8007_M8010_seg0003,20.120,55.480,N_SPK8054,三三。,True,partial,高重叠不确定,,,uncertainty,高重叠语音，内容或说话人归属不确定,,,多人同时说话，按项目规则标为不确定
R8007_M8010,R8007_M8010_seg0003,20.120,55.480,N_SPK8050,啊有。,True,partial,高重叠不确定,,,uncertainty,高重叠语音，内容或说话人归属不确定,,,多人同时说话，按项目规则标为不确定
R8007_M8010,R8007_M8010_seg0003,20.120,55.480,N_SPK8054,三环，三环以里好像是？,True,partial,高重叠不确定,,,uncertainty,高重叠语音，内容或说话人归属不确定,,,多人同时说话，按项目规则标为不确定
R8007_M8010,R8007_M8010_seg0004,55.770,62.320,N_SPK8055,三环以里估计领导过通过不了。,True,full,高重叠不确定,,,uncertainty,高重叠语音，内容或说话人归属不确定,,,多人同时说话，按项目规则标为不确定
R8007_M8010,R8007_M8010_seg0004,55.770,62.320,N_SPK8050,三环以里房租还贵嗯。,True,full,高重叠不确定,,,uncertainty,高重叠语音，内容或说话人归属不确定,,,多人同时说话，按项目规则标为不确定
R8007_M8010,R8007_M8010_seg0004,55.770,62.320,N_SPK8054,那嘎达是堵车。啊那嘎达还有有点儿，嗯。,True,full,高重叠不确定,,,uncertainty,高重叠语音，内容或说话人归属不确定,,,多人同时说话，按项目规则标为不确定
R8007_M8010,R8007_M8010_seg0004,55.770,62.320,N_SPK8056,啊。,True,full,高重叠不确定,,,uncertainty,高重叠语音，内容或说话人归属不确定,,,多人同时说话，按项目规则标为不确定
R8007_M8010,R8007_M8010_seg0004,55.770,62.320,N_SPK8055,估计通过不了。,True,full,高重叠不确定,,,uncertainty,高重叠语音，内容或说话人归属不确定,,,多人同时说话，按项目规则标为不确定
R8007_M8010,R8007_M8010_seg0004,55.770,62.320,N_SPK8050,嗯嗯太贵房租。,True,full,高重叠不确定,,,uncertainty,高重叠语音，内容或说话人归属不确定,,,多人同时说话，按项目规则标为不确定
R8007_M8010,R8007_M8010_seg0004,55.770,62.320,N_SPK8056,为啥呀这个。,True,full,高重叠不确定,,,uncertainty,高重叠语音，内容或说话人归属不确定,,,多人同时说话，按项目规则标为不确定
R8007_M8010,R8007_M8010_seg0005,62.690,84.930,N_SPK8054,三环以里。,True,full,高重叠不确定,,,uncertainty,高重叠语音，内容或说话人归属不确定,,,多人同时说话，按项目规则标为不确定
R8007_M8010,R8007_M8010_seg0005,62.690,84.930,N_SPK8055,贵啊，那那咱们现在咱们现在三环外还是要便宜一点儿，你到三环里更贵了啊。,True,full,高重叠不确定,,,uncertainty,高重叠语音，内容或说话人归属不确定,,,多人同时说话，按项目规则标为不确定
R8007_M8010,R8007_M8010_seg0005,62.690,84.930,N_SPK8050,嗯。,True,full,高重叠不确定,,,uncertainty,高重叠语音，内容或说话人归属不确定,,,多人同时说话，按项目规则标为不确定
R8007_M8010,R8007_M8010_seg0005,62.690,84.930,N_SPK8056,嗯，不是不是租金。,True,full,高重叠不确定,,,uncertainty,高重叠语音，内容或说话人归属不确定,,,多人同时说话，按项目规则标为不确定
R8007_M8010,R8007_M8010_seg0005,62.690,84.930,N_SPK8054,租金贵啊。,True,full,高重叠不确定,,,uncertainty,高重叠语音，内容或说话人归属不确定,,,多人同时说话，按项目规则标为不确定
R8007_M8010,R8007_M8010_seg0005,62.690,84.930,N_SPK8050,不跟。,True,full,高重叠不确定,,,uncertainty,高重叠语音，内容或说话人归属不确定,,,多人同时说话，按项目规则标为不确定
R8007_M8010,R8007_M8010_seg0005,62.690,84.930,N_SPK8056,哎。,True,full,高重叠不确定,,,uncertainty,高重叠语音，内容或说话人归属不确定,,,多人同时说话，按项目规则标为不确定
R8007_M8010,R8007_M8010_seg0005,62.690,84.930,N_SPK8054,嗯。,True,full,高重叠不确定,,,uncertainty,高重叠语音，内容或说话人归属不确定,,,多人同时说话，按项目规则标为不确定
R8007_M8010,R8007_M8010_seg0005,62.690,84.930,N_SPK8050,对。,True,full,高重叠不确定,,,uncertainty,高重叠语音，内容或说话人归属不确定,,,多人同时说话，按项目规则标为不确定
R8007_M8010,R8007_M8010_seg0005,62.690,84.930,N_SPK8056,啊，哎现在的话啊。,True,full,高重叠不确定,,,uncertainty,高重叠语音，内容或说话人归属不确定,,,多人同时说话，按项目规则标为不确定
R8007_M8010,R8007_M8010_seg0005,62.690,84.930,N_SPK8054,完了，三环以里，公交吧它也是，啊。,True,full,高重叠不确定,,,uncertainty,高重叠语音，内容或说话人归属不确定,,,多人同时说话，按项目规则标为不确定
R8007_M8010,R8007_M8010_seg0005,62.690,84.930,N_SPK8050,然为了公司长远考虑，贵点也没事儿你知道不，大家公交通啊很方便啥的嗯。,True,full,高重叠不确定,,,uncertainty,高重叠语音，内容或说话人归属不确定,,,多人同时说话，按项目规则标为不确定
R8007_M8010,R8007_M8010_seg0005,62.690,84.930,N_SPK8056,就是现在这个位置的话。,True,full,高重叠不确定,,,uncertainty,高重叠语音，内容或说话人归属不确定,,,多人同时说话，按项目规则标为不确定
R8007_M8010,R8007_M8010_seg0005,62.690,84.930,N_SPK8054,但是说是，但是说三环以里交通不方便，它堵车呀！你四环五环那块它交通特别方便，就是堵车的时候少。,True,full,高重叠不确定,,,uncertainty,高重叠语音，内容或说话人归属不确定,,,多人同时说话，按项目规则标为不确定
R8007_M8010,R8007_M8010_seg0005,62.690,84.930,N_SPK8055,嗯。,True,full,高重叠不确定,,,uncertainty,高重叠语音，内容或说话人归属不确定,,,多人同时说话，按项目规则标为不确定
R8007_M8010,R8007_M8010_seg0005,62.690,84.930,N_SPK8056,呃咱们现。,True,full,高重叠不确定,,,uncertainty,高重叠语音，内容或说话人归属不确定,,,多人同时说话，按项目规则标为不确定
R8007_M8010,R8007_M8010_seg0005,62.690,84.930,N_SPK8050,嗯。,True,full,高重叠不确定,,,uncertainty,高重叠语音，内容或说话人归属不确定,,,多人同时说话，按项目规则标为不确定
R8007_M8010,R8007_M8010_seg0005,62.690,84.930,N_SPK8056,咱们现在呀。,True,full,高重叠不确定,,,uncertainty,高重叠语音，内容或说话人归属不确定,,,多人同时说话，按项目规则标为不确定
R8007_M8010,R8007_M8010_seg0005,62.690,84.930,N_SPK8056,啊。,True,full,高重叠不确定,,,uncertainty,高重叠语音，内容或说话人归属不确定,,,多人同时说话，按项目规则标为不确定
R8007_M8010,R8007_M8010_seg0005,62.690,84.930,N_SPK8055,他。,True,full,高重叠不确定,,,uncertainty,高重叠语音，内容或说话人归属不确定,,,多人同时说话，按项目规则标为不确定
R8007_M8010,R8007_M8010_seg0006,85.330,114.880,N_SPK8056,那您给提一个。,True,full,高重叠不确定,,,uncertainty,高重叠语音，内容或说话人归属不确定,,,多人同时说话，按项目规则标为不确定
R8007_M8010,R8007_M8010_seg0006,85.330,114.880,N_SPK8054,你要三环以里，特别堵车，大伙儿怕到不了。,True,full,高重叠不确定,,,uncertainty,高重叠语音，内容或说话人归属不确定,,,多人同时说话，按项目规则标为不确定
R8007_M8010,R8007_M8010_seg0006,85.330,114.880,N_SPK8055,我觉得最好定一个大的方向吧，就是我们先先在东南西北四个地方先选一个大的方位，完了之后呢，再根据大家住的地方，取一个折中的地儿。,True,full,高重叠不确定,,,uncertainty,高重叠语音，内容或说话人归属不确定,,,多人同时说话，按项目规则标为不确定
R8007_M8010,R8007_M8010_seg0006,85.330,114.880,N_SPK8050,嗯对。,True,full,高重叠不确定,,,uncertainty,高重叠语音，内容或说话人归属不确定,,,多人同时说话，按项目规则标为不确定
R8007_M8010,R8007_M8010_seg0006,85.330,114.880,N_SPK8056,啊。,True,full,高重叠不确定,,,uncertainty,高重叠语音，内容或说话人归属不确定,,,多人同时说话，按项目规则标为不确定
R8007_M8010,R8007_M8010_seg0006,85.330,114.880,N_SPK8054,对，你看看地方啥样儿，嗯，大伙儿就。,True,full,高重叠不确定,,,uncertainty,高重叠语音，内容或说话人归属不确定,,,多人同时说话，按项目规则标为不确定
R8007_M8010,R8007_M8010_seg0006,85.330,114.880,N_SPK8050,对对对对对。,True,full,高重叠不确定,,,uncertainty,高重叠语音，内容或说话人归属不确定,,,多人同时说话，按项目规则标为不确定
R8007_M8010,R8007_M8010_seg0006,85.330,114.880,N_SPK8054,学一下子大伙。再看看啥情况？嗯。,True,full,高重叠不确定,,,uncertainty,高重叠语音，内容或说话人归属不确定,,,多人同时说话，按项目规则标为不确定
R8007_M8010,R8007_M8010_seg0006,85.330,114.880,N_SPK8050,肯定选一些比较比较合理的。,True,full,高重叠不确定,,,uncertainty,高重叠语音，内容或说话人归属不确定,,,多人同时说话，按项目规则标为不确定
R8007_M8010,R8007_M8010_seg0006,85.330,114.880,N_SPK8056,那我们就是我之前也向领导问过意见啊，就是说大概是到那个，就是大王路啊到那个四惠之间那块儿然后呢。,True,full,高重叠不确定,,,uncertainty,高重叠语音，内容或说话人归属不确定,,,多人同时说话，按项目规则标为不确定
R8007_M8010,R8007_M8010_seg0006,85.330,114.880,N_SPK8054,完了你。,True,full,高重叠不确定,,,uncertainty,高重叠语音，内容或说话人归属不确定,,,多人同时说话，按项目规则标为不确定
R8007_M8010,R8007_M8010_seg0006,85.330,114.880,N_SPK8050,嗯。,True,full,高重叠不确定,,,uncertainty,高重叠语音，内容或说话人归属不确定,,,多人同时说话，按项目规则标为不确定
R8007_M8010,R8007_M8010_seg0006,85.330,114.880,N_SPK8054,三环是四环了，反正就是，主要是交通方便。,True,full,高重叠不确定,,,uncertainty,高重叠语音，内容或说话人归属不确定,,,多人同时说话，按项目规则标为不确定
R8007_M8010,R8007_M8010_seg0006,85.330,114.880,N_SPK8055,大望路可以啊，嗯，交通挺方便的。,True,full,高重叠不确定,,,uncertainty,高重叠语音，内容或说话人归属不确定,,,多人同时说话，按项目规则标为不确定
R8007_M8010,R8007_M8010_seg0006,85.330,114.880,N_SPK8050,行。,True,full,高重叠不确定,,,uncertainty,高重叠语音，内容或说话人归属不确定,,,多人同时说话，按项目规则标为不确定
R8007_M8010,R8007_M8010_seg0006,85.330,114.880,N_SPK8054,可以，那倒可以，那交通方便主要是别，不堵车，交通地铁方便一些，还。,True,full,高重叠不确定,,,uncertainty,高重叠语音，内容或说话人归属不确定,,,多人同时说话，按项目规则标为不确定
R8007_M8010,R8007_M8010_seg0006,85.330,114.880,N_SPK8050,对对对对，搭地铁公交都挺方便那块儿嗯。,True,full,高重叠不确定,,,uncertainty,高重叠语音，内容或说话人归属不确定,,,多人同时说话，按项目规则标为不确定
R8007_M8010,R8007_M8010_seg0006,85.330,114.880,N_SPK8056,啊。,True,full,高重叠不确定,,,uncertainty,高重叠语音，内容或说话人归属不确定,,,多人同时说话，按项目规则标为不确定
R8007_M8010,R8007_M8010_seg0006,85.330,114.880,N_SPK8055,地铁公交都还不错嗯。,True,full,高重叠不确定,,,uncertainty,高重叠语音，内容或说话人归属不确定,,,多人同时说话，按项目规则标为不确定
R8007_M8010,R8007_M8010_seg0007,115.420,206.350,N_SPK8054,大伙儿上下班好，就是能快一些，得劲儿。,True,full,高重叠不确定,,,uncertainty,高重叠语音，内容或说话人归属不确定,,,多人同时说话，按项目规则标为不确定
R8007_M8010,R8007_M8010_seg0007,115.420,206.350,N_SPK8050,嗯。,True,full,高重叠不确定,,,uncertainty,高重叠语音，内容或说话人归属不确定,,,多人同时说话，按项目规则标为不确定
R8007_M8010,R8007_M8010_seg0007,115.420,206.350,N_SPK8056,就是说。,True,full,高重叠不确定,,,uncertainty,高重叠语音，内容或说话人归属不确定,,,多人同时说话，按项目规则标为不确定
R8007_M8010,R8007_M8010_seg0007,115.420,206.350,N_SPK8056,那我们现在就是先敲定一下，就是各个负责人来说，这个在东三环和东四环之间，然后呢这往往北一点儿这块儿，就是大家觉得这个可以不可以。,True,full,高重叠不确定,,,uncertainty,高重叠语音，内容或说话人归属不确定,,,多人同时说话，按项目规则标为不确定
R8007_M8010,R8007_M8010_seg0007,115.420,206.350,N_SPK8054,东三环和四环之间，可以，可以可以。可以可以，对。,True,full,高重叠不确定,,,uncertainty,高重叠语音，内容或说话人归属不确定,,,多人同时说话，按项目规则标为不确定
R8007_M8010,R8007_M8010_seg0007,115.420,206.350,N_SPK8055,可以，嗯。,True,full,高重叠不确定,,,uncertainty,高重叠语音，内容或说话人归属不确定,,,多人同时说话，按项目规则标为不确定
R8007_M8010,R8007_M8010_seg0007,115.420,206.350,N_SPK8050,可以可以可以。,True,full,高重叠不确定,,,uncertainty,高重叠语音，内容或说话人归属不确定,,,多人同时说话，按项目规则标为不确定
R8007_M8010,R8007_M8010_seg0007,115.420,206.350,N_SPK8055,嗯。,True,full,高重叠不确定,,,uncertainty,高重叠语音，内容或说话人归属不确定,,,多人同时说话，按项目规则标为不确定
R8007_M8010,R8007_M8010_seg0007,115.420,206.350,N_SPK8050,嗯可以对对，对对行嗯呃是大大家的交通方便也也挺便利嗯。,True,full,高重叠不确定,,,uncertainty,高重叠语音，内容或说话人归属不确定,,,多人同时说话，按项目规则标为不确定
R8007_M8010,R8007_M8010_seg0007,115.420,206.350,N_SPK8054,这个还可以。,True,full,高重叠不确定,,,uncertainty,高重叠语音，内容或说话人归属不确定,,,多人同时说话，按项目规则标为不确定
R8007_M8010,R8007_M8010_seg0007,115.420,206.350,N_SPK8055,那边写字楼也挺多的，可挑选的余地也大是吧。,True,full,高重叠不确定,,,uncertainty,高重叠语音，内容或说话人归属不确定,,,多人同时说话，按项目规则标为不确定
R8007_M8010,R8007_M8010_seg0007,115.420,206.350,N_SPK8056,啊。,True,full,高重叠不确定,,,uncertainty,高重叠语音，内容或说话人归属不确定,,,多人同时说话，按项目规则标为不确定
R8007_M8010,R8007_M8010_seg0007,115.420,206.350,N_SPK8054,那个，对对对，那边那个房子还有一个，还好找不错。大伙还方便。交通还特别得劲儿。,True,full,高重叠不确定,,,uncertainty,高重叠语音，内容或说话人归属不确定,,,多人同时说话，按项目规则标为不确定
R8007_M8010,R8007_M8010_seg0007,115.420,206.350,N_SPK8055,嗯。,True,full,高重叠不确定,,,uncertainty,高重叠语音，内容或说话人归属不确定,,,多人同时说话，按项目规则标为不确定
R8007_M8010,R8007_M8010_seg0007,115.420,206.350,N_SPK8056,然后。,True,full,高重叠不确定,,,uncertainty,高重叠语音，内容或说话人归属不确定,,,多人同时说话，按项目规则标为不确定
R8007_M8010,R8007_M8010_seg0007,115.420,206.350,N_SPK8055,嗯，唉您不是最最近搬东边去了吗，正好嗯。是啊。,True,full,高重叠不确定,,,uncertainty,高重叠语音，内容或说话人归属不确定,,,多人同时说话，按项目规则标为不确定
R8007_M8010,R8007_M8010_seg0007,115.420,206.350,N_SPK8056,嗯。,True,full,高重叠不确定,,,uncertainty,高重叠语音，内容或说话人归属不确定,,,多人同时说话，按项目规则标为不确定
R8007_M8010,R8007_M8010_seg0007,115.420,206.350,N_SPK8054,你来回。,True,full,高重叠不确定,,,uncertainty,高重叠语音，内容或说话人归属不确定,,,多人同时说话，按项目规则标为不确定
R8007_M8010,R8007_M8010_seg0007,115.420,206.350,N_SPK8054,是，离我们近了，是有点儿，啊，在那儿，交通特别方便，嗯。,True,full,高重叠不确定,,,uncertainty,高重叠语音，内容或说话人归属不确定,,,多人同时说话，按项目规则标为不确定
R8007_M8010,R8007_M8010_seg0007,115.420,206.350,N_SPK8050,嗯嗯对，对对对。,True,full,高重叠不确定,,,uncertainty,高重叠语音，内容或说话人归属不确定,,,多人同时说话，按项目规则标为不确定
R8007_M8010,R8007_M8010_seg0007,115.420,206.350,N_SPK8056,啊就是说。,True,full,高重叠不确定,,,uncertainty,高重叠语音，内容或说话人归属不确定,,,多人同时说话，按项目规则标为不确定
R8007_M8010,R8007_M8010_seg0007,115.420,206.350,N_SPK8055,嗯。,True,full,高重叠不确定,,,uncertainty,高重叠语音，内容或说话人归属不确定,,,多人同时说话，按项目规则标为不确定
R8007_M8010,R8007_M8010_seg0007,115.420,206.350,N_SPK8050,嗯。,True,full,高重叠不确定,,,uncertainty,高重叠语音，内容或说话人归属不确定,,,多人同时说话，按项目规则标为不确定
R8007_M8010,R8007_M8010_seg0007,115.420,206.350,N_SPK8056,那大家可以把这个事情就是说，在那个群里面跟就是其他的员工去商量一下，说这个新地点。,True,full,高重叠不确定,,,uncertainty,高重叠语音，内容或说话人归属不确定,,,多人同时说话，按项目规则标为不确定
R8007_M8010,R8007_M8010_seg0007,115.420,206.350,N_SPK8055,嗯。,True,full,高重叠不确定,,,uncertainty,高重叠语音，内容或说话人归属不确定,,,多人同时说话，按项目规则标为不确定
R8007_M8010,R8007_M8010_seg0007,115.420,206.350,N_SPK8054,嗯。,True,full,高重叠不确定,,,uncertainty,高重叠语音，内容或说话人归属不确定,,,多人同时说话，按项目规则标为不确定
R8007_M8010,R8007_M8010_seg0007,115.420,206.350,N_SPK8054,是，你把这条儿记下来，完了大伙说哪嘎达，大伙在一通过不就ok了吗？啊。,True,full,高重叠不确定,,,uncertainty,高重叠语音，内容或说话人归属不确定,,,多人同时说话，按项目规则标为不确定
R8007_M8010,R8007_M8010_seg0007,115.420,206.350,N_SPK8050,嗯对你。,True,full,高重叠不确定,,,uncertainty,高重叠语音，内容或说话人归属不确定,,,多人同时说话，按项目规则标为不确定
R8007_M8010,R8007_M8010_seg0007,115.420,206.350,N_SPK8050,对嗯。,True,full,高重叠不确定,,,uncertainty,高重叠语音，内容或说话人归属不确定,,,多人同时说话，按项目规则标为不确定
R8007_M8010,R8007_M8010_seg0007,115.420,206.350,N_SPK8056,行，那我们现在啊。,True,full,高重叠不确定,,,uncertainty,高重叠语音，内容或说话人归属不确定,,,多人同时说话，按项目规则标为不确定
R8007_M8010,R8007_M8010_seg0007,115.420,206.350,N_SPK8050,啊对。,True,full,高重叠不确定,,,uncertainty,高重叠语音，内容或说话人归属不确定,,,多人同时说话，按项目规则标为不确定
R8007_M8010,R8007_M8010_seg0007,115.420,206.350,N_SPK8055,咱们就定一个人去去那什么呗，去那个去去那边先考察一下，就是先挑几个楼，挑几个写字楼出来，完了之后呢，我们在综合比较一下再报给领导呗。,True,full,高重叠不确定,,,uncertainty,高重叠语音，内容或说话人归属不确定,,,多人同时说话，按项目规则标为不确定
R8007_M8010,R8007_M8010_seg0007,115.420,206.350,N_SPK8050,对对对。,True,full,高重叠不确定,,,uncertainty,高重叠语音，内容或说话人归属不确定,,,多人同时说话，按项目规则标为不确定
R8007_M8010,R8007_M8010_seg0007,115.420,206.350,N_SPK8054,呃，考察一下也行，嗯。,True,full,高重叠不确定,,,uncertainty,高重叠语音，内容或说话人归属不确定,,,多人同时说话，按项目规则标为不确定
R8007_M8010,R8007_M8010_seg0007,115.420,206.350,N_SPK8050,嗯啊。,True,full,高重叠不确定,,,uncertainty,高重叠语音，内容或说话人归属不确定,,,多人同时说话，按项目规则标为不确定
R8007_M8010,R8007_M8010_seg0007,115.420,206.350,N_SPK8056,啊。,True,full,高重叠不确定,,,uncertainty,高重叠语音，内容或说话人归属不确定,,,多人同时说话，按项目规则标为不确定
R8007_M8010,R8007_M8010_seg0007,115.420,206.350,N_SPK8054,对，大伙儿完了统一，大伙儿就是从那样说的都可以了吧？,True,full,高重叠不确定,,,uncertainty,高重叠语音，内容或说话人归属不确定,,,多人同时说话，按项目规则标为不确定
R8007_M8010,R8007_M8010_seg0007,115.420,206.350,N_SPK8050,挑对对。,True,full,高重叠不确定,,,uncertainty,高重叠语音，内容或说话人归属不确定,,,多人同时说话，按项目规则标为不确定
R8007_M8010,R8007_M8010_seg0007,115.420,206.350,N_SPK8056,啊。,True,full,高重叠不确定,,,uncertainty,高重叠语音，内容或说话人归属不确定,,,多人同时说话，按项目规则标为不确定
R8007_M8010,R8007_M8010_seg0007,115.420,206.350,N_SPK8054,嗯。,True,full,高重叠不确定,,,uncertainty,高重叠语音，内容或说话人归属不确定,,,多人同时说话，按项目规则标为不确定
R8007_M8010,R8007_M8010_seg0007,115.420,206.350,N_SPK8056,好这个这个这个后续的话。,True,full,高重叠不确定,,,uncertainty,高重叠语音，内容或说话人归属不确定,,,多人同时说话，按项目规则标为不确定
R8007_M8010,R8007_M8010_seg0007,115.420,206.350,N_SPK8050,嗯。,True,full,高重叠不确定,,,uncertainty,高重叠语音，内容或说话人归属不确定,,,多人同时说话，按项目规则标为不确定
R8007_M8010,R8007_M8010_seg0007,115.420,206.350,N_SPK8054,呃，对对，这个就是大伙都同意。,True,full,高重叠不确定,,,uncertainty,高重叠语音，内容或说话人归属不确定,,,多人同时说话，按项目规则标为不确定
R8007_M8010,R8007_M8010_seg0007,115.420,206.350,N_SPK8056,就是我们讨论的这个范围，大家后边儿会有人去安排去那边儿调查，然后呢。,True,full,高重叠不确定,,,uncertainty,高重叠语音，内容或说话人归属不确定,,,多人同时说话，按项目规则标为不确定
R8007_M8010,R8007_M8010_seg0007,115.420,206.350,N_SPK8054,对对，调查一下子完了大伙儿，呃，东边可以，交通方便，房子啥优惠都可以，西边吧他也不是说不方便，交通方便。,True,full,高重叠不确定,,,uncertainty,高重叠语音，内容或说话人归属不确定,,,多人同时说话，按项目规则标为不确定
R8007_M8010,R8007_M8010_seg0007,115.420,206.350,N_SPK8050,对对，调查选址呃。,True,full,高重叠不确定,,,uncertainty,高重叠语音，内容或说话人归属不确定,,,多人同时说话，按项目规则标为不确定
R8007_M8010,R8007_M8010_seg0007,115.420,206.350,N_SPK8055,嗯，那就是定在东边儿了呗是吧，定在东边儿有没有有没有住西边儿的同事。,True,full,高重叠不确定,,,uncertainty,高重叠语音，内容或说话人归属不确定,,,多人同时说话，按项目规则标为不确定
R8007_M8010,R8007_M8010_seg0007,115.420,206.350,N_SPK8056,啊。,True,full,高重叠不确定,,,uncertainty,高重叠语音，内容或说话人归属不确定,,,多人同时说话，按项目规则标为不确定
R8007_M8010,R8007_M8010_seg0007,115.420,206.350,N_SPK8050,东边儿东边儿行，东边儿交通方便。,True,full,高重叠不确定,,,uncertainty,高重叠语音，内容或说话人归属不确定,,,多人同时说话，按项目规则标为不确定
R8007_M8010,R8007_M8010_seg0007,115.420,206.350,N_SPK8055,西边儿可能有几个住西边儿的，啊坐六号线六号线对，六号线基本上直达嗯。,True,full,高重叠不确定,,,uncertainty,高重叠语音，内容或说话人归属不确定,,,多人同时说话，按项目规则标为不确定
R8007_M8010,R8007_M8010_seg0007,115.420,206.350,N_SPK8050,啊嗯。,True,full,高重叠不确定,,,uncertainty,高重叠语音，内容或说话人归属不确定,,,多人同时说话，按项目规则标为不确定
R8007_M8010,R8007_M8010_seg0007,115.420,206.350,N_SPK8056,啊。,True,full,高重叠不确定,,,uncertainty,高重叠语音，内容或说话人归属不确定,,,多人同时说话，按项目规则标为不确定
R8007_M8010,R8007_M8010_seg0007,115.420,206.350,N_SPK8054,交通特别方便，对对对，地铁嘛特别快，要三环以里吧，那公交车特别堵，哦。,True,full,高重叠不确定,,,uncertainty,高重叠语音，内容或说话人归属不确定,,,多人同时说话，按项目规则标为不确定
R8007_M8010,R8007_M8010_seg0007,115.420,206.350,N_SPK8050,对三环以里。,True,full,高重叠不确定,,,uncertainty,高重叠语音，内容或说话人归属不确定,,,多人同时说话，按项目规则标为不确定
R8007_M8010,R8007_M8010_seg0007,115.420,206.350,N_SPK8050,嗯。,True,full,高重叠不确定,,,uncertainty,高重叠语音，内容或说话人归属不确定,,,多人同时说话，按项目规则标为不确定
R8007_M8010,R8007_M8010_seg0007,115.420,206.350,N_SPK8055,嗯。,True,full,高重叠不确定,,,uncertainty,高重叠语音，内容或说话人归属不确定,,,多人同时说话，按项目规则标为不确定
R8007_M8010,R8007_M8010_seg0007,115.420,206.350,N_SPK8056,好，那就是大概的范围我们现在敲定了，然后然后就是嗯。,True,full,高重叠不确定,,,uncertainty,高重叠语音，内容或说话人归属不确定,,,多人同时说话，按项目规则标为不确定
R8007_M8010,R8007_M8010_seg0007,115.420,206.350,N_SPK8055,那。,True,full,高重叠不确定,,,uncertainty,高重叠语音，内容或说话人归属不确定,,,多人同时说话，按项目规则标为不确定
R8007_M8010,R8007_M8010_seg0007,115.420,206.350,N_SPK8054,嗯，敲定对，这个就可以，告一段落，嗯。,True,full,高重叠不确定,,,uncertainty,高重叠语音，内容或说话人归属不确定,,,多人同时说话，按项目规则标为不确定
R8007_M8010,R8007_M8010_seg0007,115.420,206.350,N_SPK8055,那还是。,True,full,高重叠不确定,,,uncertainty,高重叠语音，内容或说话人归属不确定,,,多人同时说话，按项目规则标为不确定
R8007_M8010,R8007_M8010_seg0007,115.420,206.350,N_SPK8055,还是愿意东边儿的人多还。,True,full,高重叠不确定,,,uncertainty,高重叠语音，内容或说话人归属不确定,,,多人同时说话，按项目规则标为不确定
R8007_M8010,R8007_M8010_seg0007,115.420,206.350,N_SPK8050,啊。,True,full,高重叠不确定,,,uncertainty,高重叠语音，内容或说话人归属不确定,,,多人同时说话，按项目规则标为不确定
R8007_M8010,R8007_M8010_seg0008,206.380,232.230,N_SPK8054,东边人多，西边大伙就这可以了，啊。,True,full,高重叠不确定,,,uncertainty,高重叠语音，内容或说话人归属不确定,,,多人同时说话，按项目规则标为不确定
R8007_M8010,R8007_M8010_seg0008,206.380,232.230,N_SPK8050,对对。,True,full,高重叠不确定,,,uncertainty,高重叠语音，内容或说话人归属不确定,,,多人同时说话，按项目规则标为不确定
R8007_M8010,R8007_M8010_seg0008,206.380,232.230,N_SPK8056,然后那个现在的话就是地点的话，大概到时候去调查调查之后，然后我们会里面比如说有多层空间呀或者其它的区域啊，就是说我们会。,True,full,高重叠不确定,,,uncertainty,高重叠语音，内容或说话人归属不确定,,,多人同时说话，按项目规则标为不确定
R8007_M8010,R8007_M8010_seg0008,206.380,232.230,N_SPK8055,是。,True,full,高重叠不确定,,,uncertainty,高重叠语音，内容或说话人归属不确定,,,多人同时说话，按项目规则标为不确定
R8007_M8010,R8007_M8010_seg0008,206.380,232.230,N_SPK8054,呃，可以。,True,full,高重叠不确定,,,uncertainty,高重叠语音，内容或说话人归属不确定,,,多人同时说话，按项目规则标为不确定
R8007_M8010,R8007_M8010_seg0008,206.380,232.230,N_SPK8050,啊嗯嗯。,True,full,高重叠不确定,,,uncertainty,高重叠语音，内容或说话人归属不确定,,,多人同时说话，按项目规则标为不确定
R8007_M8010,R8007_M8010_seg0008,206.380,232.230,N_SPK8055,嗯。,True,full,高重叠不确定,,,uncertainty,高重叠语音，内容或说话人归属不确定,,,多人同时说话，按项目规则标为不确定
R8007_M8010,R8007_M8010_seg0008,206.380,232.230,N_SPK8054,嗯，那就看咱们就是，嗯，比例了吧？怎么怎么弄。,True,full,高重叠不确定,,,uncertainty,高重叠语音，内容或说话人归属不确定,,,多人同时说话，按项目规则标为不确定
R8007_M8010,R8007_M8010_seg0008,206.380,232.230,N_SPK8050,啊。,True,full,高重叠不确定,,,uncertainty,高重叠语音，内容或说话人归属不确定,,,多人同时说话，按项目规则标为不确定
R8007_M8010,R8007_M8010_seg0008,206.380,232.230,N_SPK8055,咱们现在公司多少人啊，也有。,True,full,高重叠不确定,,,uncertainty,高重叠语音，内容或说话人归属不确定,,,多人同时说话，按项目规则标为不确定
R8007_M8010,R8007_M8010_seg0008,206.380,232.230,N_SPK8056,反正现在大概也就三十多人吧，然后空间的话。,True,full,高重叠不确定,,,uncertainty,高重叠语音，内容或说话人归属不确定,,,多人同时说话，按项目规则标为不确定
R8007_M8010,R8007_M8010_seg0008,206.380,232.230,N_SPK8055,三十多人。,True,full,高重叠不确定,,,uncertainty,高重叠语音，内容或说话人归属不确定,,,多人同时说话，按项目规则标为不确定
R8007_M8010,R8007_M8010_seg0008,206.380,232.230,N_SPK8050,看看大伙儿有啥有啥意见没有嗯。,True,full,高重叠不确定,,,uncertainty,高重叠语音，内容或说话人归属不确定,,,多人同时说话，按项目规则标为不确定
R8007_M8010,R8007_M8010_seg0008,206.380,232.230,N_SPK8054,那得看看空间大小都得瞅，嗯。,True,full,高重叠不确定,,,uncertainty,高重叠语音，内容或说话人归属不确定,,,多人同时说话，按项目规则标为不确定
R8007_M8010,R8007_M8010_seg0008,206.380,232.230,N_SPK8056,就各部门儿的对空间的大小不知道有什么要求就是说。,True,full,高重叠不确定,,,uncertainty,高重叠语音，内容或说话人归属不确定,,,多人同时说话，按项目规则标为不确定
R8007_M8010,R8007_M8010_seg0008,206.380,232.230,N_SPK8050,哇他那个空间。,True,full,高重叠不确定,,,uncertainty,高重叠语音，内容或说话人归属不确定,,,多人同时说话，按项目规则标为不确定
R8007_M8010,R8007_M8010_seg0008,206.380,232.230,N_SPK8055,过一段时间不是还要招人嘛。,True,full,高重叠不确定,,,uncertainty,高重叠语音，内容或说话人归属不确定,,,多人同时说话，按项目规则标为不确定
R8007_M8010,R8007_M8010_seg0009,232.510,251.700,N_SPK8054,在招人的话，你就得，空间就得大一点，太小了的话，咱们就是，空间它也不方便。,True,full,高重叠不确定,,,uncertainty,高重叠语音，内容或说话人归属不确定,,,多人同时说话，按项目规则标为不确定
R8007_M8010,R8007_M8010_seg0009,232.510,251.700,N_SPK8056,嗯。,True,full,高重叠不确定,,,uncertainty,高重叠语音，内容或说话人归属不确定,,,多人同时说话，按项目规则标为不确定
R8007_M8010,R8007_M8010_seg0009,232.510,251.700,N_SPK8055,再招人至少得十几个，咱们得预备着，得五十个左右我估计，工位啊啊。,True,full,高重叠不确定,,,uncertainty,高重叠语音，内容或说话人归属不确定,,,多人同时说话，按项目规则标为不确定
R8007_M8010,R8007_M8010_seg0009,232.510,251.700,N_SPK8050,对。,True,full,高重叠不确定,,,uncertainty,高重叠语音，内容或说话人归属不确定,,,多人同时说话，按项目规则标为不确定
R8007_M8010,R8007_M8010_seg0009,232.510,251.700,N_SPK8056,啊。,True,full,高重叠不确定,,,uncertainty,高重叠语音，内容或说话人归属不确定,,,多人同时说话，按项目规则标为不确定
R8007_M8010,R8007_M8010_seg0009,232.510,251.700,N_SPK8056,嗯，觉得就是工位的话大概要那么多是吧，就是那就先咱们暂定，然后到报报给领导的话，就是暂定先要五十个左右的工位是吧？,True,full,高重叠不确定,,,uncertainty,高重叠语音，内容或说话人归属不确定,,,多人同时说话，按项目规则标为不确定
R8007_M8010,R8007_M8010_seg0009,232.510,251.700,N_SPK8050,啊。,True,full,高重叠不确定,,,uncertainty,高重叠语音，内容或说话人归属不确定,,,多人同时说话，按项目规则标为不确定
R8007_M8010,R8007_M8010_seg0009,232.510,251.700,N_SPK8054,嗯，对对对。,True,full,高重叠不确定,,,uncertainty,高重叠语音，内容或说话人归属不确定,,,多人同时说话，按项目规则标为不确定
R8007_M8010,R8007_M8010_seg0009,232.510,251.700,N_SPK8050,工位。,True,full,高重叠不确定,,,uncertainty,高重叠语音，内容或说话人归属不确定,,,多人同时说话，按项目规则标为不确定
R8007_M8010,R8007_M8010_seg0009,232.510,251.700,N_SPK8050,对。,True,full,高重叠不确定,,,uncertainty,高重叠语音，内容或说话人归属不确定,,,多人同时说话，按项目规则标为不确定
R8007_M8010,R8007_M8010_seg0009,232.510,251.700,N_SPK8050,啊五。,True,full,高重叠不确定,,,uncertainty,高重叠语音，内容或说话人归属不确定,,,多人同时说话，按项目规则标为不确定
R8007_M8010,R8007_M8010_seg0009,232.510,251.700,N_SPK8055,五十个工位吧，啊对差不多。,True,full,高重叠不确定,,,uncertainty,高重叠语音，内容或说话人归属不确定,,,多人同时说话，按项目规则标为不确定
R8007_M8010,R8007_M8010_seg0009,232.510,251.700,N_SPK8054,啊。,True,full,高重叠不确定,,,uncertainty,高重叠语音，内容或说话人归属不确定,,,多人同时说话，按项目规则标为不确定
R8007_M8010,R8007_M8010_seg0009,232.510,251.700,N_SPK8050,对五十个工位嗯。,True,full,高重叠不确定,,,uncertainty,高重叠语音，内容或说话人归属不确定,,,多人同时说话，按项目规则标为不确定
R8007_M8010,R8007_M8010_seg0009,232.510,251.700,N_SPK8054,对对对，五十个的有，完了那个。,True,full,高重叠不确定,,,uncertainty,高重叠语音，内容或说话人归属不确定,,,多人同时说话，按项目规则标为不确定
R8007_M8010,R8007_M8010_seg0009,232.510,251.700,N_SPK8056,然后。,True,full,高重叠不确定,,,uncertainty,高重叠语音，内容或说话人归属不确定,,,多人同时说话，按项目规则标为不确定
R8007_M8010,R8007_M8010_seg0010,251.780,261.720,N_SPK8055,会议室。,True,full,高重叠不确定,,,uncertainty,高重叠语音，内容或说话人归属不确定,,,多人同时说话，按项目规则标为不确定
R8007_M8010,R8007_M8010_seg0010,251.780,261.720,N_SPK8056,啊。,True,full,高重叠不确定,,,uncertainty,高重叠语音，内容或说话人归属不确定,,,多人同时说话，按项目规则标为不确定
R8007_M8010,R8007_M8010_seg0010,251.780,261.720,N_SPK8050,会议室。,True,full,高重叠不确定,,,uncertainty,高重叠语音，内容或说话人归属不确定,,,多人同时说话，按项目规则标为不确定
R8007_M8010,R8007_M8010_seg0010,251.780,261.720,N_SPK8054,会议室啥完了，办公室还有员工那都可以。,True,full,高重叠不确定,,,uncertainty,高重叠语音，内容或说话人归属不确定,,,多人同时说话，按项目规则标为不确定
R8007_M8010,R8007_M8010_seg0010,251.780,261.720,N_SPK8055,会议室我觉得会议室其实可以小会议室多点儿，大会议室有一间就够了是吧，嗯。,True,full,高重叠不确定,,,uncertainty,高重叠语音，内容或说话人归属不确定,,,多人同时说话，按项目规则标为不确定
R8007_M8010,R8007_M8010_seg0010,251.780,261.720,N_SPK8056,我们要，呃。,True,full,高重叠不确定,,,uncertainty,高重叠语音，内容或说话人归属不确定,,,多人同时说话，按项目规则标为不确定
R8007_M8010,R8007_M8010_seg0010,251.780,261.720,N_SPK8050,嗯哪。,True,full,高重叠不确定,,,uncertainty,高重叠语音，内容或说话人归属不确定,,,多人同时说话，按项目规则标为不确定
R8007_M8010,R8007_M8010_seg0010,251.780,261.720,N_SPK8056,对到时候。,True,full,高重叠不确定,,,uncertainty,高重叠语音，内容或说话人归属不确定,,,多人同时说话，按项目规则标为不确定
R8007_M8010,R8007_M8010_seg0010,251.780,261.720,N_SPK8050,对。,True,full,高重叠不确定,,,uncertainty,高重叠语音，内容或说话人归属不确定,,,多人同时说话，按项目规则标为不确定
R8007_M8010,R8007_M8010_seg0010,251.780,261.720,N_SPK8054,那也，对对对。,True,full,高重叠不确定,,,uncertainty,高重叠语音，内容或说话人归属不确定,,,多人同时说话，按项目规则标为不确定
R8007_M8010,R8007_M8010_seg0010,251.780,261.720,N_SPK8050,大会议室有一个就够。,True,full,高重叠不确定,,,uncertainty,高重叠语音，内容或说话人归属不确定,,,多人同时说话，按项目规则标为不确定
R8007_M8010,R8007_M8010_seg0011,261.990,314.460,N_SPK8056,嗯到时候开会的话，就是会议室你觉得大概有，就是所有人都能容纳那种会议室是吧，那就类似一间教室那么大呗，然后。,True,full,高重叠不确定,,,uncertainty,高重叠语音，内容或说话人归属不确定,,,多人同时说话，按项目规则标为不确定
R8007_M8010,R8007_M8010_seg0011,261.990,314.460,N_SPK8050,小小小会议室有俩就够。,True,full,高重叠不确定,,,uncertainty,高重叠语音，内容或说话人归属不确定,,,多人同时说话，按项目规则标为不确定
R8007_M8010,R8007_M8010_seg0011,261.990,314.460,N_SPK8054,开会时候方便点儿，会议室。,True,full,高重叠不确定,,,uncertainty,高重叠语音，内容或说话人归属不确定,,,多人同时说话，按项目规则标为不确定
R8007_M8010,R8007_M8010_seg0011,261.990,314.460,N_SPK8055,那那有点儿，嗯。,True,full,高重叠不确定,,,uncertainty,高重叠语音，内容或说话人归属不确定,,,多人同时说话，按项目规则标为不确定
R8007_M8010,R8007_M8010_seg0011,261.990,314.460,N_SPK8054,可以。,True,full,高重叠不确定,,,uncertainty,高重叠语音，内容或说话人归属不确定,,,多人同时说话，按项目规则标为不确定
R8007_M8010,R8007_M8010_seg0011,261.990,314.460,N_SPK8050,对，一间教室那么大就行。,True,full,高重叠不确定,,,uncertainty,高重叠语音，内容或说话人归属不确定,,,多人同时说话，按项目规则标为不确定
R8007_M8010,R8007_M8010_seg0011,261.990,314.460,N_SPK8054,就是那个，就看着定吧，因为咱们本人不去考察吗？考察，大伙儿就是，嗯，考察是，对对，跟着他们实际情况，咱们互相。,True,full,高重叠不确定,,,uncertainty,高重叠语音，内容或说话人归属不确定,,,多人同时说话，按项目规则标为不确定
R8007_M8010,R8007_M8010_seg0011,261.990,314.460,N_SPK8055,嗯那有点大吧。,True,full,高重叠不确定,,,uncertainty,高重叠语音，内容或说话人归属不确定,,,多人同时说话，按项目规则标为不确定
R8007_M8010,R8007_M8010_seg0011,261.990,314.460,N_SPK8056,啊。,True,full,高重叠不确定,,,uncertainty,高重叠语音，内容或说话人归属不确定,,,多人同时说话，按项目规则标为不确定
R8007_M8010,R8007_M8010_seg0011,261.990,314.460,N_SPK8050,啊对先考察。,True,full,高重叠不确定,,,uncertainty,高重叠语音，内容或说话人归属不确定,,,多人同时说话，按项目规则标为不确定
R8007_M8010,R8007_M8010_seg0011,261.990,314.460,N_SPK8056,啊。,True,full,高重叠不确定,,,uncertainty,高重叠语音，内容或说话人归属不确定,,,多人同时说话，按项目规则标为不确定
R8007_M8010,R8007_M8010_seg0011,261.990,314.460,N_SPK8050,嗯。,True,full,高重叠不确定,,,uncertainty,高重叠语音，内容或说话人归属不确定,,,多人同时说话，按项目规则标为不确定
R8007_M8010,R8007_M8010_seg0011,261.990,314.460,N_SPK8055,对也得根据他那个实际情况啊。,True,full,高重叠不确定,,,uncertainty,高重叠语音，内容或说话人归属不确定,,,多人同时说话，按项目规则标为不确定
R8007_M8010,R8007_M8010_seg0011,261.990,314.460,N_SPK8050,根据实际情况嗯。,True,full,高重叠不确定,,,uncertainty,高重叠语音，内容或说话人归属不确定,,,多人同时说话，按项目规则标为不确定
R8007_M8010,R8007_M8010_seg0011,261.990,314.460,N_SPK8056,那那那个就是。,True,full,高重叠不确定,,,uncertainty,高重叠语音，内容或说话人归属不确定,,,多人同时说话，按项目规则标为不确定
R8007_M8010,R8007_M8010_seg0011,261.990,314.460,N_SPK8055,咱们可以到时候再改也行。,True,full,高重叠不确定,,,uncertainty,高重叠语音，内容或说话人归属不确定,,,多人同时说话，按项目规则标为不确定
R8007_M8010,R8007_M8010_seg0011,261.990,314.460,N_SPK8054,瞅一下子，看一下子，嗯。,True,full,高重叠不确定,,,uncertainty,高重叠语音，内容或说话人归属不确定,,,多人同时说话，按项目规则标为不确定
R8007_M8010,R8007_M8010_seg0011,261.990,314.460,N_SPK8050,对。,True,full,高重叠不确定,,,uncertainty,高重叠语音，内容或说话人归属不确定,,,多人同时说话，按项目规则标为不确定
R8007_M8010,R8007_M8010_seg0011,261.990,314.460,N_SPK8056,会议室就是说大概这么大，然后我们可以先定就是能容纳所有人开会呗，然后就是说办公室的问题，办公室就是一共现在就这么咱们几个部门嘛然后。,True,full,高重叠不确定,,,uncertainty,高重叠语音，内容或说话人归属不确定,,,多人同时说话，按项目规则标为不确定
R8007_M8010,R8007_M8010_seg0011,261.990,314.460,N_SPK8050,嗯。,True,full,高重叠不确定,,,uncertainty,高重叠语音，内容或说话人归属不确定,,,多人同时说话，按项目规则标为不确定
R8007_M8010,R8007_M8010_seg0011,261.990,314.460,N_SPK8055,嗯。,True,full,高重叠不确定,,,uncertainty,高重叠语音，内容或说话人归属不确定,,,多人同时说话，按项目规则标为不确定
R8007_M8010,R8007_M8010_seg0011,261.990,314.460,N_SPK8054,这个可以。,True,full,高重叠不确定,,,uncertainty,高重叠语音，内容或说话人归属不确定,,,多人同时说话，按项目规则标为不确定
R8007_M8010,R8007_M8010_seg0011,261.990,314.460,N_SPK8050,办公室。,True,full,高重叠不确定,,,uncertainty,高重叠语音，内容或说话人归属不确定,,,多人同时说话，按项目规则标为不确定
R8007_M8010,R8007_M8010_seg0011,261.990,314.460,N_SPK8054,几个部门，你都把这几个部门就是归纳好选择好，嗯。,True,full,高重叠不确定,,,uncertainty,高重叠语音，内容或说话人归属不确定,,,多人同时说话，按项目规则标为不确定
R8007_M8010,R8007_M8010_seg0011,261.990,314.460,N_SPK8050,哦。,True,full,高重叠不确定,,,uncertainty,高重叠语音，内容或说话人归属不确定,,,多人同时说话，按项目规则标为不确定
R8007_M8010,R8007_M8010_seg0011,261.990,314.460,N_SPK8055,现在咱们现在是四个吧，四个小办公室。,True,full,高重叠不确定,,,uncertainty,高重叠语音，内容或说话人归属不确定,,,多人同时说话，按项目规则标为不确定
R8007_M8010,R8007_M8010_seg0011,261.990,314.460,N_SPK8050,嗯。,True,full,高重叠不确定,,,uncertainty,高重叠语音，内容或说话人归属不确定,,,多人同时说话，按项目规则标为不确定
R8007_M8010,R8007_M8010_seg0011,261.990,314.460,N_SPK8056,啊。,True,full,高重叠不确定,,,uncertainty,高重叠语音，内容或说话人归属不确定,,,多人同时说话，按项目规则标为不确定
R8007_M8010,R8007_M8010_seg0011,261.990,314.460,N_SPK8050,啊对，四个小办公室主要是。,True,full,高重叠不确定,,,uncertainty,高重叠语音，内容或说话人归属不确定,,,多人同时说话，按项目规则标为不确定
R8007_M8010,R8007_M8010_seg0011,261.990,314.460,N_SPK8054,归纳好，选择好，别那个，到时候，空间不够了，这不就是有点。,True,full,高重叠不确定,,,uncertainty,高重叠语音，内容或说话人归属不确定,,,多人同时说话，按项目规则标为不确定
R8007_M8010,R8007_M8010_seg0011,261.990,314.460,N_SPK8050,对对。,True,full,高重叠不确定,,,uncertainty,高重叠语音，内容或说话人归属不确定,,,多人同时说话，按项目规则标为不确定
R8007_M8010,R8007_M8010_seg0011,261.990,314.460,N_SPK8055,如果加上到时候招聘的几个部门的话，估计得四到五个四到五个啊。,True,full,高重叠不确定,,,uncertainty,高重叠语音，内容或说话人归属不确定,,,多人同时说话，按项目规则标为不确定
R8007_M8010,R8007_M8010_seg0011,261.990,314.460,N_SPK8050,嗯嗯嗯。,True,full,高重叠不确定,,,uncertainty,高重叠语音，内容或说话人归属不确定,,,多人同时说话，按项目规则标为不确定
R8007_M8010,R8007_M8010_seg0011,261.990,314.460,N_SPK8056,好。,True,full,高重叠不确定,,,uncertainty,高重叠语音，内容或说话人归属不确定,,,多人同时说话，按项目规则标为不确定
R8007_M8010,R8007_M8010_seg0011,261.990,314.460,N_SPK8054,办事效率不也是高一些嘛！嗯，这样的不也可以。,True,full,高重叠不确定,,,uncertainty,高重叠语音，内容或说话人归属不确定,,,多人同时说话，按项目规则标为不确定
R8007_M8010,R8007_M8010_seg0011,261.990,314.460,N_SPK8056,可以那就是说。,True,full,高重叠不确定,,,uncertainty,高重叠语音，内容或说话人归属不确定,,,多人同时说话，按项目规则标为不确定
R8007_M8010,R8007_M8010_seg0011,261.990,314.460,N_SPK8050,五个五个六个都行。,True,full,高重叠不确定,,,uncertainty,高重叠语音，内容或说话人归属不确定,,,多人同时说话，按项目规则标为不确定
R8007_M8010,R8007_M8010_seg0012,314.970,323.640,N_SPK8056,那就是这些，大概的这些数目，这个意见我先。,True,partial,高重叠不确定,,,uncertainty,高重叠语音，内容或说话人归属不确定,,,多人同时说话，按项目规则标为不确定
R8007_M8010,R8007_M8010_seg0012,314.970,323.640,N_SPK8054,嗯，就是考察时候吧，必须得把这实际情况调查好了，到那再去一考察，就能定下来这个房子的房子。,True,partial,高重叠不确定,,,uncertainty,高重叠语音，内容或说话人归属不确定,,,多人同时说话，按项目规则标为不确定
R8007_M8010,R8007_M8010_seg0012,314.970,323.640,N_SPK8055,嗯。,True,partial,高重叠不确定,,,uncertainty,高重叠语音，内容或说话人归属不确定,,,多人同时说话，按项目规则标为不确定
R8007_M8010,R8007_M8010_seg0012,314.970,323.640,N_SPK8056,啊。,True,partial,高重叠不确定,,,uncertainty,高重叠语音，内容或说话人归属不确定,,,多人同时说话，按项目规则标为不确定
R8007_M8010,R8007_M8010_seg0012,314.970,323.640,N_SPK8050,嗯。,True,partial,高重叠不确定,,,uncertainty,高重叠语音，内容或说话人归属不确定,,,多人同时说话，按项目规则标为不确定
R8007_M8010,R8007_M8010_seg0012,314.970,323.640,N_SPK8050,嗯。,True,partial,高重叠不确定,,,uncertainty,高重叠语音，内容或说话人归属不确定,,,多人同时说话，按项目规则标为不确定
R8007_M8010,R8007_M8010_seg0013,324.160,363.170,N_SPK8056,好，那就先把这个这个先暂定一下儿，然后就是说里边儿有没有什么储物间呀或比如大家要立个柜子呀什么的洗手间，哦。,True,full,高重叠不确定,,,uncertainty,高重叠语音，内容或说话人归属不确定,,,多人同时说话，按项目规则标为不确定
R8007_M8010,R8007_M8010_seg0013,324.160,363.170,N_SPK8054,嗯，这个就定下来了，嗯，对对。,True,full,高重叠不确定,,,uncertainty,高重叠语音，内容或说话人归属不确定,,,多人同时说话，按项目规则标为不确定
R8007_M8010,R8007_M8010_seg0013,324.160,363.170,N_SPK8050,啊定下来呗。,True,full,高重叠不确定,,,uncertainty,高重叠语音，内容或说话人归属不确定,,,多人同时说话，按项目规则标为不确定
R8007_M8010,R8007_M8010_seg0013,324.160,363.170,N_SPK8055,洗手间。,True,full,高重叠不确定,,,uncertainty,高重叠语音，内容或说话人归属不确定,,,多人同时说话，按项目规则标为不确定
R8007_M8010,R8007_M8010_seg0013,324.160,363.170,N_SPK8050,洗手间储物间啊。,True,full,高重叠不确定,,,uncertainty,高重叠语音，内容或说话人归属不确定,,,多人同时说话，按项目规则标为不确定
R8007_M8010,R8007_M8010_seg0013,324.160,363.170,N_SPK8055,唉对对对，洗洗洗手间我觉得就是最好别找那种就是往外公用的那种，最好是。,True,full,高重叠不确定,,,uncertainty,高重叠语音，内容或说话人归属不确定,,,多人同时说话，按项目规则标为不确定
R8007_M8010,R8007_M8010_seg0013,324.160,363.170,N_SPK8054,装修这个是，必须得要洗手间，洗手间是。,True,full,高重叠不确定,,,uncertainty,高重叠语音，内容或说话人归属不确定,,,多人同时说话，按项目规则标为不确定
R8007_M8010,R8007_M8010_seg0013,324.160,363.170,N_SPK8056,对。,True,full,高重叠不确定,,,uncertainty,高重叠语音，内容或说话人归属不确定,,,多人同时说话，按项目规则标为不确定
R8007_M8010,R8007_M8010_seg0013,324.160,363.170,N_SPK8056,哦那那就是说比如说我们有一个楼层。,True,full,高重叠不确定,,,uncertainty,高重叠语音，内容或说话人归属不确定,,,多人同时说话，按项目规则标为不确定
R8007_M8010,R8007_M8010_seg0013,324.160,363.170,N_SPK8050,对。,True,full,高重叠不确定,,,uncertainty,高重叠语音，内容或说话人归属不确定,,,多人同时说话，按项目规则标为不确定
R8007_M8010,R8007_M8010_seg0013,324.160,363.170,N_SPK8054,对对。,True,full,高重叠不确定,,,uncertainty,高重叠语音，内容或说话人归属不确定,,,多人同时说话，按项目规则标为不确定
R8007_M8010,R8007_M8010_seg0013,324.160,363.170,N_SPK8054,洗手间咱们，咱们自己的公司必须咱们自己使，自己的员工。,True,full,高重叠不确定,,,uncertainty,高重叠语音，内容或说话人归属不确定,,,多人同时说话，按项目规则标为不确定
R8007_M8010,R8007_M8010_seg0013,324.160,363.170,N_SPK8055,对就在进在公司里头这种洗手间比较好。,True,full,高重叠不确定,,,uncertainty,高重叠语音，内容或说话人归属不确定,,,多人同时说话，按项目规则标为不确定
R8007_M8010,R8007_M8010_seg0013,324.160,363.170,N_SPK8050,对对自己人儿用，嗯嗯。,True,full,高重叠不确定,,,uncertainty,高重叠语音，内容或说话人归属不确定,,,多人同时说话，按项目规则标为不确定
R8007_M8010,R8007_M8010_seg0013,324.160,363.170,N_SPK8056,呃呃呃，啊。,True,full,高重叠不确定,,,uncertainty,高重叠语音，内容或说话人归属不确定,,,多人同时说话，按项目规则标为不确定
R8007_M8010,R8007_M8010_seg0013,324.160,363.170,N_SPK8054,自己员工用，最好是不要说谁逮谁上的那种，哦，啊，对对。,True,full,高重叠不确定,,,uncertainty,高重叠语音，内容或说话人归属不确定,,,多人同时说话，按项目规则标为不确定
R8007_M8010,R8007_M8010_seg0013,324.160,363.170,N_SPK8056,呃呃，好好。,True,full,高重叠不确定,,,uncertainty,高重叠语音，内容或说话人归属不确定,,,多人同时说话，按项目规则标为不确定
R8007_M8010,R8007_M8010_seg0013,324.160,363.170,N_SPK8050,嗯。,True,full,高重叠不确定,,,uncertainty,高重叠语音，内容或说话人归属不确定,,,多人同时说话，按项目规则标为不确定
R8007_M8010,R8007_M8010_seg0013,324.160,363.170,N_SPK8055,要不然你就就，老上那种公用的也觉得不太方便啊。,True,full,高重叠不确定,,,uncertainty,高重叠语音，内容或说话人归属不确定,,,多人同时说话，按项目规则标为不确定
R8007_M8010,R8007_M8010_seg0013,324.160,363.170,N_SPK8056,这个。,True,full,高重叠不确定,,,uncertainty,高重叠语音，内容或说话人归属不确定,,,多人同时说话，按项目规则标为不确定
R8007_M8010,R8007_M8010_seg0013,324.160,363.170,N_SPK8050,嗯。,True,full,高重叠不确定,,,uncertainty,高重叠语音，内容或说话人归属不确定,,,多人同时说话，按项目规则标为不确定
R8007_M8010,R8007_M8010_seg0013,324.160,363.170,N_SPK8056,行。,True,full,高重叠不确定,,,uncertainty,高重叠语音，内容或说话人归属不确定,,,多人同时说话，按项目规则标为不确定
R8007_M8010,R8007_M8010_seg0013,324.160,363.170,N_SPK8050,对对。,True,full,高重叠不确定,,,uncertainty,高重叠语音，内容或说话人归属不确定,,,多人同时说话，按项目规则标为不确定
R8007_M8010,R8007_M8010_seg0013,324.160,363.170,N_SPK8056,这个到时候看情况，我给上边儿提一下建议这个呃。,True,full,高重叠不确定,,,uncertainty,高重叠语音，内容或说话人归属不确定,,,多人同时说话，按项目规则标为不确定
R8007_M8010,R8007_M8010_seg0013,324.160,363.170,N_SPK8050,嗯。,True,full,高重叠不确定,,,uncertainty,高重叠语音，内容或说话人归属不确定,,,多人同时说话，按项目规则标为不确定
R8007_M8010,R8007_M8010_seg0013,324.160,363.170,N_SPK8054,这个吧，就是咱员工本身人多，你有，那个那个自己的洗手间了，还得有专门儿打扫。,True,full,高重叠不确定,,,uncertainty,高重叠语音，内容或说话人归属不确定,,,多人同时说话，按项目规则标为不确定
R8007_M8010,R8007_M8010_seg0013,324.160,363.170,N_SPK8056,嗯。,True,full,高重叠不确定,,,uncertainty,高重叠语音，内容或说话人归属不确定,,,多人同时说话，按项目规则标为不确定
R8007_M8010,R8007_M8010_seg0013,324.160,363.170,N_SPK8056,啊。,True,full,高重叠不确定,,,uncertainty,高重叠语音，内容或说话人归属不确定,,,多人同时说话，按项目规则标为不确定
R8007_M8010,R8007_M8010_seg0013,324.160,363.170,N_SPK8050,对。,True,full,高重叠不确定,,,uncertainty,高重叠语音，内容或说话人归属不确定,,,多人同时说话，按项目规则标为不确定
R8007_M8010,R8007_M8010_seg0014,364.020,365.870,N_SPK8054,咱们目前好像缺个保洁吧？,False,none,目前好像缺个保洁吧？,,,open_question,待确认目前好像缺个保洁吧？,,,
R8007_M8010,R8007_M8010_seg0015,366.690,449.160,N_SPK8056,对应该是没有就是。,True,full,高重叠不确定,,,uncertainty,高重叠语音，内容或说话人归属不确定,,,多人同时说话，按项目规则标为不确定
R8007_M8010,R8007_M8010_seg0015,366.690,449.160,N_SPK8054,呃，这个是，这个咱们搬，搬去之后了，就是在考虑这个问题，找个固定的，完了给咱们好好弄弄是不是？完了对对，咱们那个咋说呢，员工咱也算个福利吧还好。,True,full,高重叠不确定,,,uncertainty,高重叠语音，内容或说话人归属不确定,,,多人同时说话，按项目规则标为不确定
R8007_M8010,R8007_M8010_seg0015,366.690,449.160,N_SPK8050,那是用人。,True,full,高重叠不确定,,,uncertainty,高重叠语音，内容或说话人归属不确定,,,多人同时说话，按项目规则标为不确定
R8007_M8010,R8007_M8010_seg0015,366.690,449.160,N_SPK8055,嗯。,True,full,高重叠不确定,,,uncertainty,高重叠语音，内容或说话人归属不确定,,,多人同时说话，按项目规则标为不确定
R8007_M8010,R8007_M8010_seg0015,366.690,449.160,N_SPK8055,咱们就找个固定的保洁了呗，对吧他一天。,True,full,高重叠不确定,,,uncertainty,高重叠语音，内容或说话人归属不确定,,,多人同时说话，按项目规则标为不确定
R8007_M8010,R8007_M8010_seg0015,366.690,449.160,N_SPK8056,现在。,True,full,高重叠不确定,,,uncertainty,高重叠语音，内容或说话人归属不确定,,,多人同时说话，按项目规则标为不确定
R8007_M8010,R8007_M8010_seg0015,366.690,449.160,N_SPK8050,嗯嗯。,True,full,高重叠不确定,,,uncertainty,高重叠语音，内容或说话人归属不确定,,,多人同时说话，按项目规则标为不确定
R8007_M8010,R8007_M8010_seg0015,366.690,449.160,N_SPK8056,现在不就是这这个。,True,full,高重叠不确定,,,uncertainty,高重叠语音，内容或说话人归属不确定,,,多人同时说话，按项目规则标为不确定
R8007_M8010,R8007_M8010_seg0015,366.690,449.160,N_SPK8055,一天来几个小时就都都完了嗯。,True,full,高重叠不确定,,,uncertainty,高重叠语音，内容或说话人归属不确定,,,多人同时说话，按项目规则标为不确定
R8007_M8010,R8007_M8010_seg0015,366.690,449.160,N_SPK8050,哦。,True,full,高重叠不确定,,,uncertainty,高重叠语音，内容或说话人归属不确定,,,多人同时说话，按项目规则标为不确定
R8007_M8010,R8007_M8010_seg0015,366.690,449.160,N_SPK8056,啊。,True,full,高重叠不确定,,,uncertainty,高重叠语音，内容或说话人归属不确定,,,多人同时说话，按项目规则标为不确定
R8007_M8010,R8007_M8010_seg0015,366.690,449.160,N_SPK8050,你这。,True,full,高重叠不确定,,,uncertainty,高重叠语音，内容或说话人归属不确定,,,多人同时说话，按项目规则标为不确定
R8007_M8010,R8007_M8010_seg0015,366.690,449.160,N_SPK8056,这个还好吧，我觉得就是谁早晨，这个就是谁早晨到谁先把它去做一下呗这个问题啊。,True,full,高重叠不确定,,,uncertainty,高重叠语音，内容或说话人归属不确定,,,多人同时说话，按项目规则标为不确定
R8007_M8010,R8007_M8010_seg0015,366.690,449.160,N_SPK8054,卫生间很重要。,True,full,高重叠不确定,,,uncertainty,高重叠语音，内容或说话人归属不确定,,,多人同时说话，按项目规则标为不确定
R8007_M8010,R8007_M8010_seg0015,366.690,449.160,N_SPK8050,得这得招一个保洁员我估计那嗯，招个保洁员嗯。,True,full,高重叠不确定,,,uncertainty,高重叠语音，内容或说话人归属不确定,,,多人同时说话，按项目规则标为不确定
R8007_M8010,R8007_M8010_seg0015,366.690,449.160,N_SPK8054,这个一个人做不了，因为人，人太多了，他不是说咱们五十个人你说，一个人做的不行，最少得有一个人，嗯，这就是考虑范围之内吧。,True,full,高重叠不确定,,,uncertainty,高重叠语音，内容或说话人归属不确定,,,多人同时说话，按项目规则标为不确定
R8007_M8010,R8007_M8010_seg0015,366.690,449.160,N_SPK8055,呃一个人够呛，嗯。,True,full,高重叠不确定,,,uncertainty,高重叠语音，内容或说话人归属不确定,,,多人同时说话，按项目规则标为不确定
R8007_M8010,R8007_M8010_seg0015,366.690,449.160,N_SPK8056,啊。,True,full,高重叠不确定,,,uncertainty,高重叠语音，内容或说话人归属不确定,,,多人同时说话，按项目规则标为不确定
R8007_M8010,R8007_M8010_seg0015,366.690,449.160,N_SPK8055,嗯。,True,full,高重叠不确定,,,uncertainty,高重叠语音，内容或说话人归属不确定,,,多人同时说话，按项目规则标为不确定
R8007_M8010,R8007_M8010_seg0015,366.690,449.160,N_SPK8056,比如现在。,True,full,高重叠不确定,,,uncertainty,高重叠语音，内容或说话人归属不确定,,,多人同时说话，按项目规则标为不确定
R8007_M8010,R8007_M8010_seg0015,366.690,449.160,N_SPK8055,得得专门至少得一个吧，嗯。,True,full,高重叠不确定,,,uncertainty,高重叠语音，内容或说话人归属不确定,,,多人同时说话，按项目规则标为不确定
R8007_M8010,R8007_M8010_seg0015,366.690,449.160,N_SPK8050,嗯招个保洁员最少得用一个人儿嗯。,True,full,高重叠不确定,,,uncertainty,高重叠语音，内容或说话人归属不确定,,,多人同时说话，按项目规则标为不确定
R8007_M8010,R8007_M8010_seg0015,366.690,449.160,N_SPK8055,嗯。,True,full,高重叠不确定,,,uncertainty,高重叠语音，内容或说话人归属不确定,,,多人同时说话，按项目规则标为不确定
R8007_M8010,R8007_M8010_seg0015,366.690,449.160,N_SPK8056,那这个这个还得这问题还得问一下领导，到时候看他怎么考虑这个事儿，你说雇雇咱就几啊，就这么几个人的话，咱雇那保洁得花钱是吧？就是说。,True,full,高重叠不确定,,,uncertainty,高重叠语音，内容或说话人归属不确定,,,多人同时说话，按项目规则标为不确定
R8007_M8010,R8007_M8010_seg0015,366.690,449.160,N_SPK8050,嗯。,True,full,高重叠不确定,,,uncertainty,高重叠语音，内容或说话人归属不确定,,,多人同时说话，按项目规则标为不确定
R8007_M8010,R8007_M8010_seg0015,366.690,449.160,N_SPK8054,呃，是，咱们就写上完了，应该有，应该有这个预算，嗯。,True,full,高重叠不确定,,,uncertainty,高重叠语音，内容或说话人归属不确定,,,多人同时说话，按项目规则标为不确定
R8007_M8010,R8007_M8010_seg0015,366.690,449.160,N_SPK8050,嗯。,True,full,高重叠不确定,,,uncertainty,高重叠语音，内容或说话人归属不确定,,,多人同时说话，按项目规则标为不确定
R8007_M8010,R8007_M8010_seg0015,366.690,449.160,N_SPK8055,应该有这个预算吧，一一般公司都有啊。,True,full,高重叠不确定,,,uncertainty,高重叠语音，内容或说话人归属不确定,,,多人同时说话，按项目规则标为不确定
R8007_M8010,R8007_M8010_seg0015,366.690,449.160,N_SPK8050,嗯。,True,full,高重叠不确定,,,uncertainty,高重叠语音，内容或说话人归属不确定,,,多人同时说话，按项目规则标为不确定
R8007_M8010,R8007_M8010_seg0015,366.690,449.160,N_SPK8050,嗯。,True,full,高重叠不确定,,,uncertainty,高重叠语音，内容或说话人归属不确定,,,多人同时说话，按项目规则标为不确定
R8007_M8010,R8007_M8010_seg0015,366.690,449.160,N_SPK8054,花钱少呀，但是说这是一个大方面儿啊，咱这个吃喝拉撒还得主要，就是主要的，啊。,True,full,高重叠不确定,,,uncertainty,高重叠语音，内容或说话人归属不确定,,,多人同时说话，按项目规则标为不确定
R8007_M8010,R8007_M8010_seg0015,366.690,449.160,N_SPK8056,嗯。,True,full,高重叠不确定,,,uncertainty,高重叠语音，内容或说话人归属不确定,,,多人同时说话，按项目规则标为不确定
R8007_M8010,R8007_M8010_seg0015,366.690,449.160,N_SPK8056,好那。,True,full,高重叠不确定,,,uncertainty,高重叠语音，内容或说话人归属不确定,,,多人同时说话，按项目规则标为不确定
R8007_M8010,R8007_M8010_seg0015,366.690,449.160,N_SPK8050,对。,True,full,高重叠不确定,,,uncertainty,高重叠语音，内容或说话人归属不确定,,,多人同时说话，按项目规则标为不确定
R8007_M8010,R8007_M8010_seg0015,366.690,449.160,N_SPK8056,行。,True,full,高重叠不确定,,,uncertainty,高重叠语音，内容或说话人归属不确定,,,多人同时说话，按项目规则标为不确定
R8007_M8010,R8007_M8010_seg0015,366.690,449.160,N_SPK8055,它那个面积像这个茶水间啊什么的应该能能能做出来吧，咱们现在就没有一个茶水间，那大家有时候中午吃饭啊什么的，热点儿饭菜啊什么都不太方便，是吧弄个冰箱。,True,full,高重叠不确定,,,uncertainty,高重叠语音，内容或说话人归属不确定,,,多人同时说话，按项目规则标为不确定
R8007_M8010,R8007_M8010_seg0015,366.690,449.160,N_SPK8050,对。,True,full,高重叠不确定,,,uncertainty,高重叠语音，内容或说话人归属不确定,,,多人同时说话，按项目规则标为不确定
R8007_M8010,R8007_M8010_seg0015,366.690,449.160,N_SPK8056,茶水间。,True,full,高重叠不确定,,,uncertainty,高重叠语音，内容或说话人归属不确定,,,多人同时说话，按项目规则标为不确定
R8007_M8010,R8007_M8010_seg0015,366.690,449.160,N_SPK8050,茶水间。,True,full,高重叠不确定,,,uncertainty,高重叠语音，内容或说话人归属不确定,,,多人同时说话，按项目规则标为不确定
R8007_M8010,R8007_M8010_seg0015,366.690,449.160,N_SPK8054,茶水间。,True,full,高重叠不确定,,,uncertainty,高重叠语音，内容或说话人归属不确定,,,多人同时说话，按项目规则标为不确定
R8007_M8010,R8007_M8010_seg0015,366.690,449.160,N_SPK8056,行。,True,full,高重叠不确定,,,uncertainty,高重叠语音，内容或说话人归属不确定,,,多人同时说话，按项目规则标为不确定
R8007_M8010,R8007_M8010_seg0015,366.690,449.160,N_SPK8056,就只有一个饮水机是吧？,True,full,高重叠不确定,,,uncertainty,高重叠语音，内容或说话人归属不确定,,,多人同时说话，按项目规则标为不确定
R8007_M8010,R8007_M8010_seg0015,366.690,449.160,N_SPK8050,嗯嗯。,True,full,高重叠不确定,,,uncertainty,高重叠语音，内容或说话人归属不确定,,,多人同时说话，按项目规则标为不确定
R8007_M8010,R8007_M8010_seg0015,366.690,449.160,N_SPK8054,呃，这个也对，得有个。,True,full,高重叠不确定,,,uncertainty,高重叠语音，内容或说话人归属不确定,,,多人同时说话，按项目规则标为不确定
R8007_M8010,R8007_M8010_seg0015,366.690,449.160,N_SPK8056,啊行。,True,full,高重叠不确定,,,uncertainty,高重叠语音，内容或说话人归属不确定,,,多人同时说话，按项目规则标为不确定
R8007_M8010,R8007_M8010_seg0015,366.690,449.160,N_SPK8056,那那到时候这个这个问题的话。,True,full,高重叠不确定,,,uncertainty,高重叠语音，内容或说话人归属不确定,,,多人同时说话，按项目规则标为不确定
R8007_M8010,R8007_M8010_seg0015,366.690,449.160,N_SPK8055,弄个微波炉什么的，啊。,True,full,高重叠不确定,,,uncertainty,高重叠语音，内容或说话人归属不确定,,,多人同时说话，按项目规则标为不确定
R8007_M8010,R8007_M8010_seg0015,366.690,449.160,N_SPK8050,吸烟室能能整啥的，嗯啊啊。,True,full,高重叠不确定,,,uncertainty,高重叠语音，内容或说话人归属不确定,,,多人同时说话，按项目规则标为不确定
R8007_M8010,R8007_M8010_seg0015,366.690,449.160,N_SPK8054,最好是有一个，那个热水器。,True,full,高重叠不确定,,,uncertainty,高重叠语音，内容或说话人归属不确定,,,多人同时说话，按项目规则标为不确定
R8007_M8010,R8007_M8010_seg0015,366.690,449.160,N_SPK8056,吸烟室啊这个，行我到时候对这这些建议我先。,True,full,高重叠不确定,,,uncertainty,高重叠语音，内容或说话人归属不确定,,,多人同时说话，按项目规则标为不确定
R8007_M8010,R8007_M8010_seg0015,366.690,449.160,N_SPK8054,热水器啥都得有，嗯，那。,True,full,高重叠不确定,,,uncertainty,高重叠语音，内容或说话人归属不确定,,,多人同时说话，按项目规则标为不确定
R8007_M8010,R8007_M8010_seg0015,366.690,449.160,N_SPK8055,吸烟就只能上厕所了。,True,full,高重叠不确定,,,uncertainty,高重叠语音，内容或说话人归属不确定,,,多人同时说话，按项目规则标为不确定
R8007_M8010,R8007_M8010_seg0015,366.690,449.160,N_SPK8050,啊嗯嗯。,True,full,高重叠不确定,,,uncertainty,高重叠语音，内容或说话人归属不确定,,,多人同时说话，按项目规则标为不确定
R8007_M8010,R8007_M8010_seg0015,366.690,449.160,N_SPK8056,啊先把它记下来，这厕所也不让抽这个问题是啊，就是。,True,full,高重叠不确定,,,uncertainty,高重叠语音，内容或说话人归属不确定,,,多人同时说话，按项目规则标为不确定
R8007_M8010,R8007_M8010_seg0015,366.690,449.160,N_SPK8050,嗯嗯。,True,full,高重叠不确定,,,uncertainty,高重叠语音，内容或说话人归属不确定,,,多人同时说话，按项目规则标为不确定
R8007_M8010,R8007_M8010_seg0015,366.690,449.160,N_SPK8054,啊，是这个，就是大伙儿的统一的意见，就是考虑一下，让领导给，让领导考虑一下子。,True,full,高重叠不确定,,,uncertainty,高重叠语音，内容或说话人归属不确定,,,多人同时说话，按项目规则标为不确定
R8007_M8010,R8007_M8010_seg0015,366.690,449.160,N_SPK8055,嗯。,True,full,高重叠不确定,,,uncertainty,高重叠语音，内容或说话人归属不确定,,,多人同时说话，按项目规则标为不确定
R8007_M8010,R8007_M8010_seg0015,366.690,449.160,N_SPK8056,到时候就是说可以考虑比如说。,True,full,高重叠不确定,,,uncertainty,高重叠语音，内容或说话人归属不确定,,,多人同时说话，按项目规则标为不确定
R8007_M8010,R8007_M8010_seg0015,366.690,449.160,N_SPK8056,设个饮水机啊微波炉啊这些东西啊。,True,full,高重叠不确定,,,uncertainty,高重叠语音，内容或说话人归属不确定,,,多人同时说话，按项目规则标为不确定
R8007_M8010,R8007_M8010_seg0015,366.690,449.160,N_SPK8055,现在。,True,full,高重叠不确定,,,uncertainty,高重叠语音，内容或说话人归属不确定,,,多人同时说话，按项目规则标为不确定
R8007_M8010,R8007_M8010_seg0015,366.690,449.160,N_SPK8055,对。,True,full,高重叠不确定,,,uncertainty,高重叠语音，内容或说话人归属不确定,,,多人同时说话，按项目规则标为不确定
R8007_M8010,R8007_M8010_seg0015,366.690,449.160,N_SPK8054,嗯，饮水机那好弄，主要是，主要是男士得抽烟。,True,full,高重叠不确定,,,uncertainty,高重叠语音，内容或说话人归属不确定,,,多人同时说话，按项目规则标为不确定
R8007_M8010,R8007_M8010_seg0015,366.690,449.160,N_SPK8050,饮水机对。,True,full,高重叠不确定,,,uncertainty,高重叠语音，内容或说话人归属不确定,,,多人同时说话，按项目规则标为不确定
R8007_M8010,R8007_M8010_seg0015,366.690,449.160,N_SPK8056,嗯。,True,full,高重叠不确定,,,uncertainty,高重叠语音，内容或说话人归属不确定,,,多人同时说话，按项目规则标为不确定
R8007_M8010,R8007_M8010_seg0016,450.010,466.960,N_SPK8055,下楼下吧那就下楼下抽吧，嗯。,True,partial,高重叠不确定,,,uncertainty,高重叠语音，内容或说话人归属不确定,,,多人同时说话，按项目规则标为不确定
R8007_M8010,R8007_M8010_seg0016,450.010,466.960,N_SPK8056,啊。,True,partial,高重叠不确定,,,uncertainty,高重叠语音，内容或说话人归属不确定,,,多人同时说话，按项目规则标为不确定
R8007_M8010,R8007_M8010_seg0016,450.010,466.960,N_SPK8054,嗯，那。,True,partial,高重叠不确定,,,uncertainty,高重叠语音，内容或说话人归属不确定,,,多人同时说话，按项目规则标为不确定
R8007_M8010,R8007_M8010_seg0016,450.010,466.960,N_SPK8050,嗯。,True,partial,高重叠不确定,,,uncertainty,高重叠语音，内容或说话人归属不确定,,,多人同时说话，按项目规则标为不确定
R8007_M8010,R8007_M8010_seg0016,450.010,466.960,N_SPK8056,行，这个问题到时候我再报一下，然后就是说大家对装修啊，比如现在电脑到时候肯定都得搬过去，然后呢装修的话就是一个人一个写字台这种吧，还是说对于灯啊或者说那个环境啊。,True,partial,高重叠不确定,,,uncertainty,高重叠语音，内容或说话人归属不确定,,,多人同时说话，按项目规则标为不确定
R8007_M8010,R8007_M8010_seg0016,450.010,466.960,N_SPK8054,对，这个是，嗯，这个。,True,partial,高重叠不确定,,,uncertainty,高重叠语音，内容或说话人归属不确定,,,多人同时说话，按项目规则标为不确定
R8007_M8010,R8007_M8010_seg0016,450.010,466.960,N_SPK8054,你就是，订一下子吧！,True,partial,高重叠不确定,,,uncertainty,高重叠语音，内容或说话人归属不确定,,,多人同时说话，按项目规则标为不确定
R8007_M8010,R8007_M8010_seg0016,450.010,466.960,N_SPK8050,嗯。,True,partial,高重叠不确定,,,uncertainty,高重叠语音，内容或说话人归属不确定,,,多人同时说话，按项目规则标为不确定
R8007_M8010,R8007_M8010_seg0016,450.010,466.960,N_SPK8055,嗯。,True,partial,高重叠不确定,,,uncertainty,高重叠语音，内容或说话人归属不确定,,,多人同时说话，按项目规则标为不确定
R8007_M8010,R8007_M8010_seg0016,450.010,466.960,N_SPK8054,啊！,True,partial,高重叠不确定,,,uncertainty,高重叠语音，内容或说话人归属不确定,,,多人同时说话，按项目规则标为不确定
R8007_M8010,R8007_M8010_seg0016,450.010,466.960,N_SPK8050,一间。,True,partial,高重叠不确定,,,uncertainty,高重叠语音，内容或说话人归属不确定,,,多人同时说话，按项目规则标为不确定
R8007_M8010,R8007_M8010_seg0017,467.140,528.210,N_SPK8054,装修这方面主要是做电，呃，小隔间儿，一人一个特别方便，哦，多得劲儿。,True,full,高重叠不确定,,,uncertainty,高重叠语音，内容或说话人归属不确定,,,多人同时说话，按项目规则标为不确定
R8007_M8010,R8007_M8010_seg0017,467.140,528.210,N_SPK8055,是要那种小隔间儿还是那个一一个一个通。,True,full,高重叠不确定,,,uncertainty,高重叠语音，内容或说话人归属不确定,,,多人同时说话，按项目规则标为不确定
R8007_M8010,R8007_M8010_seg0017,467.140,528.210,N_SPK8050,就。,True,full,高重叠不确定,,,uncertainty,高重叠语音，内容或说话人归属不确定,,,多人同时说话，按项目规则标为不确定
R8007_M8010,R8007_M8010_seg0017,467.140,528.210,N_SPK8050,一小隔间儿呗嗯，对员工一个小隔间儿。,True,full,高重叠不确定,,,uncertainty,高重叠语音，内容或说话人归属不确定,,,多人同时说话，按项目规则标为不确定
R8007_M8010,R8007_M8010_seg0017,467.140,528.210,N_SPK8056,那行那就是。,True,full,高重叠不确定,,,uncertainty,高重叠语音，内容或说话人归属不确定,,,多人同时说话，按项目规则标为不确定
R8007_M8010,R8007_M8010_seg0017,467.140,528.210,N_SPK8055,但是其实那种，那种那种开通的那种也挺好的其实小隔间儿。,True,full,高重叠不确定,,,uncertainty,高重叠语音，内容或说话人归属不确定,,,多人同时说话，按项目规则标为不确定
R8007_M8010,R8007_M8010_seg0017,467.140,528.210,N_SPK8054,这个咋说呢？这就是看具体的，就是空间了，去研究这个事儿，你要空间小的话。一人一隔间，也隔不开呀，你。,True,full,高重叠不确定,,,uncertainty,高重叠语音，内容或说话人归属不确定,,,多人同时说话，按项目规则标为不确定
R8007_M8010,R8007_M8010_seg0017,467.140,528.210,N_SPK8056,啊。,True,full,高重叠不确定,,,uncertainty,高重叠语音，内容或说话人归属不确定,,,多人同时说话，按项目规则标为不确定
R8007_M8010,R8007_M8010_seg0017,467.140,528.210,N_SPK8055,嗯，其实因为有时候有时候你开会的话，有个小隔间反而不方便，有时候开会说一声开会。,True,full,高重叠不确定,,,uncertainty,高重叠语音，内容或说话人归属不确定,,,多人同时说话，按项目规则标为不确定
R8007_M8010,R8007_M8010_seg0017,467.140,528.210,N_SPK8050,嗯。,True,full,高重叠不确定,,,uncertainty,高重叠语音，内容或说话人归属不确定,,,多人同时说话，按项目规则标为不确定
R8007_M8010,R8007_M8010_seg0017,467.140,528.210,N_SPK8054,开会咱不有，咱不有会议室吗？嗯。,True,full,高重叠不确定,,,uncertainty,高重叠语音，内容或说话人归属不确定,,,多人同时说话，按项目规则标为不确定
R8007_M8010,R8007_M8010_seg0017,467.140,528.210,N_SPK8056,啊啊对到时候。,True,full,高重叠不确定,,,uncertainty,高重叠语音，内容或说话人归属不确定,,,多人同时说话，按项目规则标为不确定
R8007_M8010,R8007_M8010_seg0017,467.140,528.210,N_SPK8055,不一定非得到会议室，有的时候有的时候你，聊点简单的事儿，不用去会议室啊。,True,full,高重叠不确定,,,uncertainty,高重叠语音，内容或说话人归属不确定,,,多人同时说话，按项目规则标为不确定
R8007_M8010,R8007_M8010_seg0017,467.140,528.210,N_SPK8050,最好是小隔间儿的，现在啊咱有会议室这这。,True,full,高重叠不确定,,,uncertainty,高重叠语音，内容或说话人归属不确定,,,多人同时说话，按项目规则标为不确定
R8007_M8010,R8007_M8010_seg0017,467.140,528.210,N_SPK8054,要是空间够用的话，咱们可以会议室。,True,full,高重叠不确定,,,uncertainty,高重叠语音，内容或说话人归属不确定,,,多人同时说话，按项目规则标为不确定
R8007_M8010,R8007_M8010_seg0017,467.140,528.210,N_SPK8056,好。,True,full,高重叠不确定,,,uncertainty,高重叠语音，内容或说话人归属不确定,,,多人同时说话，按项目规则标为不确定
R8007_M8010,R8007_M8010_seg0017,467.140,528.210,N_SPK8056,到时候那个装修的这个风格的话，你觉得就是有什么是陶瓷呀，还是说这个地板啊墙啊。,True,full,高重叠不确定,,,uncertainty,高重叠语音，内容或说话人归属不确定,,,多人同时说话，按项目规则标为不确定
R8007_M8010,R8007_M8010_seg0017,467.140,528.210,N_SPK8054,嗯。,True,full,高重叠不确定,,,uncertainty,高重叠语音，内容或说话人归属不确定,,,多人同时说话，按项目规则标为不确定
R8007_M8010,R8007_M8010_seg0017,467.140,528.210,N_SPK8054,这个吧就没啥要求，只要说得亮堂的，瞅着特别，特别舒服，温馨的那种，完了员工干活儿，工作了就特别得劲儿，嗯。,True,full,高重叠不确定,,,uncertainty,高重叠语音，内容或说话人归属不确定,,,多人同时说话，按项目规则标为不确定
R8007_M8010,R8007_M8010_seg0017,467.140,528.210,N_SPK8050,嗯地板砖。,True,full,高重叠不确定,,,uncertainty,高重叠语音，内容或说话人归属不确定,,,多人同时说话，按项目规则标为不确定
R8007_M8010,R8007_M8010_seg0017,467.140,528.210,N_SPK8056,没啥要求。,True,full,高重叠不确定,,,uncertainty,高重叠语音，内容或说话人归属不确定,,,多人同时说话，按项目规则标为不确定
R8007_M8010,R8007_M8010_seg0017,467.140,528.210,N_SPK8055,地毯吧，还是地毯好一点儿，地毯比较安静一点儿。,True,full,高重叠不确定,,,uncertainty,高重叠语音，内容或说话人归属不确定,,,多人同时说话，按项目规则标为不确定
R8007_M8010,R8007_M8010_seg0017,467.140,528.210,N_SPK8056,呃舒服温馨。,True,full,高重叠不确定,,,uncertainty,高重叠语音，内容或说话人归属不确定,,,多人同时说话，按项目规则标为不确定
R8007_M8010,R8007_M8010_seg0017,467.140,528.210,N_SPK8055,地毯就是保洁就是保洁费劲一点儿啊。,True,full,高重叠不确定,,,uncertainty,高重叠语音，内容或说话人归属不确定,,,多人同时说话，按项目规则标为不确定
R8007_M8010,R8007_M8010_seg0017,467.140,528.210,N_SPK8050,地毯安静，对对对整地毯行。,True,full,高重叠不确定,,,uncertainty,高重叠语音，内容或说话人归属不确定,,,多人同时说话，按项目规则标为不确定
R8007_M8010,R8007_M8010_seg0017,467.140,528.210,N_SPK8056,那就是。,True,full,高重叠不确定,,,uncertainty,高重叠语音，内容或说话人归属不确定,,,多人同时说话，按项目规则标为不确定
R8007_M8010,R8007_M8010_seg0017,467.140,528.210,N_SPK8054,对，现在好像都是，那就买吸尘器了，地毯就吸尘器特别方便了，欻欻就能整完，但是说是，地毯吗？咱们温习一下的就是说，嗯。,True,full,高重叠不确定,,,uncertainty,高重叠语音，内容或说话人归属不确定,,,多人同时说话，按项目规则标为不确定
R8007_M8010,R8007_M8010_seg0017,467.140,528.210,N_SPK8056,就。,True,full,高重叠不确定,,,uncertainty,高重叠语音，内容或说话人归属不确定,,,多人同时说话，按项目规则标为不确定
R8007_M8010,R8007_M8010_seg0017,467.140,528.210,N_SPK8050,这。,True,full,高重叠不确定,,,uncertainty,高重叠语音，内容或说话人归属不确定,,,多人同时说话，按项目规则标为不确定
R8007_M8010,R8007_M8010_seg0017,467.140,528.210,N_SPK8050,啊。,True,full,高重叠不确定,,,uncertainty,高重叠语音，内容或说话人归属不确定,,,多人同时说话，按项目规则标为不确定
R8007_M8010,R8007_M8010_seg0017,467.140,528.210,N_SPK8055,啊。,True,full,高重叠不确定,,,uncertainty,高重叠语音，内容或说话人归属不确定,,,多人同时说话，按项目规则标为不确定
R8007_M8010,R8007_M8010_seg0017,467.140,528.210,N_SPK8056,好的。,True,full,高重叠不确定,,,uncertainty,高重叠语音，内容或说话人归属不确定,,,多人同时说话，按项目规则标为不确定
R8007_M8010,R8007_M8010_seg0017,467.140,528.210,N_SPK8056,那就是说我们。,True,full,高重叠不确定,,,uncertainty,高重叠语音，内容或说话人归属不确定,,,多人同时说话，按项目规则标为不确定
R8007_M8010,R8007_M8010_seg0017,467.140,528.210,N_SPK8050,嗯啊。,True,full,高重叠不确定,,,uncertainty,高重叠语音，内容或说话人归属不确定,,,多人同时说话，按项目规则标为不确定
R8007_M8010,R8007_M8010_seg0017,467.140,528.210,N_SPK8055,嗯。,True,full,高重叠不确定,,,uncertainty,高重叠语音，内容或说话人归属不确定,,,多人同时说话，按项目规则标为不确定
R8007_M8010,R8007_M8010_seg0017,467.140,528.210,N_SPK8055,对。,True,full,高重叠不确定,,,uncertainty,高重叠语音，内容或说话人归属不确定,,,多人同时说话，按项目规则标为不确定
R8007_M8010,R8007_M8010_seg0017,467.140,528.210,N_SPK8056,大家觉得那个墙的话，是要贴纸还是说直接刷漆的这种？,True,full,高重叠不确定,,,uncertainty,高重叠语音，内容或说话人归属不确定,,,多人同时说话，按项目规则标为不确定
R8007_M8010,R8007_M8010_seg0018,528.340,529.030,N_SPK8050,刷漆呗。,False,none,刷漆呗,,,speaker_stance,认为刷漆呗,,,
R8007_M8010,R8007_M8010_seg0019,529.320,529.700,N_SPK8056,啊。,False,none,啊。,,,speaker_stance,认为啊,,,
R8007_M8010,R8007_M8010_seg0020,529.950,563.010,N_SPK8050,刷漆，嗯白色的，呃乳乳胶漆，刷刷白色就行。,True,full,高重叠不确定,,,uncertainty,高重叠语音，内容或说话人归属不确定,,,多人同时说话，按项目规则标为不确定
R8007_M8010,R8007_M8010_seg0020,529.950,563.010,N_SPK8054,就白色的，就是白色的对，这个没啥要求，大伙温馨一下子，呃就跟自己家似的工作也舒心。,True,full,高重叠不确定,,,uncertainty,高重叠语音，内容或说话人归属不确定,,,多人同时说话，按项目规则标为不确定
R8007_M8010,R8007_M8010_seg0020,529.950,563.010,N_SPK8055,这个倒无所谓啊，啊无所谓。,True,full,高重叠不确定,,,uncertainty,高重叠语音，内容或说话人归属不确定,,,多人同时说话，按项目规则标为不确定
R8007_M8010,R8007_M8010_seg0020,529.950,563.010,N_SPK8056,就白墙就行啊。,True,full,高重叠不确定,,,uncertainty,高重叠语音，内容或说话人归属不确定,,,多人同时说话，按项目规则标为不确定
R8007_M8010,R8007_M8010_seg0020,529.950,563.010,N_SPK8056,行。,True,full,高重叠不确定,,,uncertainty,高重叠语音，内容或说话人归属不确定,,,多人同时说话，按项目规则标为不确定
R8007_M8010,R8007_M8010_seg0020,529.950,563.010,N_SPK8055,反正看看他们到时候这个具体的这个地点，他们有没有装修，没准儿有的人家那个现成装修挺好的。,True,full,高重叠不确定,,,uncertainty,高重叠语音，内容或说话人归属不确定,,,多人同时说话，按项目规则标为不确定
R8007_M8010,R8007_M8010_seg0020,529.950,563.010,N_SPK8050,嗯。,True,full,高重叠不确定,,,uncertainty,高重叠语音，内容或说话人归属不确定,,,多人同时说话，按项目规则标为不确定
R8007_M8010,R8007_M8010_seg0020,529.950,563.010,N_SPK8050,啊。,True,full,高重叠不确定,,,uncertainty,高重叠语音，内容或说话人归属不确定,,,多人同时说话，按项目规则标为不确定
R8007_M8010,R8007_M8010_seg0020,529.950,563.010,N_SPK8056,啊。,True,full,高重叠不确定,,,uncertainty,高重叠语音，内容或说话人归属不确定,,,多人同时说话，按项目规则标为不确定
R8007_M8010,R8007_M8010_seg0020,529.950,563.010,N_SPK8054,对，只要看场地完装修也也给个提议也给个建议了吗？不是。,True,full,高重叠不确定,,,uncertainty,高重叠语音，内容或说话人归属不确定,,,多人同时说话，按项目规则标为不确定
R8007_M8010,R8007_M8010_seg0020,529.950,563.010,N_SPK8056,可以可以，它它应该到时候到那个到一个地方应该是毛坯的都是新的，然后我们找也主要是找这种地方啊。,True,full,高重叠不确定,,,uncertainty,高重叠语音，内容或说话人归属不确定,,,多人同时说话，按项目规则标为不确定
R8007_M8010,R8007_M8010_seg0020,529.950,563.010,N_SPK8050,对对对啊。,True,full,高重叠不确定,,,uncertainty,高重叠语音，内容或说话人归属不确定,,,多人同时说话，按项目规则标为不确定
R8007_M8010,R8007_M8010_seg0020,529.950,563.010,N_SPK8054,咱们就刮一下仿瓷就可以了，刮一仿瓷好就可以了，还能节，节约点，完了，另外吧，瞅着干净利索大方，瞅着大气一些，公司嘛必须说温馨，干净。,True,full,高重叠不确定,,,uncertainty,高重叠语音，内容或说话人归属不确定,,,多人同时说话，按项目规则标为不确定
R8007_M8010,R8007_M8010_seg0020,529.950,563.010,N_SPK8055,啊装。,True,full,高重叠不确定,,,uncertainty,高重叠语音，内容或说话人归属不确定,,,多人同时说话，按项目规则标为不确定
R8007_M8010,R8007_M8010_seg0020,529.950,563.010,N_SPK8050,刮一下仿啊刮一下仿瓷就行。,True,full,高重叠不确定,,,uncertainty,高重叠语音，内容或说话人归属不确定,,,多人同时说话，按项目规则标为不确定
R8007_M8010,R8007_M8010_seg0020,529.950,563.010,N_SPK8050,嗯。,True,full,高重叠不确定,,,uncertainty,高重叠语音，内容或说话人归属不确定,,,多人同时说话，按项目规则标为不确定
R8007_M8010,R8007_M8010_seg0020,529.950,563.010,N_SPK8056,啊。,True,full,高重叠不确定,,,uncertainty,高重叠语音，内容或说话人归属不确定,,,多人同时说话，按项目规则标为不确定
R8007_M8010,R8007_M8010_seg0020,529.950,563.010,N_SPK8050,嗯。,True,full,高重叠不确定,,,uncertainty,高重叠语音，内容或说话人归属不确定,,,多人同时说话，按项目规则标为不确定
R8007_M8010,R8007_M8010_seg0020,529.950,563.010,N_SPK8056,可以。,True,full,高重叠不确定,,,uncertainty,高重叠语音，内容或说话人归属不确定,,,多人同时说话，按项目规则标为不确定
R8007_M8010,R8007_M8010_seg0020,529.950,563.010,N_SPK8050,对。,True,full,高重叠不确定,,,uncertainty,高重叠语音，内容或说话人归属不确定,,,多人同时说话，按项目规则标为不确定
R8007_M8010,R8007_M8010_seg0020,529.950,563.010,N_SPK8055,装修。,True,full,高重叠不确定,,,uncertainty,高重叠语音，内容或说话人归属不确定,,,多人同时说话，按项目规则标为不确定
R8007_M8010,R8007_M8010_seg0020,529.950,563.010,N_SPK8050,干净，嗯。,True,full,高重叠不确定,,,uncertainty,高重叠语音，内容或说话人归属不确定,,,多人同时说话，按项目规则标为不确定
R8007_M8010,R8007_M8010_seg0021,563.180,605.590,N_SPK8056,那我们。,True,full,高重叠不确定,,,uncertainty,高重叠语音，内容或说话人归属不确定,,,多人同时说话，按项目规则标为不确定
R8007_M8010,R8007_M8010_seg0021,563.180,605.590,N_SPK8054,瞅着工，员工就说的工作吧，也也有上进心，瞅着，舒服，嗯。,True,full,高重叠不确定,,,uncertainty,高重叠语音，内容或说话人归属不确定,,,多人同时说话，按项目规则标为不确定
R8007_M8010,R8007_M8010_seg0021,563.180,605.590,N_SPK8055,嗯。,True,full,高重叠不确定,,,uncertainty,高重叠语音，内容或说话人归属不确定,,,多人同时说话，按项目规则标为不确定
R8007_M8010,R8007_M8010_seg0021,563.180,605.590,N_SPK8056,啊。,True,full,高重叠不确定,,,uncertainty,高重叠语音，内容或说话人归属不确定,,,多人同时说话，按项目规则标为不确定
R8007_M8010,R8007_M8010_seg0021,563.180,605.590,N_SPK8055,行吧，那那也可以嗯。,True,full,高重叠不确定,,,uncertainty,高重叠语音，内容或说话人归属不确定,,,多人同时说话，按项目规则标为不确定
R8007_M8010,R8007_M8010_seg0021,563.180,605.590,N_SPK8056,您您这个想法挺好就是说，那我们就是大概的话大概的话就是这个十一月的月底，我们这个地方要到期了，然后到时候。,True,full,高重叠不确定,,,uncertainty,高重叠语音，内容或说话人归属不确定,,,多人同时说话，按项目规则标为不确定
R8007_M8010,R8007_M8010_seg0021,563.180,605.590,N_SPK8050,装修。,True,full,高重叠不确定,,,uncertainty,高重叠语音，内容或说话人归属不确定,,,多人同时说话，按项目规则标为不确定
R8007_M8010,R8007_M8010_seg0021,563.180,605.590,N_SPK8054,嗯。,True,full,高重叠不确定,,,uncertainty,高重叠语音，内容或说话人归属不确定,,,多人同时说话，按项目规则标为不确定
R8007_M8010,R8007_M8010_seg0021,563.180,605.590,N_SPK8050,对。,True,full,高重叠不确定,,,uncertainty,高重叠语音，内容或说话人归属不确定,,,多人同时说话，按项目规则标为不确定
R8007_M8010,R8007_M8010_seg0021,563.180,605.590,N_SPK8054,到期，那咱们就是抓，抓紧去抓紧去。,True,full,高重叠不确定,,,uncertainty,高重叠语音，内容或说话人归属不确定,,,多人同时说话，按项目规则标为不确定
R8007_M8010,R8007_M8010_seg0021,563.180,605.590,N_SPK8055,嗯。,True,full,高重叠不确定,,,uncertainty,高重叠语音，内容或说话人归属不确定,,,多人同时说话，按项目规则标为不确定
R8007_M8010,R8007_M8010_seg0021,563.180,605.590,N_SPK8056,嗯嗯各部门儿啊。,True,full,高重叠不确定,,,uncertainty,高重叠语音，内容或说话人归属不确定,,,多人同时说话，按项目规则标为不确定
R8007_M8010,R8007_M8010_seg0021,563.180,605.590,N_SPK8055,什么时候开始收拾东西呀那。,True,full,高重叠不确定,,,uncertainty,高重叠语音，内容或说话人归属不确定,,,多人同时说话，按项目规则标为不确定
R8007_M8010,R8007_M8010_seg0021,563.180,605.590,N_SPK8050,什么时候可以收拾东西？,True,full,高重叠不确定,,,uncertainty,高重叠语音，内容或说话人归属不确定,,,多人同时说话，按项目规则标为不确定
R8007_M8010,R8007_M8010_seg0021,563.180,605.590,N_SPK8056,我觉得我觉得再过两个星期吧，然后大家可以先规划一下就是各部门儿。,True,full,高重叠不确定,,,uncertainty,高重叠语音，内容或说话人归属不确定,,,多人同时说话，按项目规则标为不确定
R8007_M8010,R8007_M8010_seg0021,563.180,605.590,N_SPK8054,嗯。,True,full,高重叠不确定,,,uncertainty,高重叠语音，内容或说话人归属不确定,,,多人同时说话，按项目规则标为不确定
R8007_M8010,R8007_M8010_seg0021,563.180,605.590,N_SPK8055,对，主要这这主要是就是定好哪天搬，最重要，就是定好哪天搬我们就往前推日子，什么时候收拾东西。,True,full,高重叠不确定,,,uncertainty,高重叠语音，内容或说话人归属不确定,,,多人同时说话，按项目规则标为不确定
R8007_M8010,R8007_M8010_seg0021,563.180,605.590,N_SPK8054,那就抓紧去找人去看房子，对。,True,full,高重叠不确定,,,uncertainty,高重叠语音，内容或说话人归属不确定,,,多人同时说话，按项目规则标为不确定
R8007_M8010,R8007_M8010_seg0021,563.180,605.590,N_SPK8056,呃。,True,full,高重叠不确定,,,uncertainty,高重叠语音，内容或说话人归属不确定,,,多人同时说话，按项目规则标为不确定
R8007_M8010,R8007_M8010_seg0021,563.180,605.590,N_SPK8056,啊。,True,full,高重叠不确定,,,uncertainty,高重叠语音，内容或说话人归属不确定,,,多人同时说话，按项目规则标为不确定
R8007_M8010,R8007_M8010_seg0021,563.180,605.590,N_SPK8050,对。,True,full,高重叠不确定,,,uncertainty,高重叠语音，内容或说话人归属不确定,,,多人同时说话，按项目规则标为不确定
R8007_M8010,R8007_M8010_seg0021,563.180,605.590,N_SPK8056,嗯。,True,full,高重叠不确定,,,uncertainty,高重叠语音，内容或说话人归属不确定,,,多人同时说话，按项目规则标为不确定
R8007_M8010,R8007_M8010_seg0021,563.180,605.590,N_SPK8054,但前提得把房子看好房，房看好的话，装修完之后咱们说搬家一鼓作气就走了，因为有搬家公司，嗯。必须得毛坯房不得抓紧装修吗？嗯。,True,full,高重叠不确定,,,uncertainty,高重叠语音，内容或说话人归属不确定,,,多人同时说话，按项目规则标为不确定
R8007_M8010,R8007_M8010_seg0021,563.180,605.590,N_SPK8056,就是。,True,full,高重叠不确定,,,uncertainty,高重叠语音，内容或说话人归属不确定,,,多人同时说话，按项目规则标为不确定
R8007_M8010,R8007_M8010_seg0021,563.180,605.590,N_SPK8055,嗯。,True,full,高重叠不确定,,,uncertainty,高重叠语音，内容或说话人归属不确定,,,多人同时说话，按项目规则标为不确定
R8007_M8010,R8007_M8010_seg0021,563.180,605.590,N_SPK8050,房子租好了这。,True,full,高重叠不确定,,,uncertainty,高重叠语音，内容或说话人归属不确定,,,多人同时说话，按项目规则标为不确定
R8007_M8010,R8007_M8010_seg0021,563.180,605.590,N_SPK8056,房子。,True,full,高重叠不确定,,,uncertainty,高重叠语音，内容或说话人归属不确定,,,多人同时说话，按项目规则标为不确定
R8007_M8010,R8007_M8010_seg0021,563.180,605.590,N_SPK8050,办公。,True,full,高重叠不确定,,,uncertainty,高重叠语音，内容或说话人归属不确定,,,多人同时说话，按项目规则标为不确定
R8007_M8010,R8007_M8010_seg0021,563.180,605.590,N_SPK8056,啊就是现在咱们说一个就是另外一个事情，就是说就是关于搬家这个事儿啊。,True,full,高重叠不确定,,,uncertainty,高重叠语音，内容或说话人归属不确定,,,多人同时说话，按项目规则标为不确定
R8007_M8010,R8007_M8010_seg0021,563.180,605.590,N_SPK8055,房子是这两天就能定了，这两天嗯这两天就能定嗯。,True,full,高重叠不确定,,,uncertainty,高重叠语音，内容或说话人归属不确定,,,多人同时说话，按项目规则标为不确定
R8007_M8010,R8007_M8010_seg0021,563.180,605.590,N_SPK8050,时搬过去的时间。,True,full,高重叠不确定,,,uncertainty,高重叠语音，内容或说话人归属不确定,,,多人同时说话，按项目规则标为不确定
R8007_M8010,R8007_M8010_seg0022,605.910,614.000,N_SPK8056,它一个最重要一个事儿就是说，你们要统计各部门儿有多少东西，然后呢然后统计自己大概要多少天，不知道你们大概多少天能把它归置完这个事儿。,True,partial,高重叠不确定,,,uncertainty,高重叠语音，内容或说话人归属不确定,,,多人同时说话，按项目规则标为不确定
R8007_M8010,R8007_M8010_seg0022,605.910,614.000,N_SPK8055,嗯。,True,partial,高重叠不确定,,,uncertainty,高重叠语音，内容或说话人归属不确定,,,多人同时说话，按项目规则标为不确定
R8007_M8010,R8007_M8010_seg0022,605.910,614.000,N_SPK8054,呃。,True,partial,高重叠不确定,,,uncertainty,高重叠语音，内容或说话人归属不确定,,,多人同时说话，按项目规则标为不确定
R8007_M8010,R8007_M8010_seg0023,614.340,674.850,N_SPK8055,我估计有个两三天两三天差不多了，嗯咱们咱们东西也不算特别多啊。,True,full,高重叠不确定,,,uncertainty,高重叠语音，内容或说话人归属不确定,,,多人同时说话，按项目规则标为不确定
R8007_M8010,R8007_M8010_seg0023,614.340,674.850,N_SPK8050,又也就两三天差不多儿了嗯，嗯有两三天嗯。,True,full,高重叠不确定,,,uncertainty,高重叠语音，内容或说话人归属不确定,,,多人同时说话，按项目规则标为不确定
R8007_M8010,R8007_M8010_seg0023,614.340,674.850,N_SPK8054,有有两三天就完事儿了，这个应该是没啥问题，完了搬家公司来了，直接上车你讲话一鼓作气，不就过去了吗？这个就是挺方便，嗯。,True,full,高重叠不确定,,,uncertainty,高重叠语音，内容或说话人归属不确定,,,多人同时说话，按项目规则标为不确定
R8007_M8010,R8007_M8010_seg0023,614.340,674.850,N_SPK8056,两三天就差不多。,True,full,高重叠不确定,,,uncertainty,高重叠语音，内容或说话人归属不确定,,,多人同时说话，按项目规则标为不确定
R8007_M8010,R8007_M8010_seg0023,614.340,674.850,N_SPK8056,那行。,True,full,高重叠不确定,,,uncertainty,高重叠语音，内容或说话人归属不确定,,,多人同时说话，按项目规则标为不确定
R8007_M8010,R8007_M8010_seg0023,614.340,674.850,N_SPK8050,啊。,True,full,高重叠不确定,,,uncertainty,高重叠语音，内容或说话人归属不确定,,,多人同时说话，按项目规则标为不确定
R8007_M8010,R8007_M8010_seg0023,614.340,674.850,N_SPK8056,到时候二十号左右的话我们会搬，就是大家可以先规划一下，然后。,True,full,高重叠不确定,,,uncertainty,高重叠语音，内容或说话人归属不确定,,,多人同时说话，按项目规则标为不确定
R8007_M8010,R8007_M8010_seg0023,614.340,674.850,N_SPK8055,嗯。,True,full,高重叠不确定,,,uncertainty,高重叠语音，内容或说话人归属不确定,,,多人同时说话，按项目规则标为不确定
R8007_M8010,R8007_M8010_seg0023,614.340,674.850,N_SPK8054,对，完事儿之前咱们指定得把那边儿先装修好了，到那嘎达一安排不就完事了吗？,True,full,高重叠不确定,,,uncertainty,高重叠语音，内容或说话人归属不确定,,,多人同时说话，按项目规则标为不确定
R8007_M8010,R8007_M8010_seg0023,614.340,674.850,N_SPK8050,对，规划好了嗯怎怎么搬？有没有。,True,full,高重叠不确定,,,uncertainty,高重叠语音，内容或说话人归属不确定,,,多人同时说话，按项目规则标为不确定
R8007_M8010,R8007_M8010_seg0023,614.340,674.850,N_SPK8055,我觉得这个呃可能有个两天两三天应该能搬完了吧，是吧。,True,full,高重叠不确定,,,uncertainty,高重叠语音，内容或说话人归属不确定,,,多人同时说话，按项目规则标为不确定
R8007_M8010,R8007_M8010_seg0023,614.340,674.850,N_SPK8056,啊。,True,full,高重叠不确定,,,uncertainty,高重叠语音，内容或说话人归属不确定,,,多人同时说话，按项目规则标为不确定
R8007_M8010,R8007_M8010_seg0023,614.340,674.850,N_SPK8056,呃那。,True,full,高重叠不确定,,,uncertainty,高重叠语音，内容或说话人归属不确定,,,多人同时说话，按项目规则标为不确定
R8007_M8010,R8007_M8010_seg0023,614.340,674.850,N_SPK8054,嗯。,True,full,高重叠不确定,,,uncertainty,高重叠语音，内容或说话人归属不确定,,,多人同时说话，按项目规则标为不确定
R8007_M8010,R8007_M8010_seg0023,614.340,674.850,N_SPK8056,那你们各位就是谁。,True,full,高重叠不确定,,,uncertainty,高重叠语音，内容或说话人归属不确定,,,多人同时说话，按项目规则标为不确定
R8007_M8010,R8007_M8010_seg0023,614.340,674.850,N_SPK8050,呃有没有大件儿了小件儿啥的是吧？嗯。,True,full,高重叠不确定,,,uncertainty,高重叠语音，内容或说话人归属不确定,,,多人同时说话，按项目规则标为不确定
R8007_M8010,R8007_M8010_seg0023,614.340,674.850,N_SPK8054,装修是。,True,full,高重叠不确定,,,uncertainty,高重叠语音，内容或说话人归属不确定,,,多人同时说话，按项目规则标为不确定
R8007_M8010,R8007_M8010_seg0023,614.340,674.850,N_SPK8056,啊你们几位到时候谁去联系一下？到时候哪个搬家公司呀还有。,True,full,高重叠不确定,,,uncertainty,高重叠语音，内容或说话人归属不确定,,,多人同时说话，按项目规则标为不确定
R8007_M8010,R8007_M8010_seg0023,614.340,674.850,N_SPK8054,房子安排好了，这样就走了。,True,full,高重叠不确定,,,uncertainty,高重叠语音，内容或说话人归属不确定,,,多人同时说话，按项目规则标为不确定
R8007_M8010,R8007_M8010_seg0023,614.340,674.850,N_SPK8055,嗯，我去吧我去吧，我来落实这个吧，嗯嗯，因为我是就是上次我们家搬家也是用的那个一个搬家公司，我觉得还挺好的嗯。,True,full,高重叠不确定,,,uncertainty,高重叠语音，内容或说话人归属不确定,,,多人同时说话，按项目规则标为不确定
R8007_M8010,R8007_M8010_seg0023,614.340,674.850,N_SPK8054,嗯嗯。,True,full,高重叠不确定,,,uncertainty,高重叠语音，内容或说话人归属不确定,,,多人同时说话，按项目规则标为不确定
R8007_M8010,R8007_M8010_seg0023,614.340,674.850,N_SPK8050,嗯嗯。,True,full,高重叠不确定,,,uncertainty,高重叠语音，内容或说话人归属不确定,,,多人同时说话，按项目规则标为不确定
R8007_M8010,R8007_M8010_seg0023,614.340,674.850,N_SPK8056,啊可以到时候，等看一看哪，哈。,True,full,高重叠不确定,,,uncertainty,高重叠语音，内容或说话人归属不确定,,,多人同时说话，按项目规则标为不确定
R8007_M8010,R8007_M8010_seg0023,614.340,674.850,N_SPK8054,行行，行，可。,True,full,高重叠不确定,,,uncertainty,高重叠语音，内容或说话人归属不确定,,,多人同时说话，按项目规则标为不确定
R8007_M8010,R8007_M8010_seg0023,614.340,674.850,N_SPK8050,具体嗯。,True,full,高重叠不确定,,,uncertainty,高重叠语音，内容或说话人归属不确定,,,多人同时说话，按项目规则标为不确定
R8007_M8010,R8007_M8010_seg0023,614.340,674.850,N_SPK8054,嗯。,True,full,高重叠不确定,,,uncertainty,高重叠语音，内容或说话人归属不确定,,,多人同时说话，按项目规则标为不确定
R8007_M8010,R8007_M8010_seg0023,614.340,674.850,N_SPK8050,这嗯。,True,full,高重叠不确定,,,uncertainty,高重叠语音，内容或说话人归属不确定,,,多人同时说话，按项目规则标为不确定
R8007_M8010,R8007_M8010_seg0023,614.340,674.850,N_SPK8056,行那就看一下到时候哪个公司比较优惠啊，然后到时候可以去做做一个预算因为。,True,full,高重叠不确定,,,uncertainty,高重叠语音，内容或说话人归属不确定,,,多人同时说话，按项目规则标为不确定
R8007_M8010,R8007_M8010_seg0023,614.340,674.850,N_SPK8055,对对对。,True,full,高重叠不确定,,,uncertainty,高重叠语音，内容或说话人归属不确定,,,多人同时说话，按项目规则标为不确定
R8007_M8010,R8007_M8010_seg0023,614.340,674.850,N_SPK8054,对，完还得，还得说，车大点儿拉的东西多点儿，别比一趟两趟整不过去的那种，啊，咱们最好是一趟能拉过去，完了，就就省心一点，省心一些了吗？嗯。,True,full,高重叠不确定,,,uncertainty,高重叠语音，内容或说话人归属不确定,,,多人同时说话，按项目规则标为不确定
R8007_M8010,R8007_M8010_seg0023,614.340,674.850,N_SPK8055,嗯。,True,full,高重叠不确定,,,uncertainty,高重叠语音，内容或说话人归属不确定,,,多人同时说话，按项目规则标为不确定
R8007_M8010,R8007_M8010_seg0023,614.340,674.850,N_SPK8050,嗯。,True,full,高重叠不确定,,,uncertainty,高重叠语音，内容或说话人归属不确定,,,多人同时说话，按项目规则标为不确定
R8007_M8010,R8007_M8010_seg0023,614.340,674.850,N_SPK8050,货拉拉。,True,full,高重叠不确定,,,uncertainty,高重叠语音，内容或说话人归属不确定,,,多人同时说话，按项目规则标为不确定
R8007_M8010,R8007_M8010_seg0023,614.340,674.850,N_SPK8055,咱们啊，我估计咱们这个三个车，三个三个三个大车可能差不多，嗯三个大车。,True,full,高重叠不确定,,,uncertainty,高重叠语音，内容或说话人归属不确定,,,多人同时说话，按项目规则标为不确定
R8007_M8010,R8007_M8010_seg0023,614.340,674.850,N_SPK8056,啊。,True,full,高重叠不确定,,,uncertainty,高重叠语音，内容或说话人归属不确定,,,多人同时说话，按项目规则标为不确定
R8007_M8010,R8007_M8010_seg0023,614.340,674.850,N_SPK8050,嗯得得三天。,True,full,高重叠不确定,,,uncertainty,高重叠语音，内容或说话人归属不确定,,,多人同时说话，按项目规则标为不确定
R8007_M8010,R8007_M8010_seg0023,614.340,674.850,N_SPK8056,那那这个这个事儿就交就就完完全，完全由您负责，嗯到时候跟那个预算部门再报一下，然后。,True,full,高重叠不确定,,,uncertainty,高重叠语音，内容或说话人归属不确定,,,多人同时说话，按项目规则标为不确定
R8007_M8010,R8007_M8010_seg0023,614.340,674.850,N_SPK8055,啊可以可以。,True,full,高重叠不确定,,,uncertainty,高重叠语音，内容或说话人归属不确定,,,多人同时说话，按项目规则标为不确定
R8007_M8010,R8007_M8010_seg0023,614.340,674.850,N_SPK8050,嗯。,True,full,高重叠不确定,,,uncertainty,高重叠语音，内容或说话人归属不确定,,,多人同时说话，按项目规则标为不确定
R8007_M8010,R8007_M8010_seg0023,614.340,674.850,N_SPK8055,行吧，我到时候出一个预算吧嗯。,True,full,高重叠不确定,,,uncertainty,高重叠语音，内容或说话人归属不确定,,,多人同时说话，按项目规则标为不确定
R8007_M8010,R8007_M8010_seg0023,614.340,674.850,N_SPK8054,是。,True,full,高重叠不确定,,,uncertainty,高重叠语音，内容或说话人归属不确定,,,多人同时说话，按项目规则标为不确定
R8007_M8010,R8007_M8010_seg0023,614.340,674.850,N_SPK8056,对啊我们这个。,True,full,高重叠不确定,,,uncertainty,高重叠语音，内容或说话人归属不确定,,,多人同时说话，按项目规则标为不确定
R8007_M8010,R8007_M8010_seg0023,614.340,674.850,N_SPK8050,预算。,True,full,高重叠不确定,,,uncertainty,高重叠语音，内容或说话人归属不确定,,,多人同时说话，按项目规则标为不确定
R8007_M8010,R8007_M8010_seg0023,614.340,674.850,N_SPK8054,这是必须得有预算的。,True,full,高重叠不确定,,,uncertainty,高重叠语音，内容或说话人归属不确定,,,多人同时说话，按项目规则标为不确定
R8007_M8010,R8007_M8010_seg0023,614.340,674.850,N_SPK8050,必须有预算。,True,full,高重叠不确定,,,uncertainty,高重叠语音，内容或说话人归属不确定,,,多人同时说话，按项目规则标为不确定
R8007_M8010,R8007_M8010_seg0024,675.360,686.860,N_SPK8054,你那个，时间那边装修好了之后，通知我们，我们这嘎达是提前打提前那样。把这东西都弄好，这不就是，直接到时候就可以搬了嘛？不能说是。,True,partial,高重叠不确定,,,uncertainty,高重叠语音，内容或说话人归属不确定,,,多人同时说话，按项目规则标为不确定
R8007_M8010,R8007_M8010_seg0024,675.360,686.860,N_SPK8055,嗯。,True,partial,高重叠不确定,,,uncertainty,高重叠语音，内容或说话人归属不确定,,,多人同时说话，按项目规则标为不确定
R8007_M8010,R8007_M8010_seg0024,675.360,686.860,N_SPK8056,啊。,True,partial,高重叠不确定,,,uncertainty,高重叠语音，内容或说话人归属不确定,,,多人同时说话，按项目规则标为不确定
R8007_M8010,R8007_M8010_seg0024,675.360,686.860,N_SPK8055,唉。,True,partial,高重叠不确定,,,uncertainty,高重叠语音，内容或说话人归属不确定,,,多人同时说话，按项目规则标为不确定
R8007_M8010,R8007_M8010_seg0024,675.360,686.860,N_SPK8050,对。,True,partial,高重叠不确定,,,uncertainty,高重叠语音，内容或说话人归属不确定,,,多人同时说话，按项目规则标为不确定
R8007_M8010,R8007_M8010_seg0024,675.360,686.860,N_SPK8056,啊。,True,partial,高重叠不确定,,,uncertainty,高重叠语音，内容或说话人归属不确定,,,多人同时说话，按项目规则标为不确定
R8007_M8010,R8007_M8010_seg0025,687.180,738.760,N_SPK8054,你那边整完了，这边不告诉我们，我们你说，除非那傻等了，你们那边完事，对吗？直接告诉我说明天或者后天完事儿了，咱们就是这面一收拾，咱们就可以走了。,True,full,高重叠不确定,,,uncertainty,高重叠语音，内容或说话人归属不确定,,,多人同时说话，按项目规则标为不确定
R8007_M8010,R8007_M8010_seg0025,687.180,738.760,N_SPK8055,但是我们部门这边儿呃可能没那么快人太多了，我们部门我们部门，七七八个还有在外头出差的没回来的呢。,True,full,高重叠不确定,,,uncertainty,高重叠语音，内容或说话人归属不确定,,,多人同时说话，按项目规则标为不确定
R8007_M8010,R8007_M8010_seg0025,687.180,738.760,N_SPK8050,嗯。,True,full,高重叠不确定,,,uncertainty,高重叠语音，内容或说话人归属不确定,,,多人同时说话，按项目规则标为不确定
R8007_M8010,R8007_M8010_seg0025,687.180,738.760,N_SPK8056,你们。,True,full,高重叠不确定,,,uncertainty,高重叠语音，内容或说话人归属不确定,,,多人同时说话，按项目规则标为不确定
R8007_M8010,R8007_M8010_seg0025,687.180,738.760,N_SPK8054,你。,True,full,高重叠不确定,,,uncertainty,高重叠语音，内容或说话人归属不确定,,,多人同时说话，按项目规则标为不确定
R8007_M8010,R8007_M8010_seg0025,687.180,738.760,N_SPK8054,人太多了，咋说呢？自己收拾自己的不就完事儿了吗？,True,full,高重叠不确定,,,uncertainty,高重叠语音，内容或说话人归属不确定,,,多人同时说话，按项目规则标为不确定
R8007_M8010,R8007_M8010_seg0025,687.180,738.760,N_SPK8056,你们那边儿现在有大概。,True,full,高重叠不确定,,,uncertainty,高重叠语音，内容或说话人归属不确定,,,多人同时说话，按项目规则标为不确定
R8007_M8010,R8007_M8010_seg0025,687.180,738.760,N_SPK8050,有部门我有我的部门儿挺快，我部门快，我部门东西少，那有部门东西多。,True,full,高重叠不确定,,,uncertainty,高重叠语音，内容或说话人归属不确定,,,多人同时说话，按项目规则标为不确定
R8007_M8010,R8007_M8010_seg0025,687.180,738.760,N_SPK8056,哦对那他们。,True,full,高重叠不确定,,,uncertainty,高重叠语音，内容或说话人归属不确定,,,多人同时说话，按项目规则标为不确定
R8007_M8010,R8007_M8010_seg0025,687.180,738.760,N_SPK8054,哦。,True,full,高重叠不确定,,,uncertainty,高重叠语音，内容或说话人归属不确定,,,多人同时说话，按项目规则标为不确定
R8007_M8010,R8007_M8010_seg0025,687.180,738.760,N_SPK8055,我们我们现在七八个人现在就剩两三个人在这儿，那那东西还挺多。,True,full,高重叠不确定,,,uncertainty,高重叠语音，内容或说话人归属不确定,,,多人同时说话，按项目规则标为不确定
R8007_M8010,R8007_M8010_seg0025,687.180,738.760,N_SPK8054,嗯。,True,full,高重叠不确定,,,uncertainty,高重叠语音，内容或说话人归属不确定,,,多人同时说话，按项目规则标为不确定
R8007_M8010,R8007_M8010_seg0025,687.180,738.760,N_SPK8050,嗯。,True,full,高重叠不确定,,,uncertainty,高重叠语音，内容或说话人归属不确定,,,多人同时说话，按项目规则标为不确定
R8007_M8010,R8007_M8010_seg0025,687.180,738.760,N_SPK8056,嘶，那那这这个出差的话这个是一个问题，那就是你们那边儿出差的话，跑外勤大概多长时间能回来？,True,full,高重叠不确定,,,uncertainty,高重叠语音，内容或说话人归属不确定,,,多人同时说话，按项目规则标为不确定
R8007_M8010,R8007_M8010_seg0025,687.180,738.760,N_SPK8050,啊我。,True,full,高重叠不确定,,,uncertainty,高重叠语音，内容或说话人归属不确定,,,多人同时说话，按项目规则标为不确定
R8007_M8010,R8007_M8010_seg0025,687.180,738.760,N_SPK8054,呃的话，那就得，大伙儿大伙儿帮弄吧，那怎么办呢？要不然？呃。,True,full,高重叠不确定,,,uncertainty,高重叠语音，内容或说话人归属不确定,,,多人同时说话，按项目规则标为不确定
R8007_M8010,R8007_M8010_seg0025,687.180,738.760,N_SPK8055,那怎么办啊。,True,full,高重叠不确定,,,uncertainty,高重叠语音，内容或说话人归属不确定,,,多人同时说话，按项目规则标为不确定
R8007_M8010,R8007_M8010_seg0025,687.180,738.760,N_SPK8050,大伙帮助帮助呗，嗯帮助你们搬。,True,full,高重叠不确定,,,uncertainty,高重叠语音，内容或说话人归属不确定,,,多人同时说话，按项目规则标为不确定
R8007_M8010,R8007_M8010_seg0025,687.180,738.760,N_SPK8055,他们反正有的肯定这几天都回不来，那还得帮他们收拾东西，啊。,True,full,高重叠不确定,,,uncertainty,高重叠语音，内容或说话人归属不确定,,,多人同时说话，按项目规则标为不确定
R8007_M8010,R8007_M8010_seg0025,687.180,738.760,N_SPK8050,呃。,True,full,高重叠不确定,,,uncertainty,高重叠语音，内容或说话人归属不确定,,,多人同时说话，按项目规则标为不确定
R8007_M8010,R8007_M8010_seg0025,687.180,738.760,N_SPK8054,呃，看看东西就得帮着收拾一下呗，嗯。完了把它那个，给他打包一下，那不就，好好弄弄。,True,full,高重叠不确定,,,uncertainty,高重叠语音，内容或说话人归属不确定,,,多人同时说话，按项目规则标为不确定
R8007_M8010,R8007_M8010_seg0025,687.180,738.760,N_SPK8050,对，你们部门人呃东西多，我其它部门可以协助你去搬家啊。,True,full,高重叠不确定,,,uncertainty,高重叠语音，内容或说话人归属不确定,,,多人同时说话，按项目规则标为不确定
R8007_M8010,R8007_M8010_seg0025,687.180,738.760,N_SPK8055,或者我们就这样分一下就是呃像文件类的，然后资料柜呀什么的是谁谁来负责盯这一块儿打包，然后呢像那个电脑电器。,True,full,高重叠不确定,,,uncertainty,高重叠语音，内容或说话人归属不确定,,,多人同时说话，按项目规则标为不确定
R8007_M8010,R8007_M8010_seg0025,687.180,738.760,N_SPK8056,啊。,True,full,高重叠不确定,,,uncertainty,高重叠语音，内容或说话人归属不确定,,,多人同时说话，按项目规则标为不确定
R8007_M8010,R8007_M8010_seg0025,687.180,738.760,N_SPK8056,文件资料。,True,full,高重叠不确定,,,uncertainty,高重叠语音，内容或说话人归属不确定,,,多人同时说话，按项目规则标为不确定
R8007_M8010,R8007_M8010_seg0025,687.180,738.760,N_SPK8054,对对，把这个，打包完了。搬还得劲，必须搬。,True,full,高重叠不确定,,,uncertainty,高重叠语音，内容或说话人归属不确定,,,多人同时说话，按项目规则标为不确定
R8007_M8010,R8007_M8010_seg0025,687.180,738.760,N_SPK8050,没事儿，那就呃由我由我们来帮助你。,True,full,高重叠不确定,,,uncertainty,高重叠语音，内容或说话人归属不确定,,,多人同时说话，按项目规则标为不确定
R8007_M8010,R8007_M8010_seg0025,687.180,738.760,N_SPK8056,因为这儿。,True,full,高重叠不确定,,,uncertainty,高重叠语音，内容或说话人归属不确定,,,多人同时说话，按项目规则标为不确定
R8007_M8010,R8007_M8010_seg0026,738.940,743.570,N_SPK8055,然后还有那个桌椅再找一个人，桌椅估计的这一个人不够。,True,full,高重叠不确定,,,uncertainty,高重叠语音，内容或说话人归属不确定,,,多人同时说话，按项目规则标为不确定
R8007_M8010,R8007_M8010_seg0026,738.940,743.570,N_SPK8054,我们这边人多少的就可以去。,True,full,高重叠不确定,,,uncertainty,高重叠语音，内容或说话人归属不确定,,,多人同时说话，按项目规则标为不确定
R8007_M8010,R8007_M8010_seg0026,738.940,743.570,N_SPK8056,啊。,True,full,高重叠不确定,,,uncertainty,高重叠语音，内容或说话人归属不确定,,,多人同时说话，按项目规则标为不确定
R8007_M8010,R8007_M8010_seg0026,738.940,743.570,N_SPK8050,嗯嗯。,True,full,高重叠不确定,,,uncertainty,高重叠语音，内容或说话人归属不确定,,,多人同时说话，按项目规则标为不确定
R8007_M8010,R8007_M8010_seg0027,743.570,776.780,N_SPK8056,像这些事儿他就可以有档案的那些部门去管，然后。,True,full,高重叠不确定,,,uncertainty,高重叠语音，内容或说话人归属不确定,,,多人同时说话，按项目规则标为不确定
R8007_M8010,R8007_M8010_seg0027,743.570,776.780,N_SPK8050,对。,True,full,高重叠不确定,,,uncertainty,高重叠语音，内容或说话人归属不确定,,,多人同时说话，按项目规则标为不确定
R8007_M8010,R8007_M8010_seg0027,743.570,776.780,N_SPK8054,啊，当然，当然他有专人管，主要是桌椅或者咱们电脑什么的，不就是说提前可以拿过去啊，或者说得，专门儿一个车拉。,True,full,高重叠不确定,,,uncertainty,高重叠语音，内容或说话人归属不确定,,,多人同时说话，按项目规则标为不确定
R8007_M8010,R8007_M8010_seg0027,743.570,776.780,N_SPK8050,档案专人儿管。,True,full,高重叠不确定,,,uncertainty,高重叠语音，内容或说话人归属不确定,,,多人同时说话，按项目规则标为不确定
R8007_M8010,R8007_M8010_seg0027,743.570,776.780,N_SPK8056,是有专人管啊。,True,full,高重叠不确定,,,uncertainty,高重叠语音，内容或说话人归属不确定,,,多人同时说话，按项目规则标为不确定
R8007_M8010,R8007_M8010_seg0027,743.570,776.780,N_SPK8050,嗯。,True,full,高重叠不确定,,,uncertainty,高重叠语音，内容或说话人归属不确定,,,多人同时说话，按项目规则标为不确定
R8007_M8010,R8007_M8010_seg0027,743.570,776.780,N_SPK8055,像公司这些固定资产的东西，到时候也不能搬个家就丢了。,True,full,高重叠不确定,,,uncertainty,高重叠语音，内容或说话人归属不确定,,,多人同时说话，按项目规则标为不确定
R8007_M8010,R8007_M8010_seg0027,743.570,776.780,N_SPK8050,嗯。,True,full,高重叠不确定,,,uncertainty,高重叠语音，内容或说话人归属不确定,,,多人同时说话，按项目规则标为不确定
R8007_M8010,R8007_M8010_seg0027,743.570,776.780,N_SPK8054,嗯，啊。东西咱们必须得看住咱们自己的东西，不。,True,full,高重叠不确定,,,uncertainty,高重叠语音，内容或说话人归属不确定,,,多人同时说话，按项目规则标为不确定
R8007_M8010,R8007_M8010_seg0027,743.570,776.780,N_SPK8055,嗯。,True,full,高重叠不确定,,,uncertainty,高重叠语音，内容或说话人归属不确定,,,多人同时说话，按项目规则标为不确定
R8007_M8010,R8007_M8010_seg0027,743.570,776.780,N_SPK8056,嗯。,True,full,高重叠不确定,,,uncertainty,高重叠语音，内容或说话人归属不确定,,,多人同时说话，按项目规则标为不确定
R8007_M8010,R8007_M8010_seg0027,743.570,776.780,N_SPK8050,这都没事儿，咱各部门咱协调一下子就嗯。,True,full,高重叠不确定,,,uncertainty,高重叠语音，内容或说话人归属不确定,,,多人同时说话，按项目规则标为不确定
R8007_M8010,R8007_M8010_seg0027,743.570,776.780,N_SPK8054,呃，各部门看好各门的东西。,True,full,高重叠不确定,,,uncertainty,高重叠语音，内容或说话人归属不确定,,,多人同时说话，按项目规则标为不确定
R8007_M8010,R8007_M8010_seg0027,743.570,776.780,N_SPK8056,不是就是现在关于那个刚才说的那个时间的问题，就是大概在二十号左右搬的话，你觉得各个员员工的话大家有没有什么。,True,full,高重叠不确定,,,uncertainty,高重叠语音，内容或说话人归属不确定,,,多人同时说话，按项目规则标为不确定
R8007_M8010,R8007_M8010_seg0027,743.570,776.780,N_SPK8050,哎呦。,True,full,高重叠不确定,,,uncertainty,高重叠语音，内容或说话人归属不确定,,,多人同时说话，按项目规则标为不确定
R8007_M8010,R8007_M8010_seg0027,743.570,776.780,N_SPK8054,嗯。,True,full,高重叠不确定,,,uncertainty,高重叠语音，内容或说话人归属不确定,,,多人同时说话，按项目规则标为不确定
R8007_M8010,R8007_M8010_seg0027,743.570,776.780,N_SPK8054,差不多应该，应该没问题。,True,full,高重叠不确定,,,uncertainty,高重叠语音，内容或说话人归属不确定,,,多人同时说话，按项目规则标为不确定
R8007_M8010,R8007_M8010_seg0027,743.570,776.780,N_SPK8055,二十号往往后挪两天吧，富裕一点儿吧。,True,full,高重叠不确定,,,uncertainty,高重叠语音，内容或说话人归属不确定,,,多人同时说话，按项目规则标为不确定
R8007_M8010,R8007_M8010_seg0027,743.570,776.780,N_SPK8050,差不多差不多嗯。,True,full,高重叠不确定,,,uncertainty,高重叠语音，内容或说话人归属不确定,,,多人同时说话，按项目规则标为不确定
R8007_M8010,R8007_M8010_seg0027,743.570,776.780,N_SPK8054,嗯。,True,full,高重叠不确定,,,uncertainty,高重叠语音，内容或说话人归属不确定,,,多人同时说话，按项目规则标为不确定
R8007_M8010,R8007_M8010_seg0028,776.860,777.480,N_SPK8056,富裕点儿。,False,none,富裕点儿,,,speaker_stance,认为富裕点儿,,,
R8007_M8010,R8007_M8010_seg0029,777.700,787.190,N_SPK8055,再再挪挪几天吧。,True,full,高重叠不确定,,,uncertainty,高重叠语音，内容或说话人归属不确定,,,多人同时说话，按项目规则标为不确定
R8007_M8010,R8007_M8010_seg0029,777.700,787.190,N_SPK8054,他不是到那个月末吗？提前个四五天，嗯嗯嗯。哦到时候咱们还得就是说，搬过去都整完了，自己还得归拢自己的东西吗？,True,full,高重叠不确定,,,uncertainty,高重叠语音，内容或说话人归属不确定,,,多人同时说话，按项目规则标为不确定
R8007_M8010,R8007_M8010_seg0029,777.700,787.190,N_SPK8050,呃那个提提前个四五天儿就行。,True,full,高重叠不确定,,,uncertainty,高重叠语音，内容或说话人归属不确定,,,多人同时说话，按项目规则标为不确定
R8007_M8010,R8007_M8010_seg0029,777.700,787.190,N_SPK8056,行那就那就大概。,True,full,高重叠不确定,,,uncertainty,高重叠语音，内容或说话人归属不确定,,,多人同时说话，按项目规则标为不确定
R8007_M8010,R8007_M8010_seg0029,777.700,787.190,N_SPK8055,嗯。,True,full,高重叠不确定,,,uncertainty,高重叠语音，内容或说话人归属不确定,,,多人同时说话，按项目规则标为不确定
R8007_M8010,R8007_M8010_seg0029,777.700,787.190,N_SPK8055,二十三二十三四号。,True,full,高重叠不确定,,,uncertainty,高重叠语音，内容或说话人归属不确定,,,多人同时说话，按项目规则标为不确定
R8007_M8010,R8007_M8010_seg0030,787.200,824.730,N_SPK8056,因为因为咱们就是大概周一到周五都要营业嘛，就是可以看一下就是周六日的话大家有没有时间能来，到时候搬一下就是把这个事儿。,True,full,高重叠不确定,,,uncertainty,高重叠语音，内容或说话人归属不确定,,,多人同时说话，按项目规则标为不确定
R8007_M8010,R8007_M8010_seg0030,787.200,824.730,N_SPK8050,哦。,True,full,高重叠不确定,,,uncertainty,高重叠语音，内容或说话人归属不确定,,,多人同时说话，按项目规则标为不确定
R8007_M8010,R8007_M8010_seg0030,787.200,824.730,N_SPK8054,啊。,True,full,高重叠不确定,,,uncertainty,高重叠语音，内容或说话人归属不确定,,,多人同时说话，按项目规则标为不确定
R8007_M8010,R8007_M8010_seg0030,787.200,824.730,N_SPK8054,嗯对对对，可以可以可以，就是。,True,full,高重叠不确定,,,uncertainty,高重叠语音，内容或说话人归属不确定,,,多人同时说话，按项目规则标为不确定
R8007_M8010,R8007_M8010_seg0030,787.200,824.730,N_SPK8050,嗯有时间有时间嗯。,True,full,高重叠不确定,,,uncertainty,高重叠语音，内容或说话人归属不确定,,,多人同时说话，按项目规则标为不确定
R8007_M8010,R8007_M8010_seg0030,787.200,824.730,N_SPK8055,周六日，唉对还有那个那个大车啊，它进城是有限制的，它不是说想进来就进来的，咱们得规划好这个时间对。,True,full,高重叠不确定,,,uncertainty,高重叠语音，内容或说话人归属不确定,,,多人同时说话，按项目规则标为不确定
R8007_M8010,R8007_M8010_seg0030,787.200,824.730,N_SPK8050,啊嗯。,True,full,高重叠不确定,,,uncertainty,高重叠语音，内容或说话人归属不确定,,,多人同时说话，按项目规则标为不确定
R8007_M8010,R8007_M8010_seg0030,787.200,824.730,N_SPK8056,哦那就是说。,True,full,高重叠不确定,,,uncertainty,高重叠语音，内容或说话人归属不确定,,,多人同时说话，按项目规则标为不确定
R8007_M8010,R8007_M8010_seg0030,787.200,824.730,N_SPK8050,对，大车不让进嗯。,True,full,高重叠不确定,,,uncertainty,高重叠语音，内容或说话人归属不确定,,,多人同时说话，按项目规则标为不确定
R8007_M8010,R8007_M8010_seg0030,787.200,824.730,N_SPK8054,那就找一个那个能进的那种，呃完了，别太小了，就是封闭的那种。,True,full,高重叠不确定,,,uncertainty,高重叠语音，内容或说话人归属不确定,,,多人同时说话，按项目规则标为不确定
R8007_M8010,R8007_M8010_seg0030,787.200,824.730,N_SPK8050,嗯。,True,full,高重叠不确定,,,uncertainty,高重叠语音，内容或说话人归属不确定,,,多人同时说话，按项目规则标为不确定
R8007_M8010,R8007_M8010_seg0030,787.200,824.730,N_SPK8056,就那种搬家的那种货车是吧？,True,full,高重叠不确定,,,uncertainty,高重叠语音，内容或说话人归属不确定,,,多人同时说话，按项目规则标为不确定
R8007_M8010,R8007_M8010_seg0030,787.200,824.730,N_SPK8055,对他那大车他有的是要要什么呃早上几点钟之前，或者晚上几点钟之后，才能进城。,True,full,高重叠不确定,,,uncertainty,高重叠语音，内容或说话人归属不确定,,,多人同时说话，按项目规则标为不确定
R8007_M8010,R8007_M8010_seg0030,787.200,824.730,N_SPK8050,嗯。,True,full,高重叠不确定,,,uncertainty,高重叠语音，内容或说话人归属不确定,,,多人同时说话，按项目规则标为不确定
R8007_M8010,R8007_M8010_seg0030,787.200,824.730,N_SPK8050,不让进。,True,full,高重叠不确定,,,uncertainty,高重叠语音，内容或说话人归属不确定,,,多人同时说话，按项目规则标为不确定
R8007_M8010,R8007_M8010_seg0030,787.200,824.730,N_SPK8054,呃。,True,full,高重叠不确定,,,uncertainty,高重叠语音，内容或说话人归属不确定,,,多人同时说话，按项目规则标为不确定
R8007_M8010,R8007_M8010_seg0030,787.200,824.730,N_SPK8050,这。,True,full,高重叠不确定,,,uncertainty,高重叠语音，内容或说话人归属不确定,,,多人同时说话，按项目规则标为不确定
R8007_M8010,R8007_M8010_seg0030,787.200,824.730,N_SPK8050,对大车是晚上十点，嗯不让进嗯。,True,full,高重叠不确定,,,uncertainty,高重叠语音，内容或说话人归属不确定,,,多人同时说话，按项目规则标为不确定
R8007_M8010,R8007_M8010_seg0030,787.200,824.730,N_SPK8055,对这个别到时候咱们收拾好了在这等半天。,True,full,高重叠不确定,,,uncertainty,高重叠语音，内容或说话人归属不确定,,,多人同时说话，按项目规则标为不确定
R8007_M8010,R8007_M8010_seg0030,787.200,824.730,N_SPK8054,嗯。,True,full,高重叠不确定,,,uncertainty,高重叠语音，内容或说话人归属不确定,,,多人同时说话，按项目规则标为不确定
R8007_M8010,R8007_M8010_seg0030,787.200,824.730,N_SPK8056,那到时候。,True,full,高重叠不确定,,,uncertainty,高重叠语音，内容或说话人归属不确定,,,多人同时说话，按项目规则标为不确定
R8007_M8010,R8007_M8010_seg0030,787.200,824.730,N_SPK8054,其实搬家车还好，还好吧？这个你就提前，提前提前咱们问一下。,True,full,高重叠不确定,,,uncertainty,高重叠语音，内容或说话人归属不确定,,,多人同时说话，按项目规则标为不确定
R8007_M8010,R8007_M8010_seg0030,787.200,824.730,N_SPK8055,嗯不那进不了进不了不是车进不来呀，这交规交规管着呢。,True,full,高重叠不确定,,,uncertainty,高重叠语音，内容或说话人归属不确定,,,多人同时说话，按项目规则标为不确定
R8007_M8010,R8007_M8010_seg0031,825.130,890.170,N_SPK8054,哦，咱们，咱们这地方还可以，轻易，呃，咱们，咱们不就是研究到四五环。,True,full,高重叠不确定,,,uncertainty,高重叠语音，内容或说话人归属不确定,,,多人同时说话，按项目规则标为不确定
R8007_M8010,R8007_M8010_seg0031,825.130,890.170,N_SPK8055,对。,True,full,高重叠不确定,,,uncertainty,高重叠语音，内容或说话人归属不确定,,,多人同时说话，按项目规则标为不确定
R8007_M8010,R8007_M8010_seg0031,825.130,890.170,N_SPK8055,你只要是城里头大车进来就费劲。,True,full,高重叠不确定,,,uncertainty,高重叠语音，内容或说话人归属不确定,,,多人同时说话，按项目规则标为不确定
R8007_M8010,R8007_M8010_seg0031,825.130,890.170,N_SPK8056,那到时候。,True,full,高重叠不确定,,,uncertainty,高重叠语音，内容或说话人归属不确定,,,多人同时说话，按项目规则标为不确定
R8007_M8010,R8007_M8010_seg0031,825.130,890.170,N_SPK8050,大车用不着现在。,True,full,高重叠不确定,,,uncertainty,高重叠语音，内容或说话人归属不确定,,,多人同时说话，按项目规则标为不确定
R8007_M8010,R8007_M8010_seg0031,825.130,890.170,N_SPK8056,对现在现在啊，他他说这个是这个问题是应该是存在，就是说他白天可能不让进，到时候我们就应该规划白天把它就是都收好，然后收到一个箱子里面，然后呢到时候。,True,full,高重叠不确定,,,uncertainty,高重叠语音，内容或说话人归属不确定,,,多人同时说话，按项目规则标为不确定
R8007_M8010,R8007_M8010_seg0031,825.130,890.170,N_SPK8050,现在。,True,full,高重叠不确定,,,uncertainty,高重叠语音，内容或说话人归属不确定,,,多人同时说话，按项目规则标为不确定
R8007_M8010,R8007_M8010_seg0031,825.130,890.170,N_SPK8055,它。,True,full,高重叠不确定,,,uncertainty,高重叠语音，内容或说话人归属不确定,,,多人同时说话，按项目规则标为不确定
R8007_M8010,R8007_M8010_seg0031,825.130,890.170,N_SPK8054,嗯。,True,full,高重叠不确定,,,uncertainty,高重叠语音，内容或说话人归属不确定,,,多人同时说话，按项目规则标为不确定
R8007_M8010,R8007_M8010_seg0031,825.130,890.170,N_SPK8054,对对，到点儿了它能进来时候，完了搬一下子两边安排一下人嘛！,True,full,高重叠不确定,,,uncertainty,高重叠语音，内容或说话人归属不确定,,,多人同时说话，按项目规则标为不确定
R8007_M8010,R8007_M8010_seg0031,825.130,890.170,N_SPK8055,嗯。,True,full,高重叠不确定,,,uncertainty,高重叠语音，内容或说话人归属不确定,,,多人同时说话，按项目规则标为不确定
R8007_M8010,R8007_M8010_seg0031,825.130,890.170,N_SPK8055,对还有一个就是上次咱们这边儿物业那个那个那个人还跟我说，他说咱们这个搬家可能尽量别放在工作日，也影响咱们楼别的这个，这个这个公司影响他们营业啊。,True,full,高重叠不确定,,,uncertainty,高重叠语音，内容或说话人归属不确定,,,多人同时说话，按项目规则标为不确定
R8007_M8010,R8007_M8010_seg0031,825.130,890.170,N_SPK8050,没事。,True,full,高重叠不确定,,,uncertainty,高重叠语音，内容或说话人归属不确定,,,多人同时说话，按项目规则标为不确定
R8007_M8010,R8007_M8010_seg0031,825.130,890.170,N_SPK8056,啊。,True,full,高重叠不确定,,,uncertainty,高重叠语音，内容或说话人归属不确定,,,多人同时说话，按项目规则标为不确定
R8007_M8010,R8007_M8010_seg0031,825.130,890.170,N_SPK8050,想法儿。,True,full,高重叠不确定,,,uncertainty,高重叠语音，内容或说话人归属不确定,,,多人同时说话，按项目规则标为不确定
R8007_M8010,R8007_M8010_seg0031,825.130,890.170,N_SPK8050,嗯嗯。,True,full,高重叠不确定,,,uncertainty,高重叠语音，内容或说话人归属不确定,,,多人同时说话，按项目规则标为不确定
R8007_M8010,R8007_M8010_seg0031,825.130,890.170,N_SPK8056,哦。,True,full,高重叠不确定,,,uncertainty,高重叠语音，内容或说话人归属不确定,,,多人同时说话，按项目规则标为不确定
R8007_M8010,R8007_M8010_seg0031,825.130,890.170,N_SPK8054,对，咱休息日也行，就是咋说呢？咱们也不能说总搬家，就搬家这一次，大伙就是互相体谅点儿吧，那个，休息日，大伙就是呃，加个班儿吧！把，都把这个公司搬完之后，咱们大伙都。,True,full,高重叠不确定,,,uncertainty,高重叠语音，内容或说话人归属不确定,,,多人同时说话，按项目规则标为不确定
R8007_M8010,R8007_M8010_seg0031,825.130,890.170,N_SPK8050,嗯对对。,True,full,高重叠不确定,,,uncertainty,高重叠语音，内容或说话人归属不确定,,,多人同时说话，按项目规则标为不确定
R8007_M8010,R8007_M8010_seg0031,825.130,890.170,N_SPK8056,是是是。,True,full,高重叠不确定,,,uncertainty,高重叠语音，内容或说话人归属不确定,,,多人同时说话，按项目规则标为不确定
R8007_M8010,R8007_M8010_seg0031,825.130,890.170,N_SPK8050,搬家别影响别的呃工作日。,True,full,高重叠不确定,,,uncertainty,高重叠语音，内容或说话人归属不确定,,,多人同时说话，按项目规则标为不确定
R8007_M8010,R8007_M8010_seg0031,825.130,890.170,N_SPK8055,嗯。,True,full,高重叠不确定,,,uncertainty,高重叠语音，内容或说话人归属不确定,,,多人同时说话，按项目规则标为不确定
R8007_M8010,R8007_M8010_seg0031,825.130,890.170,N_SPK8056,行，那那就是说。,True,full,高重叠不确定,,,uncertainty,高重叠语音，内容或说话人归属不确定,,,多人同时说话，按项目规则标为不确定
R8007_M8010,R8007_M8010_seg0031,825.130,890.170,N_SPK8055,嗯。,True,full,高重叠不确定,,,uncertainty,高重叠语音，内容或说话人归属不确定,,,多人同时说话，按项目规则标为不确定
R8007_M8010,R8007_M8010_seg0031,825.130,890.170,N_SPK8050,嗯对对休息时加个班儿嗯。,True,full,高重叠不确定,,,uncertainty,高重叠语音，内容或说话人归属不确定,,,多人同时说话，按项目规则标为不确定
R8007_M8010,R8007_M8010_seg0031,825.130,890.170,N_SPK8056,行。,True,full,高重叠不确定,,,uncertainty,高重叠语音，内容或说话人归属不确定,,,多人同时说话，按项目规则标为不确定
R8007_M8010,R8007_M8010_seg0031,825.130,890.170,N_SPK8055,嗯，对。,True,full,高重叠不确定,,,uncertainty,高重叠语音，内容或说话人归属不确定,,,多人同时说话，按项目规则标为不确定
R8007_M8010,R8007_M8010_seg0031,825.130,890.170,N_SPK8054,消停了这不就好了嘛，工作环境啥也不也都好了嘛，是吧？,True,full,高重叠不确定,,,uncertainty,高重叠语音，内容或说话人归属不确定,,,多人同时说话，按项目规则标为不确定
R8007_M8010,R8007_M8010_seg0031,825.130,890.170,N_SPK8056,行那那那这个这个事儿就是说，这个事儿就是说由大家去联系，就是说下属的这些员工啊看他们有没有什么建议啊？比如说有的人说觉得周六不行，周日的这些问题啊。,True,full,高重叠不确定,,,uncertainty,高重叠语音，内容或说话人归属不确定,,,多人同时说话，按项目规则标为不确定
R8007_M8010,R8007_M8010_seg0031,825.130,890.170,N_SPK8050,对对对对。,True,full,高重叠不确定,,,uncertainty,高重叠语音，内容或说话人归属不确定,,,多人同时说话，按项目规则标为不确定
R8007_M8010,R8007_M8010_seg0031,825.130,890.170,N_SPK8050,嗯。,True,full,高重叠不确定,,,uncertainty,高重叠语音，内容或说话人归属不确定,,,多人同时说话，按项目规则标为不确定
R8007_M8010,R8007_M8010_seg0031,825.130,890.170,N_SPK8055,嗯。,True,full,高重叠不确定,,,uncertainty,高重叠语音，内容或说话人归属不确定,,,多人同时说话，按项目规则标为不确定
R8007_M8010,R8007_M8010_seg0031,825.130,890.170,N_SPK8054,西。,True,full,高重叠不确定,,,uncertainty,高重叠语音，内容或说话人归属不确定,,,多人同时说话，按项目规则标为不确定
R8007_M8010,R8007_M8010_seg0031,825.130,890.170,N_SPK8050,那就周六周日吧，嗯平时大家都挺嗯都工作都挺忙，嗯周六周六大伙儿加个班儿。,True,full,高重叠不确定,,,uncertainty,高重叠语音，内容或说话人归属不确定,,,多人同时说话，按项目规则标为不确定
R8007_M8010,R8007_M8010_seg0031,825.130,890.170,N_SPK8054,行，大伙儿大伙儿大伙儿那个什么玩了？尽量吧！尽量吧，因为以大伙儿也能该理解这个事儿。,True,full,高重叠不确定,,,uncertainty,高重叠语音，内容或说话人归属不确定,,,多人同时说话，按项目规则标为不确定
R8007_M8010,R8007_M8010_seg0031,825.130,890.170,N_SPK8055,尽量放在周六周日，对啊嗯。,True,full,高重叠不确定,,,uncertainty,高重叠语音，内容或说话人归属不确定,,,多人同时说话，按项目规则标为不确定
R8007_M8010,R8007_M8010_seg0031,825.130,890.170,N_SPK8056,啊。,True,full,高重叠不确定,,,uncertainty,高重叠语音，内容或说话人归属不确定,,,多人同时说话，按项目规则标为不确定
R8007_M8010,R8007_M8010_seg0031,825.130,890.170,N_SPK8050,嗯嗯。,True,full,高重叠不确定,,,uncertainty,高重叠语音，内容或说话人归属不确定,,,多人同时说话，按项目规则标为不确定
R8007_M8010,R8007_M8010_seg0032,891.020,901.250,N_SPK8054,是不是，咱们公司也不是说总搬家，搬这一次给大家找个好环境儿，嗯，大伙儿应该也都可以愿意的，嗯。,True,partial,高重叠不确定,,,uncertainty,高重叠语音，内容或说话人归属不确定,,,多人同时说话，按项目规则标为不确定
R8007_M8010,R8007_M8010_seg0032,891.020,901.250,N_SPK8056,就是嗯。,True,partial,高重叠不确定,,,uncertainty,高重叠语音，内容或说话人归属不确定,,,多人同时说话，按项目规则标为不确定
R8007_M8010,R8007_M8010_seg0032,891.020,901.250,N_SPK8050,嗯。,True,partial,高重叠不确定,,,uncertainty,高重叠语音，内容或说话人归属不确定,,,多人同时说话，按项目规则标为不确定
R8007_M8010,R8007_M8010_seg0032,891.020,901.250,N_SPK8055,唉。,True,partial,高重叠不确定,,,uncertainty,高重叠语音，内容或说话人归属不确定,,,多人同时说话，按项目规则标为不确定
R8007_M8010,R8007_M8010_seg0032,891.020,901.250,N_SPK8056,啊。,True,partial,高重叠不确定,,,uncertainty,高重叠语音，内容或说话人归属不确定,,,多人同时说话，按项目规则标为不确定
R8007_M8010,R8007_M8010_seg0032,891.020,901.250,N_SPK8055,如果是三到四辆车的话每个车也得有咱们的人跟车吧。,True,partial,高重叠不确定,,,uncertainty,高重叠语音，内容或说话人归属不确定,,,多人同时说话，按项目规则标为不确定
R8007_M8010,R8007_M8010_seg0032,891.020,901.250,N_SPK8056,好。,True,partial,高重叠不确定,,,uncertainty,高重叠语音，内容或说话人归属不确定,,,多人同时说话，按项目规则标为不确定
R8007_M8010,R8007_M8010_seg0033,902.040,913.430,N_SPK8056,对到时候肯定。,True,full,高重叠不确定,,,uncertainty,高重叠语音，内容或说话人归属不确定,,,多人同时说话，按项目规则标为不确定
R8007_M8010,R8007_M8010_seg0033,902.040,913.430,N_SPK8054,咱们这老些人呢，咋地咋地？这个人肯定能拿的，一个车上搁两个人儿，搁两个人儿，有的时候，那些人少的，咱搭个搭把手偶的。,True,full,高重叠不确定,,,uncertainty,高重叠语音，内容或说话人归属不确定,,,多人同时说话，按项目规则标为不确定
R8007_M8010,R8007_M8010_seg0033,902.040,913.430,N_SPK8050,不不用不用。,True,full,高重叠不确定,,,uncertainty,高重叠语音，内容或说话人归属不确定,,,多人同时说话，按项目规则标为不确定
R8007_M8010,R8007_M8010_seg0033,902.040,913.430,N_SPK8055,每个每个部门每个部门出一两个人啊，应该。,True,full,高重叠不确定,,,uncertainty,高重叠语音，内容或说话人归属不确定,,,多人同时说话，按项目规则标为不确定
R8007_M8010,R8007_M8010_seg0033,902.040,913.430,N_SPK8050,有一个人儿跟车就行。,True,full,高重叠不确定,,,uncertainty,高重叠语音，内容或说话人归属不确定,,,多人同时说话，按项目规则标为不确定
R8007_M8010,R8007_M8010_seg0033,902.040,913.430,N_SPK8056,这个东西啊。,True,full,高重叠不确定,,,uncertainty,高重叠语音，内容或说话人归属不确定,,,多人同时说话，按项目规则标为不确定
R8007_M8010,R8007_M8010_seg0033,902.040,913.430,N_SPK8050,嗯大车大车不让进，白天好像找中国邮政差不多。,True,full,高重叠不确定,,,uncertainty,高重叠语音，内容或说话人归属不确定,,,多人同时说话，按项目规则标为不确定
R8007_M8010,R8007_M8010_seg0033,902.040,913.430,N_SPK8055,对。,True,full,高重叠不确定,,,uncertainty,高重叠语音，内容或说话人归属不确定,,,多人同时说话，按项目规则标为不确定
R8007_M8010,R8007_M8010_seg0034,913.730,935.590,N_SPK8055,嗯。,True,full,高重叠不确定,,,uncertainty,高重叠语音，内容或说话人归属不确定,,,多人同时说话，按项目规则标为不确定
R8007_M8010,R8007_M8010_seg0034,913.730,935.590,N_SPK8056,到时候到时候它那个。,True,full,高重叠不确定,,,uncertainty,高重叠语音，内容或说话人归属不确定,,,多人同时说话，按项目规则标为不确定
R8007_M8010,R8007_M8010_seg0034,913.730,935.590,N_SPK8050,中国邮政的车好像国家能能让进，嗯嗯不是，邮政国家可能让进。,True,full,高重叠不确定,,,uncertainty,高重叠语音，内容或说话人归属不确定,,,多人同时说话，按项目规则标为不确定
R8007_M8010,R8007_M8010_seg0034,913.730,935.590,N_SPK8054,嗯。,True,full,高重叠不确定,,,uncertainty,高重叠语音，内容或说话人归属不确定,,,多人同时说话，按项目规则标为不确定
R8007_M8010,R8007_M8010_seg0034,913.730,935.590,N_SPK8054,嗯，邮政都不属于那什么好像大公司嘛，也行。,True,full,高重叠不确定,,,uncertainty,高重叠语音，内容或说话人归属不确定,,,多人同时说话，按项目规则标为不确定
R8007_M8010,R8007_M8010_seg0034,913.730,935.590,N_SPK8055,那新公司那边谁谁负负责去那个，就在那边清清点场地啊。,True,full,高重叠不确定,,,uncertainty,高重叠语音，内容或说话人归属不确定,,,多人同时说话，按项目规则标为不确定
R8007_M8010,R8007_M8010_seg0034,913.730,935.590,N_SPK8056,啊啊不是这个。,True,full,高重叠不确定,,,uncertainty,高重叠语音，内容或说话人归属不确定,,,多人同时说话，按项目规则标为不确定
R8007_M8010,R8007_M8010_seg0034,913.730,935.590,N_SPK8050,不行咱就找中国邮政的车嗯。,True,full,高重叠不确定,,,uncertainty,高重叠语音，内容或说话人归属不确定,,,多人同时说话，按项目规则标为不确定
R8007_M8010,R8007_M8010_seg0034,913.730,935.590,N_SPK8054,那个。,True,full,高重叠不确定,,,uncertainty,高重叠语音，内容或说话人归属不确定,,,多人同时说话，按项目规则标为不确定
R8007_M8010,R8007_M8010_seg0034,913.730,935.590,N_SPK8056,这个就是说咱们看看哪一位到时候去那个新的地方。,True,full,高重叠不确定,,,uncertainty,高重叠语音，内容或说话人归属不确定,,,多人同时说话，按项目规则标为不确定
R8007_M8010,R8007_M8010_seg0034,913.730,935.590,N_SPK8055,那边儿至少得安排三四个人，是吧。,True,full,高重叠不确定,,,uncertainty,高重叠语音，内容或说话人归属不确定,,,多人同时说话，按项目规则标为不确定
R8007_M8010,R8007_M8010_seg0034,913.730,935.590,N_SPK8054,其他地方也得，也得派一个三四个人儿，得三四个人儿。,True,full,高重叠不确定,,,uncertainty,高重叠语音，内容或说话人归属不确定,,,多人同时说话，按项目规则标为不确定
R8007_M8010,R8007_M8010_seg0034,913.730,935.590,N_SPK8056,是吧。,True,full,高重叠不确定,,,uncertainty,高重叠语音，内容或说话人归属不确定,,,多人同时说话，按项目规则标为不确定
R8007_M8010,R8007_M8010_seg0034,913.730,935.590,N_SPK8050,最少得五三四个人儿。,True,full,高重叠不确定,,,uncertainty,高重叠语音，内容或说话人归属不确定,,,多人同时说话，按项目规则标为不确定
R8007_M8010,R8007_M8010_seg0034,913.730,935.590,N_SPK8056,啊。,True,full,高重叠不确定,,,uncertainty,高重叠语音，内容或说话人归属不确定,,,多人同时说话，按项目规则标为不确定
R8007_M8010,R8007_M8010_seg0035,935.640,1003.890,N_SPK8056,就是这边儿这边儿得有人往那边儿去搬。,True,full,高重叠不确定,,,uncertainty,高重叠语音，内容或说话人归属不确定,,,多人同时说话，按项目规则标为不确定
R8007_M8010,R8007_M8010_seg0035,935.640,1003.890,N_SPK8054,三四个人儿，人员要是看过来了话吧，多派几个人也可以，到那嘎达，东西咱们也得看着，他来回得搬的时候，也得加小心，磕碰啥的，他不也得，也得看一眼。,True,full,高重叠不确定,,,uncertainty,高重叠语音，内容或说话人归属不确定,,,多人同时说话，按项目规则标为不确定
R8007_M8010,R8007_M8010_seg0035,935.640,1003.890,N_SPK8050,对看东西啥的，呃咱东西呃呃东西。,True,full,高重叠不确定,,,uncertainty,高重叠语音，内容或说话人归属不确定,,,多人同时说话，按项目规则标为不确定
R8007_M8010,R8007_M8010_seg0035,935.640,1003.890,N_SPK8055,对。,True,full,高重叠不确定,,,uncertainty,高重叠语音，内容或说话人归属不确定,,,多人同时说话，按项目规则标为不确定
R8007_M8010,R8007_M8010_seg0035,935.640,1003.890,N_SPK8056,啊。,True,full,高重叠不确定,,,uncertainty,高重叠语音，内容或说话人归属不确定,,,多人同时说话，按项目规则标为不确定
R8007_M8010,R8007_M8010_seg0035,935.640,1003.890,N_SPK8050,坏了啥的得不得看着点儿。,True,full,高重叠不确定,,,uncertainty,高重叠语音，内容或说话人归属不确定,,,多人同时说话，按项目规则标为不确定
R8007_M8010,R8007_M8010_seg0035,935.640,1003.890,N_SPK8055,嗯。,True,full,高重叠不确定,,,uncertainty,高重叠语音，内容或说话人归属不确定,,,多人同时说话，按项目规则标为不确定
R8007_M8010,R8007_M8010_seg0035,935.640,1003.890,N_SPK8050,呃就怕磕碰啥的嗯。,True,full,高重叠不确定,,,uncertainty,高重叠语音，内容或说话人归属不确定,,,多人同时说话，按项目规则标为不确定
R8007_M8010,R8007_M8010_seg0035,935.640,1003.890,N_SPK8056,还还还有就是这个，刚才就有人说这个搬家公司要提这个邮政这边儿，然后就是说具体这个搬家公司不是交给您了嘛，然后到时候您看看哪一家公司到时候比较优惠呢？我们。,True,full,高重叠不确定,,,uncertainty,高重叠语音，内容或说话人归属不确定,,,多人同时说话，按项目规则标为不确定
R8007_M8010,R8007_M8010_seg0035,935.640,1003.890,N_SPK8054,嗯。,True,full,高重叠不确定,,,uncertainty,高重叠语音，内容或说话人归属不确定,,,多人同时说话，按项目规则标为不确定
R8007_M8010,R8007_M8010_seg0035,935.640,1003.890,N_SPK8055,嗯。,True,full,高重叠不确定,,,uncertainty,高重叠语音，内容或说话人归属不确定,,,多人同时说话，按项目规则标为不确定
R8007_M8010,R8007_M8010_seg0035,935.640,1003.890,N_SPK8050,对。,True,full,高重叠不确定,,,uncertainty,高重叠语音，内容或说话人归属不确定,,,多人同时说话，按项目规则标为不确定
R8007_M8010,R8007_M8010_seg0035,935.640,1003.890,N_SPK8055,我比较一下吧我多找几家对多找几家，然后给个报价，咱们反正看领导批哪个呗，不过这价格反正基本上也比较透明，主要是主要是就是靠谱一点儿的。,True,full,高重叠不确定,,,uncertainty,高重叠语音，内容或说话人归属不确定,,,多人同时说话，按项目规则标为不确定
R8007_M8010,R8007_M8010_seg0035,935.640,1003.890,N_SPK8050,哦对，多找几家货比三家，嗯给个报价儿。,True,full,高重叠不确定,,,uncertainty,高重叠语音，内容或说话人归属不确定,,,多人同时说话，按项目规则标为不确定
R8007_M8010,R8007_M8010_seg0035,935.640,1003.890,N_SPK8054,呃，嗯嗯。,True,full,高重叠不确定,,,uncertainty,高重叠语音，内容或说话人归属不确定,,,多人同时说话，按项目规则标为不确定
R8007_M8010,R8007_M8010_seg0035,935.640,1003.890,N_SPK8056,啊嗯就是说。,True,full,高重叠不确定,,,uncertainty,高重叠语音，内容或说话人归属不确定,,,多人同时说话，按项目规则标为不确定
R8007_M8010,R8007_M8010_seg0035,935.640,1003.890,N_SPK8054,是，咱们安排人了吗？不是，我让他看一眼。,True,full,高重叠不确定,,,uncertainty,高重叠语音，内容或说话人归属不确定,,,多人同时说话，按项目规则标为不确定
R8007_M8010,R8007_M8010_seg0035,935.640,1003.890,N_SPK8050,嗯对。,True,full,高重叠不确定,,,uncertainty,高重叠语音，内容或说话人归属不确定,,,多人同时说话，按项目规则标为不确定
R8007_M8010,R8007_M8010_seg0035,935.640,1003.890,N_SPK8054,都差不多，就看哪个好，靠谱，就可以了。,True,full,高重叠不确定,,,uncertainty,高重叠语音，内容或说话人归属不确定,,,多人同时说话，按项目规则标为不确定
R8007_M8010,R8007_M8010_seg0035,935.640,1003.890,N_SPK8050,嗯行，现现在搬家公司就货拉拉货拉拉车多嗯。,True,full,高重叠不确定,,,uncertainty,高重叠语音，内容或说话人归属不确定,,,多人同时说话，按项目规则标为不确定
R8007_M8010,R8007_M8010_seg0035,935.640,1003.890,N_SPK8056,啊。,True,full,高重叠不确定,,,uncertainty,高重叠语音，内容或说话人归属不确定,,,多人同时说话，按项目规则标为不确定
R8007_M8010,R8007_M8010_seg0035,935.640,1003.890,N_SPK8055,是吧，你到时候便宜的给你搬搬完了之后，给你丢这丢那你还不够这个折腾的是吧。,True,full,高重叠不确定,,,uncertainty,高重叠语音，内容或说话人归属不确定,,,多人同时说话，按项目规则标为不确定
R8007_M8010,R8007_M8010_seg0035,935.640,1003.890,N_SPK8054,要拉快，但是说邮政比较稳当嘛，他就是。,True,full,高重叠不确定,,,uncertainty,高重叠语音，内容或说话人归属不确定,,,多人同时说话，按项目规则标为不确定
R8007_M8010,R8007_M8010_seg0035,935.640,1003.890,N_SPK8056,就是。,True,full,高重叠不确定,,,uncertainty,高重叠语音，内容或说话人归属不确定,,,多人同时说话，按项目规则标为不确定
R8007_M8010,R8007_M8010_seg0035,935.640,1003.890,N_SPK8050,啊。,True,full,高重叠不确定,,,uncertainty,高重叠语音，内容或说话人归属不确定,,,多人同时说话，按项目规则标为不确定
R8007_M8010,R8007_M8010_seg0035,935.640,1003.890,N_SPK8050,对小件儿啥的用货拉拉，大件儿啥东西装不了的用咱找着呃找着邮政，嗯中国邮政。,True,full,高重叠不确定,,,uncertainty,高重叠语音，内容或说话人归属不确定,,,多人同时说话，按项目规则标为不确定
R8007_M8010,R8007_M8010_seg0035,935.640,1003.890,N_SPK8056,啊。,True,full,高重叠不确定,,,uncertainty,高重叠语音，内容或说话人归属不确定,,,多人同时说话，按项目规则标为不确定
R8007_M8010,R8007_M8010_seg0035,935.640,1003.890,N_SPK8055,尤其是咱们这个合同啊档案什么的，到时候丢了更麻烦。,True,full,高重叠不确定,,,uncertainty,高重叠语音，内容或说话人归属不确定,,,多人同时说话，按项目规则标为不确定
R8007_M8010,R8007_M8010_seg0035,935.640,1003.890,N_SPK8054,大公司嘛！嗯，就像咱们那个，不是桌椅板凳不是什么贵重品，但是如果说电脑啥都不能给他们在是碰喽啊。咱主要是用那个东西，哦，必须专业一点儿的。,True,full,高重叠不确定,,,uncertainty,高重叠语音，内容或说话人归属不确定,,,多人同时说话，按项目规则标为不确定
R8007_M8010,R8007_M8010_seg0035,935.640,1003.890,N_SPK8056,这个是到时候得有人跟车啊。,True,full,高重叠不确定,,,uncertainty,高重叠语音，内容或说话人归属不确定,,,多人同时说话，按项目规则标为不确定
R8007_M8010,R8007_M8010_seg0035,935.640,1003.890,N_SPK8055,嗯。,True,full,高重叠不确定,,,uncertainty,高重叠语音，内容或说话人归属不确定,,,多人同时说话，按项目规则标为不确定
R8007_M8010,R8007_M8010_seg0035,935.640,1003.890,N_SPK8055,对专业一点的公司它就搬这些东西，它它能那什么一点儿，它能注意它知道哪些东西不能磕不能碰那不专业的给你瞎往那一扔，到时候搬个家再坏坏不少东西。,True,full,高重叠不确定,,,uncertainty,高重叠语音，内容或说话人归属不确定,,,多人同时说话，按项目规则标为不确定
R8007_M8010,R8007_M8010_seg0035,935.640,1003.890,N_SPK8056,啊。,True,full,高重叠不确定,,,uncertainty,高重叠语音，内容或说话人归属不确定,,,多人同时说话，按项目规则标为不确定
R8007_M8010,R8007_M8010_seg0035,935.640,1003.890,N_SPK8050,毕竟专业的哎货。,True,full,高重叠不确定,,,uncertainty,高重叠语音，内容或说话人归属不确定,,,多人同时说话，按项目规则标为不确定
R8007_M8010,R8007_M8010_seg0035,935.640,1003.890,N_SPK8054,对对对，他能给咱们加小一点儿注意，嗯，对对，不注意这是不行了。,True,full,高重叠不确定,,,uncertainty,高重叠语音，内容或说话人归属不确定,,,多人同时说话，按项目规则标为不确定
R8007_M8010,R8007_M8010_seg0035,935.640,1003.890,N_SPK8050,专业的专业的就跟跟快递似的，它都给你包装好喽嗯。,True,full,高重叠不确定,,,uncertainty,高重叠语音，内容或说话人归属不确定,,,多人同时说话，按项目规则标为不确定
R8007_M8010,R8007_M8010_seg0035,935.640,1003.890,N_SPK8056,啊。,True,full,高重叠不确定,,,uncertainty,高重叠语音，内容或说话人归属不确定,,,多人同时说话，按项目规则标为不确定
R8007_M8010,R8007_M8010_seg0036,1004.560,1027.620,N_SPK8054,对，那边儿要是人员够的话，多派几个人行，搬家之后直接搬进去得看一眼，呃，主要是咱们电脑啥，别别别那个什么出问题，注意板凳吧！就都没啥事儿啊。,True,full,高重叠不确定,,,uncertainty,高重叠语音，内容或说话人归属不确定,,,多人同时说话，按项目规则标为不确定
R8007_M8010,R8007_M8010_seg0036,1004.560,1027.620,N_SPK8050,我。,True,full,高重叠不确定,,,uncertainty,高重叠语音，内容或说话人归属不确定,,,多人同时说话，按项目规则标为不确定
R8007_M8010,R8007_M8010_seg0036,1004.560,1027.620,N_SPK8055,有有三四个人差不多了，嗯。,True,full,高重叠不确定,,,uncertainty,高重叠语音，内容或说话人归属不确定,,,多人同时说话，按项目规则标为不确定
R8007_M8010,R8007_M8010_seg0036,1004.560,1027.620,N_SPK8056,啊。,True,full,高重叠不确定,,,uncertainty,高重叠语音，内容或说话人归属不确定,,,多人同时说话，按项目规则标为不确定
R8007_M8010,R8007_M8010_seg0036,1004.560,1027.620,N_SPK8050,嗯。,True,full,高重叠不确定,,,uncertainty,高重叠语音，内容或说话人归属不确定,,,多人同时说话，按项目规则标为不确定
R8007_M8010,R8007_M8010_seg0036,1004.560,1027.620,N_SPK8050,嗯得得个对对对对，得个人儿看着得。,True,full,高重叠不确定,,,uncertainty,高重叠语音，内容或说话人归属不确定,,,多人同时说话，按项目规则标为不确定
R8007_M8010,R8007_M8010_seg0036,1004.560,1027.620,N_SPK8055,所以说这个打包特别重要，就是那个纸箱，咱们得找个人去买买一下吧统一统一买吧。,True,full,高重叠不确定,,,uncertainty,高重叠语音，内容或说话人归属不确定,,,多人同时说话，按项目规则标为不确定
R8007_M8010,R8007_M8010_seg0036,1004.560,1027.620,N_SPK8056,啊。,True,full,高重叠不确定,,,uncertainty,高重叠语音，内容或说话人归属不确定,,,多人同时说话，按项目规则标为不确定
R8007_M8010,R8007_M8010_seg0036,1004.560,1027.620,N_SPK8054,这不用搬家公司应该都有。,True,full,高重叠不确定,,,uncertainty,高重叠语音，内容或说话人归属不确定,,,多人同时说话，按项目规则标为不确定
R8007_M8010,R8007_M8010_seg0036,1004.560,1027.620,N_SPK8050,对主要是咱。,True,full,高重叠不确定,,,uncertainty,高重叠语音，内容或说话人归属不确定,,,多人同时说话，按项目规则标为不确定
R8007_M8010,R8007_M8010_seg0036,1004.560,1027.620,N_SPK8056,纸箱的话啊，他到时候应该帮着就给装好啦。,True,full,高重叠不确定,,,uncertainty,高重叠语音，内容或说话人归属不确定,,,多人同时说话，按项目规则标为不确定
R8007_M8010,R8007_M8010_seg0036,1004.560,1027.620,N_SPK8050,咱电脑啥的也得嗯。,True,full,高重叠不确定,,,uncertainty,高重叠语音，内容或说话人归属不确定,,,多人同时说话，按项目规则标为不确定
R8007_M8010,R8007_M8010_seg0036,1004.560,1027.620,N_SPK8055,有吗，它们那个贵着呢它们那个贵着呢。,True,full,高重叠不确定,,,uncertainty,高重叠语音，内容或说话人归属不确定,,,多人同时说话，按项目规则标为不确定
R8007_M8010,R8007_M8010_seg0036,1004.560,1027.620,N_SPK8054,没有吗？搬家公司。,True,full,高重叠不确定,,,uncertainty,高重叠语音，内容或说话人归属不确定,,,多人同时说话，按项目规则标为不确定
R8007_M8010,R8007_M8010_seg0036,1004.560,1027.620,N_SPK8054,哦。,True,full,高重叠不确定,,,uncertainty,高重叠语音，内容或说话人归属不确定,,,多人同时说话，按项目规则标为不确定
R8007_M8010,R8007_M8010_seg0036,1004.560,1027.620,N_SPK8050,嗯。,True,full,高重叠不确定,,,uncertainty,高重叠语音，内容或说话人归属不确定,,,多人同时说话，按项目规则标为不确定
R8007_M8010,R8007_M8010_seg0037,1027.630,1039.240,N_SPK8055,咱们打包还是自己打包比较好。,True,partial,高重叠不确定,,,uncertainty,高重叠语音，内容或说话人归属不确定,,,多人同时说话，按项目规则标为不确定
R8007_M8010,R8007_M8010_seg0037,1027.630,1039.240,N_SPK8054,嗯，那行那也可以走，都都装好了之后，电上电脑啥的别别给咱，给咱碰喽。,True,partial,高重叠不确定,,,uncertainty,高重叠语音，内容或说话人归属不确定,,,多人同时说话，按项目规则标为不确定
R8007_M8010,R8007_M8010_seg0037,1027.630,1039.240,N_SPK8050,你像电脑了是比较贵重物品嗯。,True,partial,高重叠不确定,,,uncertainty,高重叠语音，内容或说话人归属不确定,,,多人同时说话，按项目规则标为不确定
R8007_M8010,R8007_M8010_seg0037,1027.630,1039.240,N_SPK8055,对，就就那种就那种我看。,True,partial,高重叠不确定,,,uncertainty,高重叠语音，内容或说话人归属不确定,,,多人同时说话，按项目规则标为不确定
R8007_M8010,R8007_M8010_seg0037,1027.630,1039.240,N_SPK8055,那那种大纸箱可能也得十几块钱一个呢。,True,partial,高重叠不确定,,,uncertainty,高重叠语音，内容或说话人归属不确定,,,多人同时说话，按项目规则标为不确定
R8007_M8010,R8007_M8010_seg0037,1027.630,1039.240,N_SPK8050,要不开车时候给。,True,partial,高重叠不确定,,,uncertainty,高重叠语音，内容或说话人归属不确定,,,多人同时说话，按项目规则标为不确定
R8007_M8010,R8007_M8010_seg0037,1027.630,1039.240,N_SPK8054,嗯。,True,partial,高重叠不确定,,,uncertainty,高重叠语音，内容或说话人归属不确定,,,多人同时说话，按项目规则标为不确定
R8007_M8010,R8007_M8010_seg0038,1039.820,1040.020,N_SPK8050,都。,False,none,都,,,speaker_stance,认为都,,,
R8007_M8010,R8007_M8010_seg0039,1040.280,1062.360,N_SPK8055,那这样那大家可能报一下你们各各自都需要多少这种纸箱，然后然后。,True,partial,高重叠不确定,,,uncertainty,高重叠语音，内容或说话人归属不确定,,,多人同时说话，按项目规则标为不确定
R8007_M8010,R8007_M8010_seg0039,1040.280,1062.360,N_SPK8054,这都得打预算之内的。,True,partial,高重叠不确定,,,uncertainty,高重叠语音，内容或说话人归属不确定,,,多人同时说话，按项目规则标为不确定
R8007_M8010,R8007_M8010_seg0039,1040.280,1062.360,N_SPK8054,那就得回去统计一下子了，回去统计一下子。,True,partial,高重叠不确定,,,uncertainty,高重叠语音，内容或说话人归属不确定,,,多人同时说话，按项目规则标为不确定
R8007_M8010,R8007_M8010_seg0039,1040.280,1062.360,N_SPK8056,对到时候我们好统计预算呀什么的。,True,partial,高重叠不确定,,,uncertainty,高重叠语音，内容或说话人归属不确定,,,多人同时说话，按项目规则标为不确定
R8007_M8010,R8007_M8010_seg0039,1040.280,1062.360,N_SPK8050,我我我我一个公司一个部门儿，电脑又又十多台，人哦。,True,partial,高重叠不确定,,,uncertainty,高重叠语音，内容或说话人归属不确定,,,多人同时说话，按项目规则标为不确定
R8007_M8010,R8007_M8010_seg0039,1040.280,1062.360,N_SPK8055,对电脑肯定都得装箱，你直接这么搬的话。,True,partial,高重叠不确定,,,uncertainty,高重叠语音，内容或说话人归属不确定,,,多人同时说话，按项目规则标为不确定
R8007_M8010,R8007_M8010_seg0039,1040.280,1062.360,N_SPK8054,这这，必须得装箱了，他都是易损品。,True,partial,高重叠不确定,,,uncertainty,高重叠语音，内容或说话人归属不确定,,,多人同时说话，按项目规则标为不确定
R8007_M8010,R8007_M8010_seg0039,1040.280,1062.360,N_SPK8056,对到时候到时候这事儿得还得就是统计一下，到时候有多少东西要搬，到时候这边儿搬家的部门好能知道大概要多少辆车？,True,partial,高重叠不确定,,,uncertainty,高重叠语音，内容或说话人归属不确定,,,多人同时说话，按项目规则标为不确定
R8007_M8010,R8007_M8010_seg0039,1040.280,1062.360,N_SPK8050,嗯。,True,partial,高重叠不确定,,,uncertainty,高重叠语音，内容或说话人归属不确定,,,多人同时说话，按项目规则标为不确定
R8007_M8010,R8007_M8010_seg0039,1040.280,1062.360,N_SPK8055,都容易磕坏了。,True,partial,高重叠不确定,,,uncertainty,高重叠语音，内容或说话人归属不确定,,,多人同时说话，按项目规则标为不确定
R8007_M8010,R8007_M8010_seg0040,1062.870,1093.410,N_SPK8054,车，这个这个，就是咋说呢？都得都有个专门去研究，去调查一下子，就是说看看东西，大伙儿都，统计一下子，算一下子。,True,full,高重叠不确定,,,uncertainty,高重叠语音，内容或说话人归属不确定,,,多人同时说话，按项目规则标为不确定
R8007_M8010,R8007_M8010_seg0040,1062.870,1093.410,N_SPK8055,嗯。,True,full,高重叠不确定,,,uncertainty,高重叠语音，内容或说话人归属不确定,,,多人同时说话，按项目规则标为不确定
R8007_M8010,R8007_M8010_seg0040,1062.870,1093.410,N_SPK8050,对对。,True,full,高重叠不确定,,,uncertainty,高重叠语音，内容或说话人归属不确定,,,多人同时说话，按项目规则标为不确定
R8007_M8010,R8007_M8010_seg0040,1062.870,1093.410,N_SPK8056,啊。,True,full,高重叠不确定,,,uncertainty,高重叠语音，内容或说话人归属不确定,,,多人同时说话，按项目规则标为不确定
R8007_M8010,R8007_M8010_seg0040,1062.870,1093.410,N_SPK8050,咱咱也跟搬家公司。,True,full,高重叠不确定,,,uncertainty,高重叠语音，内容或说话人归属不确定,,,多人同时说话，按项目规则标为不确定
R8007_M8010,R8007_M8010_seg0040,1062.870,1093.410,N_SPK8055,嗯。,True,full,高重叠不确定,,,uncertainty,高重叠语音，内容或说话人归属不确定,,,多人同时说话，按项目规则标为不确定
R8007_M8010,R8007_M8010_seg0040,1062.870,1093.410,N_SPK8050,跟家搬家之前各种物品是吧有多少件儿？,True,full,高重叠不确定,,,uncertainty,高重叠语音，内容或说话人归属不确定,,,多人同时说话，按项目规则标为不确定
R8007_M8010,R8007_M8010_seg0040,1062.870,1093.410,N_SPK8056,该我。,True,full,高重叠不确定,,,uncertainty,高重叠语音，内容或说话人归属不确定,,,多人同时说话，按项目规则标为不确定
R8007_M8010,R8007_M8010_seg0040,1062.870,1093.410,N_SPK8055,嗯。,True,full,高重叠不确定,,,uncertainty,高重叠语音，内容或说话人归属不确定,,,多人同时说话，按项目规则标为不确定
R8007_M8010,R8007_M8010_seg0040,1062.870,1093.410,N_SPK8056,之前这不是这不是有别的公司也搬过嘛，就是那种小车那种，面的那种然后。,True,full,高重叠不确定,,,uncertainty,高重叠语音，内容或说话人归属不确定,,,多人同时说话，按项目规则标为不确定
R8007_M8010,R8007_M8010_seg0040,1062.870,1093.410,N_SPK8050,是啊。,True,full,高重叠不确定,,,uncertainty,高重叠语音，内容或说话人归属不确定,,,多人同时说话，按项目规则标为不确定
R8007_M8010,R8007_M8010_seg0040,1062.870,1093.410,N_SPK8054,小车咱那不行，那个不行，那太小人家搬十趟你就。,True,full,高重叠不确定,,,uncertainty,高重叠语音，内容或说话人归属不确定,,,多人同时说话，按项目规则标为不确定
R8007_M8010,R8007_M8010_seg0040,1062.870,1093.410,N_SPK8055,那个不行那肯定那那搬不那得那得多少辆车，那那肯定不行，那个倒是便宜但是这不太保险，还是找专业一点的这个搬家公司。,True,full,高重叠不确定,,,uncertainty,高重叠语音，内容或说话人归属不确定,,,多人同时说话，按项目规则标为不确定
R8007_M8010,R8007_M8010_seg0040,1062.870,1093.410,N_SPK8050,呃。,True,full,高重叠不确定,,,uncertainty,高重叠语音，内容或说话人归属不确定,,,多人同时说话，按项目规则标为不确定
R8007_M8010,R8007_M8010_seg0040,1062.870,1093.410,N_SPK8050,嗯。,True,full,高重叠不确定,,,uncertainty,高重叠语音，内容或说话人归属不确定,,,多人同时说话，按项目规则标为不确定
R8007_M8010,R8007_M8010_seg0040,1062.870,1093.410,N_SPK8056,啊。,True,full,高重叠不确定,,,uncertainty,高重叠语音，内容或说话人归属不确定,,,多人同时说话，按项目规则标为不确定
R8007_M8010,R8007_M8010_seg0040,1062.870,1093.410,N_SPK8050,对。,True,full,高重叠不确定,,,uncertainty,高重叠语音，内容或说话人归属不确定,,,多人同时说话，按项目规则标为不确定
R8007_M8010,R8007_M8010_seg0040,1062.870,1093.410,N_SPK8054,太，那得搬的时间太多了。,True,full,高重叠不确定,,,uncertainty,高重叠语音，内容或说话人归属不确定,,,多人同时说话，按项目规则标为不确定
R8007_M8010,R8007_M8010_seg0040,1062.870,1093.410,N_SPK8050,那大车大车桌子椅子。,True,full,高重叠不确定,,,uncertainty,高重叠语音，内容或说话人归属不确定,,,多人同时说话，按项目规则标为不确定
R8007_M8010,R8007_M8010_seg0040,1062.870,1093.410,N_SPK8054,呃。,True,full,高重叠不确定,,,uncertainty,高重叠语音，内容或说话人归属不确定,,,多人同时说话，按项目规则标为不确定
R8007_M8010,R8007_M8010_seg0040,1062.870,1093.410,N_SPK8056,啊。,True,full,高重叠不确定,,,uncertainty,高重叠语音，内容或说话人归属不确定,,,多人同时说话，按项目规则标为不确定
R8007_M8010,R8007_M8010_seg0040,1062.870,1093.410,N_SPK8050,嗯。,True,full,高重叠不确定,,,uncertainty,高重叠语音，内容或说话人归属不确定,,,多人同时说话，按项目规则标为不确定
R8007_M8010,R8007_M8010_seg0040,1062.870,1093.410,N_SPK8054,找专业一点儿的吧，你像花了也也，多花，也花不了多少钱。,True,full,高重叠不确定,,,uncertainty,高重叠语音，内容或说话人归属不确定,,,多人同时说话，按项目规则标为不确定
R8007_M8010,R8007_M8010_seg0040,1062.870,1093.410,N_SPK8050,专业专业大车那就是。,True,full,高重叠不确定,,,uncertainty,高重叠语音，内容或说话人归属不确定,,,多人同时说话，按项目规则标为不确定
R8007_M8010,R8007_M8010_seg0040,1062.870,1093.410,N_SPK8056,我这这这个事儿我还真不知道那大车它让不让让不让进。,True,full,高重叠不确定,,,uncertainty,高重叠语音，内容或说话人归属不确定,,,多人同时说话，按项目规则标为不确定
R8007_M8010,R8007_M8010_seg0041,1093.480,1097.920,N_SPK8050,邮政差不多，邮政邮政那。,True,partial,高重叠不确定,,,uncertainty,高重叠语音，内容或说话人归属不确定,,,多人同时说话，按项目规则标为不确定
R8007_M8010,R8007_M8010_seg0041,1093.480,1097.920,N_SPK8056,嗯。,True,partial,高重叠不确定,,,uncertainty,高重叠语音，内容或说话人归属不确定,,,多人同时说话，按项目规则标为不确定
R8007_M8010,R8007_M8010_seg0041,1093.480,1097.920,N_SPK8054,邮政就是咋着它给破损了，他给赔。,True,partial,高重叠不确定,,,uncertainty,高重叠语音，内容或说话人归属不确定,,,多人同时说话，按项目规则标为不确定
R8007_M8010,R8007_M8010_seg0042,1098.190,1130.760,N_SPK8055,嗯。,True,full,高重叠不确定,,,uncertainty,高重叠语音，内容或说话人归属不确定,,,多人同时说话，按项目规则标为不确定
R8007_M8010,R8007_M8010_seg0042,1098.190,1130.760,N_SPK8050,不是，邮政车让进。,True,full,高重叠不确定,,,uncertainty,高重叠语音，内容或说话人归属不确定,,,多人同时说话，按项目规则标为不确定
R8007_M8010,R8007_M8010_seg0042,1098.190,1130.760,N_SPK8054,你不要说，说小车儿吧！没法儿没法儿整，给整完之后你说你，假如说人家说也没挣多少钱，你说，呃，必须得稳当一点儿，打包提前，嗯。,True,full,高重叠不确定,,,uncertainty,高重叠语音，内容或说话人归属不确定,,,多人同时说话，按项目规则标为不确定
R8007_M8010,R8007_M8010_seg0042,1098.190,1130.760,N_SPK8055,嗯。,True,full,高重叠不确定,,,uncertainty,高重叠语音，内容或说话人归属不确定,,,多人同时说话，按项目规则标为不确定
R8007_M8010,R8007_M8010_seg0042,1098.190,1130.760,N_SPK8050,白天让进。,True,full,高重叠不确定,,,uncertainty,高重叠语音，内容或说话人归属不确定,,,多人同时说话，按项目规则标为不确定
R8007_M8010,R8007_M8010_seg0042,1098.190,1130.760,N_SPK8055,那反正不管怎么样吧，就是咱们肯定是打包得提前，别等着这个搬家前一天，才急急忙忙打包，就到时候人车来了，你都来不及，是吧。,True,full,高重叠不确定,,,uncertainty,高重叠语音，内容或说话人归属不确定,,,多人同时说话，按项目规则标为不确定
R8007_M8010,R8007_M8010_seg0042,1098.190,1130.760,N_SPK8050,嗯。,True,full,高重叠不确定,,,uncertainty,高重叠语音，内容或说话人归属不确定,,,多人同时说话，按项目规则标为不确定
R8007_M8010,R8007_M8010_seg0042,1098.190,1130.760,N_SPK8050,呃对对。,True,full,高重叠不确定,,,uncertainty,高重叠语音，内容或说话人归属不确定,,,多人同时说话，按项目规则标为不确定
R8007_M8010,R8007_M8010_seg0042,1098.190,1130.760,N_SPK8056,啊。,True,full,高重叠不确定,,,uncertainty,高重叠语音，内容或说话人归属不确定,,,多人同时说话，按项目规则标为不确定
R8007_M8010,R8007_M8010_seg0042,1098.190,1130.760,N_SPK8050,哦嗯。,True,full,高重叠不确定,,,uncertainty,高重叠语音，内容或说话人归属不确定,,,多人同时说话，按项目规则标为不确定
R8007_M8010,R8007_M8010_seg0042,1098.190,1130.760,N_SPK8054,那不行。,True,full,高重叠不确定,,,uncertainty,高重叠语音，内容或说话人归属不确定,,,多人同时说话，按项目规则标为不确定
R8007_M8010,R8007_M8010_seg0042,1098.190,1130.760,N_SPK8050,对。,True,full,高重叠不确定,,,uncertainty,高重叠语音，内容或说话人归属不确定,,,多人同时说话，按项目规则标为不确定
R8007_M8010,R8007_M8010_seg0042,1098.190,1130.760,N_SPK8054,得提前个两天三天的，嗯，因为咱们就多，不让说是，你要是三个十个八个的，你一天就完事了，咱那个二三十呢？是不是。咱还预算，还有还得提前的嘛还得。,True,full,高重叠不确定,,,uncertainty,高重叠语音，内容或说话人归属不确定,,,多人同时说话，按项目规则标为不确定
R8007_M8010,R8007_M8010_seg0042,1098.190,1130.760,N_SPK8056,这个。,True,full,高重叠不确定,,,uncertainty,高重叠语音，内容或说话人归属不确定,,,多人同时说话，按项目规则标为不确定
R8007_M8010,R8007_M8010_seg0042,1098.190,1130.760,N_SPK8050,嗯嗯，得得打包啥的准备工作，准备工作得做一天两天。,True,full,高重叠不确定,,,uncertainty,高重叠语音，内容或说话人归属不确定,,,多人同时说话，按项目规则标为不确定
R8007_M8010,R8007_M8010_seg0042,1098.190,1130.760,N_SPK8056,这倒可以就是说。,True,full,高重叠不确定,,,uncertainty,高重叠语音，内容或说话人归属不确定,,,多人同时说话，按项目规则标为不确定
R8007_M8010,R8007_M8010_seg0042,1098.190,1130.760,N_SPK8056,就是说大家。,True,full,高重叠不确定,,,uncertainty,高重叠语音，内容或说话人归属不确定,,,多人同时说话，按项目规则标为不确定
R8007_M8010,R8007_M8010_seg0042,1098.190,1130.760,N_SPK8055,嗯。,True,full,高重叠不确定,,,uncertainty,高重叠语音，内容或说话人归属不确定,,,多人同时说话，按项目规则标为不确定
R8007_M8010,R8007_M8010_seg0042,1098.190,1130.760,N_SPK8056,啊。,True,full,高重叠不确定,,,uncertainty,高重叠语音，内容或说话人归属不确定,,,多人同时说话，按项目规则标为不确定
R8007_M8010,R8007_M8010_seg0042,1098.190,1130.760,N_SPK8055,嗯。,True,full,高重叠不确定,,,uncertainty,高重叠语音，内容或说话人归属不确定,,,多人同时说话，按项目规则标为不确定
R8007_M8010,R8007_M8010_seg0042,1098.190,1130.760,N_SPK8050,嗯。,True,full,高重叠不确定,,,uncertainty,高重叠语音，内容或说话人归属不确定,,,多人同时说话，按项目规则标为不确定
R8007_M8010,R8007_M8010_seg0042,1098.190,1130.760,N_SPK8056,啊啊。,True,full,高重叠不确定,,,uncertainty,高重叠语音，内容或说话人归属不确定,,,多人同时说话，按项目规则标为不确定
R8007_M8010,R8007_M8010_seg0042,1098.190,1130.760,N_SPK8055,嗯。,True,full,高重叠不确定,,,uncertainty,高重叠语音，内容或说话人归属不确定,,,多人同时说话，按项目规则标为不确定
R8007_M8010,R8007_M8010_seg0042,1098.190,1130.760,N_SPK8056,现在大家的想法。,True,full,高重叠不确定,,,uncertainty,高重叠语音，内容或说话人归属不确定,,,多人同时说话，按项目规则标为不确定
R8007_M8010,R8007_M8010_seg0042,1098.190,1130.760,N_SPK8056,就是大车呗，那大车的话究竟让不让进这是一个问题。,True,full,高重叠不确定,,,uncertainty,高重叠语音，内容或说话人归属不确定,,,多人同时说话，按项目规则标为不确定
R8007_M8010,R8007_M8010_seg0042,1098.190,1130.760,N_SPK8050,大车得得雇雇，大车雇一台两台咱们得？,True,full,高重叠不确定,,,uncertainty,高重叠语音，内容或说话人归属不确定,,,多人同时说话，按项目规则标为不确定
R8007_M8010,R8007_M8010_seg0042,1098.190,1130.760,N_SPK8054,大车应该没事儿，我看。,True,full,高重叠不确定,,,uncertainty,高重叠语音，内容或说话人归属不确定,,,多人同时说话，按项目规则标为不确定
R8007_M8010,R8007_M8010_seg0042,1098.190,1130.760,N_SPK8055,大车得那个。,True,full,高重叠不确定,,,uncertainty,高重叠语音，内容或说话人归属不确定,,,多人同时说话，按项目规则标为不确定
R8007_M8010,R8007_M8010_seg0043,1131.330,1151.930,N_SPK8055,八米的六米的，六米六米长的六米长的车。,True,full,高重叠不确定,,,uncertainty,高重叠语音，内容或说话人归属不确定,,,多人同时说话，按项目规则标为不确定
R8007_M8010,R8007_M8010_seg0043,1131.330,1151.930,N_SPK8056,啊。,True,full,高重叠不确定,,,uncertainty,高重叠语音，内容或说话人归属不确定,,,多人同时说话，按项目规则标为不确定
R8007_M8010,R8007_M8010_seg0043,1131.330,1151.930,N_SPK8054,应该没事吧，白天的件。,True,full,高重叠不确定,,,uncertainty,高重叠语音，内容或说话人归属不确定,,,多人同时说话，按项目规则标为不确定
R8007_M8010,R8007_M8010_seg0043,1131.330,1151.930,N_SPK8050,大车。,True,full,高重叠不确定,,,uncertainty,高重叠语音，内容或说话人归属不确定,,,多人同时说话，按项目规则标为不确定
R8007_M8010,R8007_M8010_seg0043,1131.330,1151.930,N_SPK8050,邮政呢都是八米以上的嗯。,True,full,高重叠不确定,,,uncertainty,高重叠语音，内容或说话人归属不确定,,,多人同时说话，按项目规则标为不确定
R8007_M8010,R8007_M8010_seg0043,1131.330,1151.930,N_SPK8055,八米以上的，四个四个车，四个车应该可以，嗯。,True,full,高重叠不确定,,,uncertainty,高重叠语音，内容或说话人归属不确定,,,多人同时说话，按项目规则标为不确定
R8007_M8010,R8007_M8010_seg0043,1131.330,1151.930,N_SPK8054,这事儿不归你，搁不归你那什么了吗？你就去看一下子，完了那个，看看白天，最好是白，白天能进城，咱们能搬走了。晚上吧！咋地不方便黑天火，黑天瞎火的他没有灯。,True,full,高重叠不确定,,,uncertainty,高重叠语音，内容或说话人归属不确定,,,多人同时说话，按项目规则标为不确定
R8007_M8010,R8007_M8010_seg0043,1131.330,1151.930,N_SPK8050,那小车儿小车儿也得用用几台，小车儿。,True,full,高重叠不确定,,,uncertainty,高重叠语音，内容或说话人归属不确定,,,多人同时说话，按项目规则标为不确定
R8007_M8010,R8007_M8010_seg0043,1131.330,1151.930,N_SPK8055,嗯。,True,full,高重叠不确定,,,uncertainty,高重叠语音，内容或说话人归属不确定,,,多人同时说话，按项目规则标为不确定
R8007_M8010,R8007_M8010_seg0043,1131.330,1151.930,N_SPK8055,啊。,True,full,高重叠不确定,,,uncertainty,高重叠语音，内容或说话人归属不确定,,,多人同时说话，按项目规则标为不确定
R8007_M8010,R8007_M8010_seg0043,1131.330,1151.930,N_SPK8056,啊。,True,full,高重叠不确定,,,uncertainty,高重叠语音，内容或说话人归属不确定,,,多人同时说话，按项目规则标为不确定
R8007_M8010,R8007_M8010_seg0043,1131.330,1151.930,N_SPK8055,嗯。,True,full,高重叠不确定,,,uncertainty,高重叠语音，内容或说话人归属不确定,,,多人同时说话，按项目规则标为不确定
R8007_M8010,R8007_M8010_seg0044,1152.270,1172.230,N_SPK8054,往往外搬不也不得劲儿嘛，看的我也不清楚，哦，是你就，就是你，这事儿归你管了，你就，你研究了。,True,full,高重叠不确定,,,uncertainty,高重叠语音，内容或说话人归属不确定,,,多人同时说话，按项目规则标为不确定
R8007_M8010,R8007_M8010_seg0044,1152.270,1172.230,N_SPK8050,那大车主要桌椅了，电脑电脑桌儿啥的。,True,full,高重叠不确定,,,uncertainty,高重叠语音，内容或说话人归属不确定,,,多人同时说话，按项目规则标为不确定
R8007_M8010,R8007_M8010_seg0044,1152.270,1172.230,N_SPK8055,那肯定是白天搬啊，不能不能搞到夜里去了搞到夜里没法弄，嗯。,True,full,高重叠不确定,,,uncertainty,高重叠语音，内容或说话人归属不确定,,,多人同时说话，按项目规则标为不确定
R8007_M8010,R8007_M8010_seg0044,1152.270,1172.230,N_SPK8050,哦。,True,full,高重叠不确定,,,uncertainty,高重叠语音，内容或说话人归属不确定,,,多人同时说话，按项目规则标为不确定
R8007_M8010,R8007_M8010_seg0044,1152.270,1172.230,N_SPK8054,就你研究了，嗯。呃，看看车因为他主要是他不让进吗，看看大小的，完了，张么适度咱们，完了你就可以。可以定，最好是白天。,True,full,高重叠不确定,,,uncertainty,高重叠语音，内容或说话人归属不确定,,,多人同时说话，按项目规则标为不确定
R8007_M8010,R8007_M8010_seg0044,1152.270,1172.230,N_SPK8056,就刚才这个就是。,True,full,高重叠不确定,,,uncertainty,高重叠语音，内容或说话人归属不确定,,,多人同时说话，按项目规则标为不确定
R8007_M8010,R8007_M8010_seg0044,1152.270,1172.230,N_SPK8050,夜里不行夜里不行。,True,full,高重叠不确定,,,uncertainty,高重叠语音，内容或说话人归属不确定,,,多人同时说话，按项目规则标为不确定
R8007_M8010,R8007_M8010_seg0044,1152.270,1172.230,N_SPK8055,是嗯嗯嗯。,True,full,高重叠不确定,,,uncertainty,高重叠语音，内容或说话人归属不确定,,,多人同时说话，按项目规则标为不确定
R8007_M8010,R8007_M8010_seg0044,1152.270,1172.230,N_SPK8050,主要是白天，夜里。,True,full,高重叠不确定,,,uncertainty,高重叠语音，内容或说话人归属不确定,,,多人同时说话，按项目规则标为不确定
R8007_M8010,R8007_M8010_seg0045,1172.860,1200.080,N_SPK8050,嗯夜里不行，不方便。,True,full,高重叠不确定,,,uncertainty,高重叠语音，内容或说话人归属不确定,,,多人同时说话，按项目规则标为不确定
R8007_M8010,R8007_M8010_seg0045,1172.860,1200.080,N_SPK8055,唉，唉唉，咱咱们这边通知了什么时候之前必须得全搬搬搬干净吗？,True,full,高重叠不确定,,,uncertainty,高重叠语音，内容或说话人归属不确定,,,多人同时说话，按项目规则标为不确定
R8007_M8010,R8007_M8010_seg0045,1172.860,1200.080,N_SPK8054,晚上还是黑灯瞎火还是不行。,True,full,高重叠不确定,,,uncertainty,高重叠语音，内容或说话人归属不确定,,,多人同时说话，按项目规则标为不确定
R8007_M8010,R8007_M8010_seg0045,1172.860,1200.080,N_SPK8056,对就是三十号之前吧。,True,full,高重叠不确定,,,uncertainty,高重叠语音，内容或说话人归属不确定,,,多人同时说话，按项目规则标为不确定
R8007_M8010,R8007_M8010_seg0045,1172.860,1200.080,N_SPK8050,对，三十号儿之前呢？,True,full,高重叠不确定,,,uncertainty,高重叠语音，内容或说话人归属不确定,,,多人同时说话，按项目规则标为不确定
R8007_M8010,R8007_M8010_seg0045,1172.860,1200.080,N_SPK8055,三十号之前那应那应该来得及吧。,True,full,高重叠不确定,,,uncertainty,高重叠语音，内容或说话人归属不确定,,,多人同时说话，按项目规则标为不确定
R8007_M8010,R8007_M8010_seg0045,1172.860,1200.080,N_SPK8056,这个月三十号之前。,True,full,高重叠不确定,,,uncertainty,高重叠语音，内容或说话人归属不确定,,,多人同时说话，按项目规则标为不确定
R8007_M8010,R8007_M8010_seg0045,1172.860,1200.080,N_SPK8050,嗯那咱准备两天三天差不多嗯。,True,full,高重叠不确定,,,uncertainty,高重叠语音，内容或说话人归属不确定,,,多人同时说话，按项目规则标为不确定
R8007_M8010,R8007_M8010_seg0045,1172.860,1200.080,N_SPK8054,呃，可以，因为后续嘛！插小件啥的，咱们就是慢儿慢儿归拢一下子，个个小时就能拉走了，主要是把咱们用的东西得拿过去，把主要的东西落拉走。,True,full,高重叠不确定,,,uncertainty,高重叠语音，内容或说话人归属不确定,,,多人同时说话，按项目规则标为不确定
R8007_M8010,R8007_M8010_seg0045,1172.860,1200.080,N_SPK8055,来的及嗯。,True,full,高重叠不确定,,,uncertainty,高重叠语音，内容或说话人归属不确定,,,多人同时说话，按项目规则标为不确定
R8007_M8010,R8007_M8010_seg0045,1172.860,1200.080,N_SPK8056,所以说我们现在就首先讨论这个事儿。,True,full,高重叠不确定,,,uncertainty,高重叠语音，内容或说话人归属不确定,,,多人同时说话，按项目规则标为不确定
R8007_M8010,R8007_M8010_seg0045,1172.860,1200.080,N_SPK8055,那可能来得及。,True,full,高重叠不确定,,,uncertainty,高重叠语音，内容或说话人归属不确定,,,多人同时说话，按项目规则标为不确定
R8007_M8010,R8007_M8010_seg0045,1172.860,1200.080,N_SPK8055,嗯。,True,full,高重叠不确定,,,uncertainty,高重叠语音，内容或说话人归属不确定,,,多人同时说话，按项目规则标为不确定
R8007_M8010,R8007_M8010_seg0045,1172.860,1200.080,N_SPK8055,嗯。,True,full,高重叠不确定,,,uncertainty,高重叠语音，内容或说话人归属不确定,,,多人同时说话，按项目规则标为不确定
R8007_M8010,R8007_M8010_seg0045,1172.860,1200.080,N_SPK8050,对对主先把主要东西先嗯拉走，嗯。,True,full,高重叠不确定,,,uncertainty,高重叠语音，内容或说话人归属不确定,,,多人同时说话，按项目规则标为不确定
R8007_M8010,R8007_M8010_seg0045,1172.860,1200.080,N_SPK8056,啊就是。,True,full,高重叠不确定,,,uncertainty,高重叠语音，内容或说话人归属不确定,,,多人同时说话，按项目规则标为不确定
R8007_M8010,R8007_M8010_seg0045,1172.860,1200.080,N_SPK8055,唉咱咱们这边的那个押金是谁去交的呀原来。,True,full,高重叠不确定,,,uncertainty,高重叠语音，内容或说话人归属不确定,,,多人同时说话，按项目规则标为不确定
R8007_M8010,R8007_M8010_seg0045,1172.860,1200.080,N_SPK8050,嗯。,True,full,高重叠不确定,,,uncertainty,高重叠语音，内容或说话人归属不确定,,,多人同时说话，按项目规则标为不确定
R8007_M8010,R8007_M8010_seg0046,1200.500,1222.050,N_SPK8050,押金。,True,partial,高重叠不确定,,,uncertainty,高重叠语音，内容或说话人归属不确定,,,多人同时说话，按项目规则标为不确定
R8007_M8010,R8007_M8010_seg0046,1200.500,1222.050,N_SPK8054,呃，这都得财政部，财政部贯贯彻。,True,partial,高重叠不确定,,,uncertainty,高重叠语音，内容或说话人归属不确定,,,多人同时说话，按项目规则标为不确定
R8007_M8010,R8007_M8010_seg0046,1200.500,1222.050,N_SPK8055,押金到时候还得别别到时候搬走了押金都没退。,True,partial,高重叠不确定,,,uncertainty,高重叠语音，内容或说话人归属不确定,,,多人同时说话，按项目规则标为不确定
R8007_M8010,R8007_M8010_seg0046,1200.500,1222.050,N_SPK8054,那不可能了吧？他既然说通知你了，到时候他也都得丢人有人交接嘛！应该。,True,partial,高重叠不确定,,,uncertainty,高重叠语音，内容或说话人归属不确定,,,多人同时说话，按项目规则标为不确定
R8007_M8010,R8007_M8010_seg0046,1200.500,1222.050,N_SPK8055,可能也得也得也得跟那个，跟大家各部门的大家都说一下收拾东西呀，别别把别把他们这原来的这些东西给损坏了，到时候扣咱们钱什么的。,True,partial,高重叠不确定,,,uncertainty,高重叠语音，内容或说话人归属不确定,,,多人同时说话，按项目规则标为不确定
R8007_M8010,R8007_M8010_seg0046,1200.500,1222.050,N_SPK8050,对对那。,True,partial,高重叠不确定,,,uncertainty,高重叠语音，内容或说话人归属不确定,,,多人同时说话，按项目规则标为不确定
R8007_M8010,R8007_M8010_seg0046,1200.500,1222.050,N_SPK8054,嗯，应该，应该是有人交接。,True,partial,高重叠不确定,,,uncertainty,高重叠语音，内容或说话人归属不确定,,,多人同时说话，按项目规则标为不确定
R8007_M8010,R8007_M8010_seg0046,1200.500,1222.050,N_SPK8050,说说说。,True,partial,高重叠不确定,,,uncertainty,高重叠语音，内容或说话人归属不确定,,,多人同时说话，按项目规则标为不确定
R8007_M8010,R8007_M8010_seg0046,1200.500,1222.050,N_SPK8050,损坏有押金。,True,partial,高重叠不确定,,,uncertainty,高重叠语音，内容或说话人归属不确定,,,多人同时说话，按项目规则标为不确定
R8007_M8010,R8007_M8010_seg0047,1222.370,1234.140,N_SPK8054,是大伙儿都得，都加点儿小心。,True,full,高重叠不确定,,,uncertainty,高重叠语音，内容或说话人归属不确定,,,多人同时说话，按项目规则标为不确定
R8007_M8010,R8007_M8010_seg0047,1222.370,1234.140,N_SPK8050,那得跟搬家公司得说好了是不？,True,full,高重叠不确定,,,uncertainty,高重叠语音，内容或说话人归属不确定,,,多人同时说话，按项目规则标为不确定
R8007_M8010,R8007_M8010_seg0047,1222.370,1234.140,N_SPK8055,嗯，咱们自己打包咱们自己打包的时候，咱们自己的员工别别把这些物品损坏啊什么的。,True,full,高重叠不确定,,,uncertainty,高重叠语音，内容或说话人归属不确定,,,多人同时说话，按项目规则标为不确定
R8007_M8010,R8007_M8010_seg0047,1222.370,1234.140,N_SPK8054,不是咱说，咱们现在，现在自己打包的东西，咱们说要走了，他们，他们那个楼不予不准备要搬迁嘛，所以说是。,True,full,高重叠不确定,,,uncertainty,高重叠语音，内容或说话人归属不确定,,,多人同时说话，按项目规则标为不确定
R8007_M8010,R8007_M8010_seg0047,1222.370,1234.140,N_SPK8050,啊。,True,full,高重叠不确定,,,uncertainty,高重叠语音，内容或说话人归属不确定,,,多人同时说话，按项目规则标为不确定
R8007_M8010,R8007_M8010_seg0048,1234.900,1235.240,N_SPK8050,呃。,False,none,呃。,,,speaker_stance,认为呃,,,
R8007_M8010,R8007_M8010_seg0049,1235.330,1237.040,N_SPK8054,他们也不可能说给，给咱们。,True,partial,高重叠不确定,,,uncertainty,高重叠语音，内容或说话人归属不确定,,,多人同时说话，按项目规则标为不确定
R8007_M8010,R8007_M8010_seg0049,1235.330,1237.040,N_SPK8055,嗯。,True,partial,高重叠不确定,,,uncertainty,高重叠语音，内容或说话人归属不确定,,,多人同时说话，按项目规则标为不确定
R8007_M8010,R8007_M8010_seg0050,1238.890,1311.820,N_SPK8056,就是刚才刚才那个嗯，我跟领导反映了一下，就是我们现在初步定到搬到那个六二线金台路那边儿，不知道大家有没有什么想法啊。,True,full,高重叠不确定,,,uncertainty,高重叠语音，内容或说话人归属不确定,,,多人同时说话，按项目规则标为不确定
R8007_M8010,R8007_M8010_seg0050,1238.890,1311.820,N_SPK8055,哎呀。,True,full,高重叠不确定,,,uncertainty,高重叠语音，内容或说话人归属不确定,,,多人同时说话，按项目规则标为不确定
R8007_M8010,R8007_M8010_seg0050,1238.890,1311.820,N_SPK8050,好吧。,True,full,高重叠不确定,,,uncertainty,高重叠语音，内容或说话人归属不确定,,,多人同时说话，按项目规则标为不确定
R8007_M8010,R8007_M8010_seg0050,1238.890,1311.820,N_SPK8054,啊！,True,full,高重叠不确定,,,uncertainty,高重叠语音，内容或说话人归属不确定,,,多人同时说话，按项目规则标为不确定
R8007_M8010,R8007_M8010_seg0050,1238.890,1311.820,N_SPK8054,那个地方儿应该，地铁近点儿。,True,full,高重叠不确定,,,uncertainty,高重叠语音，内容或说话人归属不确定,,,多人同时说话，按项目规则标为不确定
R8007_M8010,R8007_M8010_seg0050,1238.890,1311.820,N_SPK8055,离地铁有多远啊。,True,full,高重叠不确定,,,uncertainty,高重叠语音，内容或说话人归属不确定,,,多人同时说话，按项目规则标为不确定
R8007_M8010,R8007_M8010_seg0050,1238.890,1311.820,N_SPK8050,离地铁。,True,full,高重叠不确定,,,uncertainty,高重叠语音，内容或说话人归属不确定,,,多人同时说话，按项目规则标为不确定
R8007_M8010,R8007_M8010_seg0050,1238.890,1311.820,N_SPK8056,就就在金台路离地铁有三五百米的样子，那边有一个。,True,full,高重叠不确定,,,uncertainty,高重叠语音，内容或说话人归属不确定,,,多人同时说话，按项目规则标为不确定
R8007_M8010,R8007_M8010_seg0050,1238.890,1311.820,N_SPK8050,公交呢？,True,full,高重叠不确定,,,uncertainty,高重叠语音，内容或说话人归属不确定,,,多人同时说话，按项目规则标为不确定
R8007_M8010,R8007_M8010_seg0050,1238.890,1311.820,N_SPK8054,地铁和公交都近一些，完特别方便，你不要说是，要是远了下车就再走个，十分二十分钟吧，有有的时候不得。,True,full,高重叠不确定,,,uncertainty,高重叠语音，内容或说话人归属不确定,,,多人同时说话，按项目规则标为不确定
R8007_M8010,R8007_M8010_seg0050,1238.890,1311.820,N_SPK8055,那还可以那还可以。,True,full,高重叠不确定,,,uncertainty,高重叠语音，内容或说话人归属不确定,,,多人同时说话，按项目规则标为不确定
R8007_M8010,R8007_M8010_seg0050,1238.890,1311.820,N_SPK8056,呃就那边儿。,True,full,高重叠不确定,,,uncertainty,高重叠语音，内容或说话人归属不确定,,,多人同时说话，按项目规则标为不确定
R8007_M8010,R8007_M8010_seg0050,1238.890,1311.820,N_SPK8050,嗯公交。,True,full,高重叠不确定,,,uncertainty,高重叠语音，内容或说话人归属不确定,,,多人同时说话，按项目规则标为不确定
R8007_M8010,R8007_M8010_seg0050,1238.890,1311.820,N_SPK8055,嗯。,True,full,高重叠不确定,,,uncertainty,高重叠语音，内容或说话人归属不确定,,,多人同时说话，按项目规则标为不确定
R8007_M8010,R8007_M8010_seg0050,1238.890,1311.820,N_SPK8056,是。,True,full,高重叠不确定,,,uncertainty,高重叠语音，内容或说话人归属不确定,,,多人同时说话，按项目规则标为不确定
R8007_M8010,R8007_M8010_seg0050,1238.890,1311.820,N_SPK8055,啊。,True,full,高重叠不确定,,,uncertainty,高重叠语音，内容或说话人归属不确定,,,多人同时说话，按项目规则标为不确定
R8007_M8010,R8007_M8010_seg0050,1238.890,1311.820,N_SPK8056,那边儿那边儿有一写字楼嘛，然后主要是大家骑车呀或者开车的话。,True,full,高重叠不确定,,,uncertainty,高重叠语音，内容或说话人归属不确定,,,多人同时说话，按项目规则标为不确定
R8007_M8010,R8007_M8010_seg0050,1238.890,1311.820,N_SPK8050,对。,True,full,高重叠不确定,,,uncertainty,高重叠语音，内容或说话人归属不确定,,,多人同时说话，按项目规则标为不确定
R8007_M8010,R8007_M8010_seg0050,1238.890,1311.820,N_SPK8055,嗯。,True,full,高重叠不确定,,,uncertainty,高重叠语音，内容或说话人归属不确定,,,多人同时说话，按项目规则标为不确定
R8007_M8010,R8007_M8010_seg0050,1238.890,1311.820,N_SPK8050,都写字楼，公应该公交地铁都比较方便。,True,full,高重叠不确定,,,uncertainty,高重叠语音，内容或说话人归属不确定,,,多人同时说话，按项目规则标为不确定
R8007_M8010,R8007_M8010_seg0050,1238.890,1311.820,N_SPK8054,哎写字楼应该离地铁和公交都特别近。,True,full,高重叠不确定,,,uncertainty,高重叠语音，内容或说话人归属不确定,,,多人同时说话，按项目规则标为不确定
R8007_M8010,R8007_M8010_seg0050,1238.890,1311.820,N_SPK8055,唉或者是或者是我觉得那个，多条地铁的比较方便，比方说那个那个站有好几好几好几条线的那种，这就大家更方便一点。,True,full,高重叠不确定,,,uncertainty,高重叠语音，内容或说话人归属不确定,,,多人同时说话，按项目规则标为不确定
R8007_M8010,R8007_M8010_seg0050,1238.890,1311.820,N_SPK8054,嗯，可以吧，他们倒，倒先倒的。,True,full,高重叠不确定,,,uncertainty,高重叠语音，内容或说话人归属不确定,,,多人同时说话，按项目规则标为不确定
R8007_M8010,R8007_M8010_seg0050,1238.890,1311.820,N_SPK8056,啊啊。,True,full,高重叠不确定,,,uncertainty,高重叠语音，内容或说话人归属不确定,,,多人同时说话，按项目规则标为不确定
R8007_M8010,R8007_M8010_seg0050,1238.890,1311.820,N_SPK8050,嗯。,True,full,高重叠不确定,,,uncertainty,高重叠语音，内容或说话人归属不确定,,,多人同时说话，按项目规则标为不确定
R8007_M8010,R8007_M8010_seg0050,1238.890,1311.820,N_SPK8056,啊那那那边儿那边儿应该是我刚才看了一下。,True,full,高重叠不确定,,,uncertainty,高重叠语音，内容或说话人归属不确定,,,多人同时说话，按项目规则标为不确定
R8007_M8010,R8007_M8010_seg0050,1238.890,1311.820,N_SPK8050,你正常应该公交比较方便，地铁也就整啊只能走一条线。,True,full,高重叠不确定,,,uncertainty,高重叠语音，内容或说话人归属不确定,,,多人同时说话，按项目规则标为不确定
R8007_M8010,R8007_M8010_seg0050,1238.890,1311.820,N_SPK8054,嗯，有最好是公斤。,True,full,高重叠不确定,,,uncertainty,高重叠语音，内容或说话人归属不确定,,,多人同时说话，按项目规则标为不确定
R8007_M8010,R8007_M8010_seg0050,1238.890,1311.820,N_SPK8054,地铁也可以，他可以导线，因为导线和地铁它方便，方便在哪儿呢？他就是说得不用出那个地铁站，里头就能换乘，就有换乘站点儿，不像那个汽车似的。,True,full,高重叠不确定,,,uncertainty,高重叠语音，内容或说话人归属不确定,,,多人同时说话，按项目规则标为不确定
R8007_M8010,R8007_M8010_seg0050,1238.890,1311.820,N_SPK8055,六号像六号线跟十号线啊这个，这个。,True,full,高重叠不确定,,,uncertainty,高重叠语音，内容或说话人归属不确定,,,多人同时说话，按项目规则标为不确定
R8007_M8010,R8007_M8010_seg0050,1238.890,1311.820,N_SPK8056,啊。,True,full,高重叠不确定,,,uncertainty,高重叠语音，内容或说话人归属不确定,,,多人同时说话，按项目规则标为不确定
R8007_M8010,R8007_M8010_seg0050,1238.890,1311.820,N_SPK8050,啊啊对。,True,full,高重叠不确定,,,uncertainty,高重叠语音，内容或说话人归属不确定,,,多人同时说话，按项目规则标为不确定
R8007_M8010,R8007_M8010_seg0050,1238.890,1311.820,N_SPK8056,啊。,True,full,高重叠不确定,,,uncertainty,高重叠语音，内容或说话人归属不确定,,,多人同时说话，按项目规则标为不确定
R8007_M8010,R8007_M8010_seg0050,1238.890,1311.820,N_SPK8050,嗯。,True,full,高重叠不确定,,,uncertainty,高重叠语音，内容或说话人归属不确定,,,多人同时说话，按项目规则标为不确定
R8007_M8010,R8007_M8010_seg0050,1238.890,1311.820,N_SPK8055,啊。,True,full,高重叠不确定,,,uncertainty,高重叠语音，内容或说话人归属不确定,,,多人同时说话，按项目规则标为不确定
R8007_M8010,R8007_M8010_seg0050,1238.890,1311.820,N_SPK8056,那边儿我看过，就是应该是说那边儿有十四号线跟那个六号线都有，然后大家都换乘就行了呗。,True,full,高重叠不确定,,,uncertainty,高重叠语音，内容或说话人归属不确定,,,多人同时说话，按项目规则标为不确定
R8007_M8010,R8007_M8010_seg0050,1238.890,1311.820,N_SPK8055,嗯。,True,full,高重叠不确定,,,uncertainty,高重叠语音，内容或说话人归属不确定,,,多人同时说话，按项目规则标为不确定
R8007_M8010,R8007_M8010_seg0050,1238.890,1311.820,N_SPK8050,呃。,True,full,高重叠不确定,,,uncertainty,高重叠语音，内容或说话人归属不确定,,,多人同时说话，按项目规则标为不确定
R8007_M8010,R8007_M8010_seg0050,1238.890,1311.820,N_SPK8050,呃那就方便了呗呃嗯。q。,True,full,高重叠不确定,,,uncertainty,高重叠语音，内容或说话人归属不确定,,,多人同时说话，按项目规则标为不确定
R8007_M8010,R8007_M8010_seg0050,1238.890,1311.820,N_SPK8054,他应该配那，那那，他就特别方便了，换乘他也特别方便啊！哦，对。,True,full,高重叠不确定,,,uncertainty,高重叠语音，内容或说话人归属不确定,,,多人同时说话，按项目规则标为不确定
R8007_M8010,R8007_M8010_seg0050,1238.890,1311.820,N_SPK8055,嗯。,True,full,高重叠不确定,,,uncertainty,高重叠语音，内容或说话人归属不确定,,,多人同时说话，按项目规则标为不确定
R8007_M8010,R8007_M8010_seg0050,1238.890,1311.820,N_SPK8056,啊然后。,True,full,高重叠不确定,,,uncertainty,高重叠语音，内容或说话人归属不确定,,,多人同时说话，按项目规则标为不确定
R8007_M8010,R8007_M8010_seg0050,1238.890,1311.820,N_SPK8055,就就换乘线少一点了可以直接一趟地铁。,True,full,高重叠不确定,,,uncertainty,高重叠语音，内容或说话人归属不确定,,,多人同时说话，按项目规则标为不确定
R8007_M8010,R8007_M8010_seg0050,1238.890,1311.820,N_SPK8050,对对。,True,full,高重叠不确定,,,uncertainty,高重叠语音，内容或说话人归属不确定,,,多人同时说话，按项目规则标为不确定
R8007_M8010,R8007_M8010_seg0050,1238.890,1311.820,N_SPK8056,还有就是说我们搬到那个地方，它到时候停车位我们可能也要预预留一下，大概多少不知道有我们有多少员工的话。,True,full,高重叠不确定,,,uncertainty,高重叠语音，内容或说话人归属不确定,,,多人同时说话，按项目规则标为不确定
R8007_M8010,R8007_M8010_seg0050,1238.890,1311.820,N_SPK8050,嗯，那得那得那得预约了嗯。,True,full,高重叠不确定,,,uncertainty,高重叠语音，内容或说话人归属不确定,,,多人同时说话，按项目规则标为不确定
R8007_M8010,R8007_M8010_seg0050,1238.890,1311.820,N_SPK8054,那个应该是，那就是你们去啊，也得派专人去去研究一下的了。,True,full,高重叠不确定,,,uncertainty,高重叠语音，内容或说话人归属不确定,,,多人同时说话，按项目规则标为不确定
R8007_M8010,R8007_M8010_seg0050,1238.890,1311.820,N_SPK8055,他这个停车费他们那边收的贵吗？,True,full,高重叠不确定,,,uncertainty,高重叠语音，内容或说话人归属不确定,,,多人同时说话，按项目规则标为不确定
R8007_M8010,R8007_M8010_seg0050,1238.890,1311.820,N_SPK8050,呃。,True,full,高重叠不确定,,,uncertainty,高重叠语音，内容或说话人归属不确定,,,多人同时说话，按项目规则标为不确定
R8007_M8010,R8007_M8010_seg0050,1238.890,1311.820,N_SPK8056,就是说。,True,full,高重叠不确定,,,uncertainty,高重叠语音，内容或说话人归属不确定,,,多人同时说话，按项目规则标为不确定
R8007_M8010,R8007_M8010_seg0051,1312.180,1343.360,N_SPK8050,收费。,True,full,高重叠不确定,,,uncertainty,高重叠语音，内容或说话人归属不确定,,,多人同时说话，按项目规则标为不确定
R8007_M8010,R8007_M8010_seg0051,1312.180,1343.360,N_SPK8056,就是说我们公司现在主要是先要调查大概有多少员工，到时候会开着车来然后呢。,True,full,高重叠不确定,,,uncertainty,高重叠语音，内容或说话人归属不确定,,,多人同时说话，按项目规则标为不确定
R8007_M8010,R8007_M8010_seg0051,1312.180,1343.360,N_SPK8054,应该。,True,full,高重叠不确定,,,uncertainty,高重叠语音，内容或说话人归属不确定,,,多人同时说话，按项目规则标为不确定
R8007_M8010,R8007_M8010_seg0051,1312.180,1343.360,N_SPK8050,都有多少人能开车是不？啊统一下吧得。,True,full,高重叠不确定,,,uncertainty,高重叠语音，内容或说话人归属不确定,,,多人同时说话，按项目规则标为不确定
R8007_M8010,R8007_M8010_seg0051,1312.180,1343.360,N_SPK8055,嗯。,True,full,高重叠不确定,,,uncertainty,高重叠语音，内容或说话人归属不确定,,,多人同时说话，按项目规则标为不确定
R8007_M8010,R8007_M8010_seg0051,1312.180,1343.360,N_SPK8054,应该，应该不是特别贵，那个地方，那应该也不错，他们四五环应该不错。,True,full,高重叠不确定,,,uncertainty,高重叠语音，内容或说话人归属不确定,,,多人同时说话，按项目规则标为不确定
R8007_M8010,R8007_M8010_seg0051,1312.180,1343.360,N_SPK8056,到时候我们会有预预留一下。,True,full,高重叠不确定,,,uncertainty,高重叠语音，内容或说话人归属不确定,,,多人同时说话，按项目规则标为不确定
R8007_M8010,R8007_M8010_seg0051,1312.180,1343.360,N_SPK8055,现在现在咱们这边儿开车的就有至少有十几二十个吧。,True,full,高重叠不确定,,,uncertainty,高重叠语音，内容或说话人归属不确定,,,多人同时说话，按项目规则标为不确定
R8007_M8010,R8007_M8010_seg0051,1312.180,1343.360,N_SPK8056,您这边儿部门儿有大概多少人五六个人？,True,full,高重叠不确定,,,uncertainty,高重叠语音，内容或说话人归属不确定,,,多人同时说话，按项目规则标为不确定
R8007_M8010,R8007_M8010_seg0051,1312.180,1343.360,N_SPK8050,啊二十多台。,True,full,高重叠不确定,,,uncertainty,高重叠语音，内容或说话人归属不确定,,,多人同时说话，按项目规则标为不确定
R8007_M8010,R8007_M8010_seg0051,1312.180,1343.360,N_SPK8055,有五六个啊。,True,full,高重叠不确定,,,uncertainty,高重叠语音，内容或说话人归属不确定,,,多人同时说话，按项目规则标为不确定
R8007_M8010,R8007_M8010_seg0051,1312.180,1343.360,N_SPK8054,因为早上大伙儿都提前到，停车位应该，应该那啥没问题，你要是晚喽啊那就，说不好了。,True,full,高重叠不确定,,,uncertainty,高重叠语音，内容或说话人归属不确定,,,多人同时说话，按项目规则标为不确定
R8007_M8010,R8007_M8010_seg0051,1312.180,1343.360,N_SPK8050,嗯那停车位比较紧张这北京，是。,True,full,高重叠不确定,,,uncertainty,高重叠语音，内容或说话人归属不确定,,,多人同时说话，按项目规则标为不确定
R8007_M8010,R8007_M8010_seg0051,1312.180,1343.360,N_SPK8055,嗯。,True,full,高重叠不确定,,,uncertainty,高重叠语音，内容或说话人归属不确定,,,多人同时说话，按项目规则标为不确定
R8007_M8010,R8007_M8010_seg0051,1312.180,1343.360,N_SPK8050,你不。,True,full,高重叠不确定,,,uncertainty,高重叠语音，内容或说话人归属不确定,,,多人同时说话，按项目规则标为不确定
R8007_M8010,R8007_M8010_seg0051,1312.180,1343.360,N_SPK8055,那那这个可能只有各部门负责人能能够这个有有车位了，其他的可能你要就自己解决了，只能自己解决了。,True,full,高重叠不确定,,,uncertainty,高重叠语音，内容或说话人归属不确定,,,多人同时说话，按项目规则标为不确定
R8007_M8010,R8007_M8010_seg0051,1312.180,1343.360,N_SPK8054,嗯，大伙儿都得去看看去，你不看看也不行，都都得，对。,True,full,高重叠不确定,,,uncertainty,高重叠语音，内容或说话人归属不确定,,,多人同时说话，按项目规则标为不确定
R8007_M8010,R8007_M8010_seg0051,1312.180,1343.360,N_SPK8050,嗯。,True,full,高重叠不确定,,,uncertainty,高重叠语音，内容或说话人归属不确定,,,多人同时说话，按项目规则标为不确定
R8007_M8010,R8007_M8010_seg0051,1312.180,1343.360,N_SPK8050,去看看。,True,full,高重叠不确定,,,uncertainty,高重叠语音，内容或说话人归属不确定,,,多人同时说话，按项目规则标为不确定
R8007_M8010,R8007_M8010_seg0052,1343.940,1357.900,N_SPK8054,这些事儿都得，就是啥也算是，也算那个预算之内的吧？这员工也算一个那个，挺重要的一个工具呢，地铁啥解决了？你车你得给解决了？没地方放。你上班儿上不了啊！是不是啊！,True,partial,高重叠不确定,,,uncertainty,高重叠语音，内容或说话人归属不确定,,,多人同时说话，按项目规则标为不确定
R8007_M8010,R8007_M8010_seg0052,1343.940,1357.900,N_SPK8056,那到时候。,True,partial,高重叠不确定,,,uncertainty,高重叠语音，内容或说话人归属不确定,,,多人同时说话，按项目规则标为不确定
R8007_M8010,R8007_M8010_seg0052,1343.940,1357.900,N_SPK8050,停车位。,True,partial,高重叠不确定,,,uncertainty,高重叠语音，内容或说话人归属不确定,,,多人同时说话，按项目规则标为不确定
R8007_M8010,R8007_M8010_seg0052,1343.940,1357.900,N_SPK8056,嗯。,True,partial,高重叠不确定,,,uncertainty,高重叠语音，内容或说话人归属不确定,,,多人同时说话，按项目规则标为不确定
R8007_M8010,R8007_M8010_seg0052,1343.940,1357.900,N_SPK8055,嗯。,True,partial,高重叠不确定,,,uncertainty,高重叠语音，内容或说话人归属不确定,,,多人同时说话，按项目规则标为不确定
R8007_M8010,R8007_M8010_seg0052,1343.940,1357.900,N_SPK8055,嗯。,True,partial,高重叠不确定,,,uncertainty,高重叠语音，内容或说话人归属不确定,,,多人同时说话，按项目规则标为不确定
R8007_M8010,R8007_M8010_seg0052,1343.940,1357.900,N_SPK8056,现在。,True,partial,高重叠不确定,,,uncertainty,高重叠语音，内容或说话人归属不确定,,,多人同时说话，按项目规则标为不确定
R8007_M8010,R8007_M8010_seg0052,1343.940,1357.900,N_SPK8056,啊。,True,partial,高重叠不确定,,,uncertainty,高重叠语音，内容或说话人归属不确定,,,多人同时说话，按项目规则标为不确定
R8007_M8010,R8007_M8010_seg0052,1343.940,1357.900,N_SPK8055,嗯。,True,partial,高重叠不确定,,,uncertainty,高重叠语音，内容或说话人归属不确定,,,多人同时说话，按项目规则标为不确定
R8007_M8010,R8007_M8010_seg0052,1343.940,1357.900,N_SPK8050,货公。,True,partial,高重叠不确定,,,uncertainty,高重叠语音，内容或说话人归属不确定,,,多人同时说话，按项目规则标为不确定
R8007_M8010,R8007_M8010_seg0052,1343.940,1357.900,N_SPK8056,就根据这个。,True,partial,高重叠不确定,,,uncertainty,高重叠语音，内容或说话人归属不确定,,,多人同时说话，按项目规则标为不确定
R8007_M8010,R8007_M8010_seg0053,1359.010,1365.560,N_SPK8056,根据它这地点，大概就咱先敲定这个地方。,True,partial,高重叠不确定,,,uncertainty,高重叠语音，内容或说话人归属不确定,,,多人同时说话，按项目规则标为不确定
R8007_M8010,R8007_M8010_seg0053,1359.010,1365.560,N_SPK8054,你们你们那个部门有多些人，坐开车的？,True,partial,高重叠不确定,,,uncertainty,高重叠语音，内容或说话人归属不确定,,,多人同时说话，按项目规则标为不确定
R8007_M8010,R8007_M8010_seg0053,1359.010,1365.560,N_SPK8050,我那部门儿十多个人儿，得有十多个人儿开车。,True,partial,高重叠不确定,,,uncertainty,高重叠语音，内容或说话人归属不确定,,,多人同时说话，按项目规则标为不确定
R8007_M8010,R8007_M8010_seg0054,1365.780,1366.930,N_SPK8054,有那些人嘛！,True,partial,高重叠不确定,,,uncertainty,高重叠语音，内容或说话人归属不确定,,,多人同时说话，按项目规则标为不确定
R8007_M8010,R8007_M8010_seg0054,1365.780,1366.930,N_SPK8050,得。,True,partial,高重叠不确定,,,uncertainty,高重叠语音，内容或说话人归属不确定,,,多人同时说话，按项目规则标为不确定
R8007_M8010,R8007_M8010_seg0055,1367.820,1407.210,N_SPK8056,开车的人十多个人。,True,full,高重叠不确定,,,uncertainty,高重叠语音，内容或说话人归属不确定,,,多人同时说话，按项目规则标为不确定
R8007_M8010,R8007_M8010_seg0055,1367.820,1407.210,N_SPK8054,你没有，没有，有的你再去看看去，他们离家近，你知道吗？最好都让他们坐地铁，这不方便吗？或者坐公交，三站五站的你说，你让他开车干啥呀？,True,full,高重叠不确定,,,uncertainty,高重叠语音，内容或说话人归属不确定,,,多人同时说话，按项目规则标为不确定
R8007_M8010,R8007_M8010_seg0055,1367.820,1407.210,N_SPK8050,差不多有。,True,full,高重叠不确定,,,uncertainty,高重叠语音，内容或说话人归属不确定,,,多人同时说话，按项目规则标为不确定
R8007_M8010,R8007_M8010_seg0055,1367.820,1407.210,N_SPK8050,哦哦。,True,full,高重叠不确定,,,uncertainty,高重叠语音，内容或说话人归属不确定,,,多人同时说话，按项目规则标为不确定
R8007_M8010,R8007_M8010_seg0055,1367.820,1407.210,N_SPK8055,对，对尽量坐地铁，嗯因为那边儿车位肯定是有限的，不可能不可能有车的都开车去上班儿。,True,full,高重叠不确定,,,uncertainty,高重叠语音，内容或说话人归属不确定,,,多人同时说话，按项目规则标为不确定
R8007_M8010,R8007_M8010_seg0055,1367.820,1407.210,N_SPK8056,啊。,True,full,高重叠不确定,,,uncertainty,高重叠语音，内容或说话人归属不确定,,,多人同时说话，按项目规则标为不确定
R8007_M8010,R8007_M8010_seg0055,1367.820,1407.210,N_SPK8050,行那行那行。,True,full,高重叠不确定,,,uncertainty,高重叠语音，内容或说话人归属不确定,,,多人同时说话，按项目规则标为不确定
R8007_M8010,R8007_M8010_seg0055,1367.820,1407.210,N_SPK8054,指定是，你不可能说开车，不是说都能开车。,True,full,高重叠不确定,,,uncertainty,高重叠语音，内容或说话人归属不确定,,,多人同时说话，按项目规则标为不确定
R8007_M8010,R8007_M8010_seg0055,1367.820,1407.210,N_SPK8050,嗯。,True,full,高重叠不确定,,,uncertainty,高重叠语音，内容或说话人归属不确定,,,多人同时说话，按项目规则标为不确定
R8007_M8010,R8007_M8010_seg0055,1367.820,1407.210,N_SPK8056,就是说。,True,full,高重叠不确定,,,uncertainty,高重叠语音，内容或说话人归属不确定,,,多人同时说话，按项目规则标为不确定
R8007_M8010,R8007_M8010_seg0055,1367.820,1407.210,N_SPK8050,那行，你要不让他们尽量少坐自己车，坐坐多坐公交地铁。,True,full,高重叠不确定,,,uncertainty,高重叠语音，内容或说话人归属不确定,,,多人同时说话，按项目规则标为不确定
R8007_M8010,R8007_M8010_seg0055,1367.820,1407.210,N_SPK8056,嗯。,True,full,高重叠不确定,,,uncertainty,高重叠语音，内容或说话人归属不确定,,,多人同时说话，按项目规则标为不确定
R8007_M8010,R8007_M8010_seg0055,1367.820,1407.210,N_SPK8054,啊，弄完得得劲点吗？不是吗？,True,full,高重叠不确定,,,uncertainty,高重叠语音，内容或说话人归属不确定,,,多人同时说话，按项目规则标为不确定
R8007_M8010,R8007_M8010_seg0055,1367.820,1407.210,N_SPK8055,嗯。,True,full,高重叠不确定,,,uncertainty,高重叠语音，内容或说话人归属不确定,,,多人同时说话，按项目规则标为不确定
R8007_M8010,R8007_M8010_seg0055,1367.820,1407.210,N_SPK8055,反正公司公司能保证的肯定就是就是老板的，然后剩下几个负责人的，然后再有一些经常跑外勤的是吧，还有公司自己的几台车。,True,full,高重叠不确定,,,uncertainty,高重叠语音，内容或说话人归属不确定,,,多人同时说话，按项目规则标为不确定
R8007_M8010,R8007_M8010_seg0055,1367.820,1407.210,N_SPK8054,啊，对对对。,True,full,高重叠不确定,,,uncertainty,高重叠语音，内容或说话人归属不确定,,,多人同时说话，按项目规则标为不确定
R8007_M8010,R8007_M8010_seg0055,1367.820,1407.210,N_SPK8050,各部负各部门儿负责人哎。,True,full,高重叠不确定,,,uncertainty,高重叠语音，内容或说话人归属不确定,,,多人同时说话，按项目规则标为不确定
R8007_M8010,R8007_M8010_seg0055,1367.820,1407.210,N_SPK8056,啊。,True,full,高重叠不确定,,,uncertainty,高重叠语音，内容或说话人归属不确定,,,多人同时说话，按项目规则标为不确定
R8007_M8010,R8007_M8010_seg0055,1367.820,1407.210,N_SPK8050,对销售啥的嗯。,True,full,高重叠不确定,,,uncertainty,高重叠语音，内容或说话人归属不确定,,,多人同时说话，按项目规则标为不确定
R8007_M8010,R8007_M8010_seg0055,1367.820,1407.210,N_SPK8056,对刚才。,True,full,高重叠不确定,,,uncertainty,高重叠语音，内容或说话人归属不确定,,,多人同时说话，按项目规则标为不确定
R8007_M8010,R8007_M8010_seg0055,1367.820,1407.210,N_SPK8054,那可不，这车都不能不能那什么了，他要是说那个怕没有车位，他就得提前走，早点儿来到那嘎达我估计车位，不是说特别紧张。,True,full,高重叠不确定,,,uncertainty,高重叠语音，内容或说话人归属不确定,,,多人同时说话，按项目规则标为不确定
R8007_M8010,R8007_M8010_seg0055,1367.820,1407.210,N_SPK8055,那就差不多了没没有没有太多的这个富裕了。,True,full,高重叠不确定,,,uncertainty,高重叠语音，内容或说话人归属不确定,,,多人同时说话，按项目规则标为不确定
R8007_M8010,R8007_M8010_seg0055,1367.820,1407.210,N_SPK8050,嗯。,True,full,高重叠不确定,,,uncertainty,高重叠语音，内容或说话人归属不确定,,,多人同时说话，按项目规则标为不确定
R8007_M8010,R8007_M8010_seg0055,1367.820,1407.210,N_SPK8056,啊。,True,full,高重叠不确定,,,uncertainty,高重叠语音，内容或说话人归属不确定,,,多人同时说话，按项目规则标为不确定
R8007_M8010,R8007_M8010_seg0055,1367.820,1407.210,N_SPK8055,嗯。,True,full,高重叠不确定,,,uncertainty,高重叠语音，内容或说话人归属不确定,,,多人同时说话，按项目规则标为不确定
R8007_M8010,R8007_M8010_seg0055,1367.820,1407.210,N_SPK8050,共。,True,full,高重叠不确定,,,uncertainty,高重叠语音，内容或说话人归属不确定,,,多人同时说话，按项目规则标为不确定
R8007_M8010,R8007_M8010_seg0056,1407.580,1440.090,N_SPK8054,但你要是晚了，你一整就十点了，那就十点来钟九点来钟了，那没车位都是正常的，你上班不也迟到了吗？不都是，嗯对。车位你要太多，咱解决不了你知道吗？,True,full,高重叠不确定,,,uncertainty,高重叠语音，内容或说话人归属不确定,,,多人同时说话，按项目规则标为不确定
R8007_M8010,R8007_M8010_seg0056,1407.580,1440.090,N_SPK8055,嗯。,True,full,高重叠不确定,,,uncertainty,高重叠语音，内容或说话人归属不确定,,,多人同时说话，按项目规则标为不确定
R8007_M8010,R8007_M8010_seg0056,1407.580,1440.090,N_SPK8050,嗯嗯嗯。,True,full,高重叠不确定,,,uncertainty,高重叠语音，内容或说话人归属不确定,,,多人同时说话，按项目规则标为不确定
R8007_M8010,R8007_M8010_seg0056,1407.580,1440.090,N_SPK8055,反正不富裕的人那就自己解决车位了，自己你要你要没地儿停就自己坐公交坐地铁只能是这样啊，那公司包不了这么这么多，保证不了。,True,full,高重叠不确定,,,uncertainty,高重叠语音，内容或说话人归属不确定,,,多人同时说话，按项目规则标为不确定
R8007_M8010,R8007_M8010_seg0056,1407.580,1440.090,N_SPK8056,刚才那个。,True,full,高重叠不确定,,,uncertainty,高重叠语音，内容或说话人归属不确定,,,多人同时说话，按项目规则标为不确定
R8007_M8010,R8007_M8010_seg0056,1407.580,1440.090,N_SPK8050,那车位车位好好解决。,True,full,高重叠不确定,,,uncertainty,高重叠语音，内容或说话人归属不确定,,,多人同时说话，按项目规则标为不确定
R8007_M8010,R8007_M8010_seg0056,1407.580,1440.090,N_SPK8050,嗯。,True,full,高重叠不确定,,,uncertainty,高重叠语音，内容或说话人归属不确定,,,多人同时说话，按项目规则标为不确定
R8007_M8010,R8007_M8010_seg0056,1407.580,1440.090,N_SPK8056,啊。,True,full,高重叠不确定,,,uncertainty,高重叠语音，内容或说话人归属不确定,,,多人同时说话，按项目规则标为不确定
R8007_M8010,R8007_M8010_seg0056,1407.580,1440.090,N_SPK8054,车位太多，咱解决不了。,True,full,高重叠不确定,,,uncertainty,高重叠语音，内容或说话人归属不确定,,,多人同时说话，按项目规则标为不确定
R8007_M8010,R8007_M8010_seg0056,1407.580,1440.090,N_SPK8056,就是说。,True,full,高重叠不确定,,,uncertainty,高重叠语音，内容或说话人归属不确定,,,多人同时说话，按项目规则标为不确定
R8007_M8010,R8007_M8010_seg0056,1407.580,1440.090,N_SPK8056,现在就关于这件事情主要就统计一下。,True,full,高重叠不确定,,,uncertainty,高重叠语音，内容或说话人归属不确定,,,多人同时说话，按项目规则标为不确定
R8007_M8010,R8007_M8010_seg0056,1407.580,1440.090,N_SPK8054,呃，五十个人，三十个车位你说你上哪儿去，去讨那些车位去啊。,True,full,高重叠不确定,,,uncertainty,高重叠语音，内容或说话人归属不确定,,,多人同时说话，按项目规则标为不确定
R8007_M8010,R8007_M8010_seg0056,1407.580,1440.090,N_SPK8055,嗯那没法弄，嗯。,True,full,高重叠不确定,,,uncertainty,高重叠语音，内容或说话人归属不确定,,,多人同时说话，按项目规则标为不确定
R8007_M8010,R8007_M8010_seg0056,1407.580,1440.090,N_SPK8056,呃主要统计一下我们大概需要多少车位，然后呢我们预留。,True,full,高重叠不确定,,,uncertainty,高重叠语音，内容或说话人归属不确定,,,多人同时说话，按项目规则标为不确定
R8007_M8010,R8007_M8010_seg0056,1407.580,1440.090,N_SPK8050,哦那尽量尽量体谅一下子吧。,True,full,高重叠不确定,,,uncertainty,高重叠语音，内容或说话人归属不确定,,,多人同时说话，按项目规则标为不确定
R8007_M8010,R8007_M8010_seg0056,1407.580,1440.090,N_SPK8054,嗯，那个车位吧！只能说是，领导了或者说地，就是说需要就是各部门儿，就是那个那叫什么。刚才那个哥说着怎么说来的。,True,full,高重叠不确定,,,uncertainty,高重叠语音，内容或说话人归属不确定,,,多人同时说话，按项目规则标为不确定
R8007_M8010,R8007_M8010_seg0056,1407.580,1440.090,N_SPK8055,嗯。,True,full,高重叠不确定,,,uncertainty,高重叠语音，内容或说话人归属不确定,,,多人同时说话，按项目规则标为不确定
R8007_M8010,R8007_M8010_seg0056,1407.580,1440.090,N_SPK8055,嗯。,True,full,高重叠不确定,,,uncertainty,高重叠语音，内容或说话人归属不确定,,,多人同时说话，按项目规则标为不确定
R8007_M8010,R8007_M8010_seg0056,1407.580,1440.090,N_SPK8050,各部门儿的领导。,True,full,高重叠不确定,,,uncertainty,高重叠语音，内容或说话人归属不确定,,,多人同时说话，按项目规则标为不确定
R8007_M8010,R8007_M8010_seg0056,1407.580,1440.090,N_SPK8056,啊。,True,full,高重叠不确定,,,uncertainty,高重叠语音，内容或说话人归属不确定,,,多人同时说话，按项目规则标为不确定
R8007_M8010,R8007_M8010_seg0057,1440.630,1482.970,N_SPK8054,那那那个，跑外勤的了，就是经常必须开车的他可以，就像员工的话，你你管不了，管不了那么多。,True,full,高重叠不确定,,,uncertainty,高重叠语音，内容或说话人归属不确定,,,多人同时说话，按项目规则标为不确定
R8007_M8010,R8007_M8010_seg0057,1440.630,1482.970,N_SPK8055,各部门负责人对。,True,full,高重叠不确定,,,uncertainty,高重叠语音，内容或说话人归属不确定,,,多人同时说话，按项目规则标为不确定
R8007_M8010,R8007_M8010_seg0057,1440.630,1482.970,N_SPK8056,就是。,True,full,高重叠不确定,,,uncertainty,高重叠语音，内容或说话人归属不确定,,,多人同时说话，按项目规则标为不确定
R8007_M8010,R8007_M8010_seg0057,1440.630,1482.970,N_SPK8050,嗯。,True,full,高重叠不确定,,,uncertainty,高重叠语音，内容或说话人归属不确定,,,多人同时说话，按项目规则标为不确定
R8007_M8010,R8007_M8010_seg0057,1440.630,1482.970,N_SPK8056,啊。,True,full,高重叠不确定,,,uncertainty,高重叠语音，内容或说话人归属不确定,,,多人同时说话，按项目规则标为不确定
R8007_M8010,R8007_M8010_seg0057,1440.630,1482.970,N_SPK8055,跑外勤咱们现在有三三台车吧，三台车，对呀他们的这个车位必须得保证，嗯。,True,full,高重叠不确定,,,uncertainty,高重叠语音，内容或说话人归属不确定,,,多人同时说话，按项目规则标为不确定
R8007_M8010,R8007_M8010_seg0057,1440.630,1482.970,N_SPK8056,这个可以。,True,full,高重叠不确定,,,uncertainty,高重叠语音，内容或说话人归属不确定,,,多人同时说话，按项目规则标为不确定
R8007_M8010,R8007_M8010_seg0057,1440.630,1482.970,N_SPK8050,跑外勤的也得考虑到里头，销售啥的嗯对，他们时间没有固定点，你看跑外勤还有跑销售的。,True,full,高重叠不确定,,,uncertainty,高重叠语音，内容或说话人归属不确定,,,多人同时说话，按项目规则标为不确定
R8007_M8010,R8007_M8010_seg0057,1440.630,1482.970,N_SPK8054,你就是不员工管不了那么多车。,True,full,高重叠不确定,,,uncertainty,高重叠语音，内容或说话人归属不确定,,,多人同时说话，按项目规则标为不确定
R8007_M8010,R8007_M8010_seg0057,1440.630,1482.970,N_SPK8056,行我们这个。,True,full,高重叠不确定,,,uncertainty,高重叠语音，内容或说话人归属不确定,,,多人同时说话，按项目规则标为不确定
R8007_M8010,R8007_M8010_seg0057,1440.630,1482.970,N_SPK8054,所以他们想开车去，他们只能自己找车位，只能说抓紧了，他早点儿去能有车位，是不是啊！,True,full,高重叠不确定,,,uncertainty,高重叠语音，内容或说话人归属不确定,,,多人同时说话，按项目规则标为不确定
R8007_M8010,R8007_M8010_seg0057,1440.630,1482.970,N_SPK8055,嗯。,True,full,高重叠不确定,,,uncertainty,高重叠语音，内容或说话人归属不确定,,,多人同时说话，按项目规则标为不确定
R8007_M8010,R8007_M8010_seg0057,1440.630,1482.970,N_SPK8055,嗯。,True,full,高重叠不确定,,,uncertainty,高重叠语音，内容或说话人归属不确定,,,多人同时说话，按项目规则标为不确定
R8007_M8010,R8007_M8010_seg0057,1440.630,1482.970,N_SPK8056,你们大概大概的话，那就定在十个车位左右啊。,True,full,高重叠不确定,,,uncertainty,高重叠语音，内容或说话人归属不确定,,,多人同时说话，按项目规则标为不确定
R8007_M8010,R8007_M8010_seg0057,1440.630,1482.970,N_SPK8054,十个，十十个差不多，嗯。,True,full,高重叠不确定,,,uncertainty,高重叠语音，内容或说话人归属不确定,,,多人同时说话，按项目规则标为不确定
R8007_M8010,R8007_M8010_seg0057,1440.630,1482.970,N_SPK8050,十个差不多。,True,full,高重叠不确定,,,uncertainty,高重叠语音，内容或说话人归属不确定,,,多人同时说话，按项目规则标为不确定
R8007_M8010,R8007_M8010_seg0057,1440.630,1482.970,N_SPK8055,嗯但是我觉得也可以争取一下吧多争取一下，因为咱们租的那场地大，他们这个他们这个楼，应该给咱们多争取一点儿车位。,True,full,高重叠不确定,,,uncertainty,高重叠语音，内容或说话人归属不确定,,,多人同时说话，按项目规则标为不确定
R8007_M8010,R8007_M8010_seg0057,1440.630,1482.970,N_SPK8050,啊。,True,full,高重叠不确定,,,uncertainty,高重叠语音，内容或说话人归属不确定,,,多人同时说话，按项目规则标为不确定
R8007_M8010,R8007_M8010_seg0057,1440.630,1482.970,N_SPK8056,比如说这种。,True,full,高重叠不确定,,,uncertainty,高重叠语音，内容或说话人归属不确定,,,多人同时说话，按项目规则标为不确定
R8007_M8010,R8007_M8010_seg0057,1440.630,1482.970,N_SPK8054,对对，这多争取一下也可以，但是说是，实在没有，最少咱得争取十个，啊。,True,full,高重叠不确定,,,uncertainty,高重叠语音，内容或说话人归属不确定,,,多人同时说话，按项目规则标为不确定
R8007_M8010,R8007_M8010_seg0057,1440.630,1482.970,N_SPK8050,对对。,True,full,高重叠不确定,,,uncertainty,高重叠语音，内容或说话人归属不确定,,,多人同时说话，按项目规则标为不确定
R8007_M8010,R8007_M8010_seg0057,1440.630,1482.970,N_SPK8056,行这个。,True,full,高重叠不确定,,,uncertainty,高重叠语音，内容或说话人归属不确定,,,多人同时说话，按项目规则标为不确定
R8007_M8010,R8007_M8010_seg0057,1440.630,1482.970,N_SPK8056,就是说争取到这个车位，主要就是说咱们员工到时候停的话能免费。,True,full,高重叠不确定,,,uncertainty,高重叠语音，内容或说话人归属不确定,,,多人同时说话，按项目规则标为不确定
R8007_M8010,R8007_M8010_seg0057,1440.630,1482.970,N_SPK8050,看在。,True,full,高重叠不确定,,,uncertainty,高重叠语音，内容或说话人归属不确定,,,多人同时说话，按项目规则标为不确定
R8007_M8010,R8007_M8010_seg0057,1440.630,1482.970,N_SPK8055,嗯。,True,full,高重叠不确定,,,uncertainty,高重叠语音，内容或说话人归属不确定,,,多人同时说话，按项目规则标为不确定
R8007_M8010,R8007_M8010_seg0057,1440.630,1482.970,N_SPK8054,对对对对，方便一些嘛，主要是。,True,full,高重叠不确定,,,uncertainty,高重叠语音，内容或说话人归属不确定,,,多人同时说话，按项目规则标为不确定
R8007_M8010,R8007_M8010_seg0057,1440.630,1482.970,N_SPK8050,看它这停车场位大不大呗是不是？,True,full,高重叠不确定,,,uncertainty,高重叠语音，内容或说话人归属不确定,,,多人同时说话，按项目规则标为不确定
R8007_M8010,R8007_M8010_seg0057,1440.630,1482.970,N_SPK8055,对呀。,True,full,高重叠不确定,,,uncertainty,高重叠语音，内容或说话人归属不确定,,,多人同时说话，按项目规则标为不确定
R8007_M8010,R8007_M8010_seg0057,1440.630,1482.970,N_SPK8056,啊。,True,full,高重叠不确定,,,uncertainty,高重叠语音，内容或说话人归属不确定,,,多人同时说话，按项目规则标为不确定
R8007_M8010,R8007_M8010_seg0058,1483.780,1501.650,N_SPK8054,主要是，尽量争取，但是说这，争取不了那些最少咱得争取十个左右，因为这是必须用的车吗？这车站这不用不行了嘛。,True,partial,高重叠不确定,,,uncertainty,高重叠语音，内容或说话人归属不确定,,,多人同时说话，按项目规则标为不确定
R8007_M8010,R8007_M8010_seg0058,1483.780,1501.650,N_SPK8056,然后。,True,partial,高重叠不确定,,,uncertainty,高重叠语音，内容或说话人归属不确定,,,多人同时说话，按项目规则标为不确定
R8007_M8010,R8007_M8010_seg0058,1483.780,1501.650,N_SPK8055,尽量争取吧。,True,partial,高重叠不确定,,,uncertainty,高重叠语音，内容或说话人归属不确定,,,多人同时说话，按项目规则标为不确定
R8007_M8010,R8007_M8010_seg0058,1483.780,1501.650,N_SPK8050,尽量争取多多争取一个车位。,True,partial,高重叠不确定,,,uncertainty,高重叠语音，内容或说话人归属不确定,,,多人同时说话，按项目规则标为不确定
R8007_M8010,R8007_M8010_seg0058,1483.780,1501.650,N_SPK8055,嗯。,True,partial,高重叠不确定,,,uncertainty,高重叠语音，内容或说话人归属不确定,,,多人同时说话，按项目规则标为不确定
R8007_M8010,R8007_M8010_seg0058,1483.780,1501.650,N_SPK8055,嗯。,True,partial,高重叠不确定,,,uncertainty,高重叠语音，内容或说话人归属不确定,,,多人同时说话，按项目规则标为不确定
R8007_M8010,R8007_M8010_seg0058,1483.780,1501.650,N_SPK8056,啊就是还有一个问题，就是我们现在搬到这个地方呢，搬到这个地方就是说我们搬家嘛顺便也要做这么一个事儿，就是说领导就是反映跟领导反映过说我们有些员工。,True,partial,高重叠不确定,,,uncertainty,高重叠语音，内容或说话人归属不确定,,,多人同时说话，按项目规则标为不确定
R8007_M8010,R8007_M8010_seg0058,1483.780,1501.650,N_SPK8050,啊啊。,True,partial,高重叠不确定,,,uncertainty,高重叠语音，内容或说话人归属不确定,,,多人同时说话，按项目规则标为不确定
R8007_M8010,R8007_M8010_seg0058,1483.780,1501.650,N_SPK8055,嗯。,True,partial,高重叠不确定,,,uncertainty,高重叠语音，内容或说话人归属不确定,,,多人同时说话，按项目规则标为不确定
R8007_M8010,R8007_M8010_seg0059,1501.980,1523.400,N_SPK8056,他就是说回家也不太方便，然后呢可能周一到周五就是这搬一个宿舍，然后大家看有没有多少人要住在这个地方。,True,full,高重叠不确定,,,uncertainty,高重叠语音，内容或说话人归属不确定,,,多人同时说话，按项目规则标为不确定
R8007_M8010,R8007_M8010_seg0059,1501.980,1523.400,N_SPK8054,呃。,True,full,高重叠不确定,,,uncertainty,高重叠语音，内容或说话人归属不确定,,,多人同时说话，按项目规则标为不确定
R8007_M8010,R8007_M8010_seg0059,1501.980,1523.400,N_SPK8054,不对。,True,full,高重叠不确定,,,uncertainty,高重叠语音，内容或说话人归属不确定,,,多人同时说话，按项目规则标为不确定
R8007_M8010,R8007_M8010_seg0059,1501.980,1523.400,N_SPK8054,周五。,True,full,高重叠不确定,,,uncertainty,高重叠语音，内容或说话人归属不确定,,,多人同时说话，按项目规则标为不确定
R8007_M8010,R8007_M8010_seg0059,1501.980,1523.400,N_SPK8050,哦住宿。,True,full,高重叠不确定,,,uncertainty,高重叠语音，内容或说话人归属不确定,,,多人同时说话，按项目规则标为不确定
R8007_M8010,R8007_M8010_seg0059,1501.980,1523.400,N_SPK8054,去，这个好像是，咱们还是没到那个规模，哦，都。,True,full,高重叠不确定,,,uncertainty,高重叠语音，内容或说话人归属不确定,,,多人同时说话，按项目规则标为不确定
R8007_M8010,R8007_M8010_seg0059,1501.980,1523.400,N_SPK8055,宿舍，可能可能够呛，他们那楼让住人嘛，一般可能可能让住人的少，有个别加班儿的那无所谓了，就沙发上凑合一晚上呗。,True,full,高重叠不确定,,,uncertainty,高重叠语音，内容或说话人归属不确定,,,多人同时说话，按项目规则标为不确定
R8007_M8010,R8007_M8010_seg0059,1501.980,1523.400,N_SPK8050,住住宿好像够呛。,True,full,高重叠不确定,,,uncertainty,高重叠语音，内容或说话人归属不确定,,,多人同时说话，按项目规则标为不确定
R8007_M8010,R8007_M8010_seg0059,1501.980,1523.400,N_SPK8056,住在这个地方儿。,True,full,高重叠不确定,,,uncertainty,高重叠语音，内容或说话人归属不确定,,,多人同时说话，按项目规则标为不确定
R8007_M8010,R8007_M8010_seg0059,1501.980,1523.400,N_SPK8050,没呃那对对。,True,full,高重叠不确定,,,uncertainty,高重叠语音，内容或说话人归属不确定,,,多人同时说话，按项目规则标为不确定
R8007_M8010,R8007_M8010_seg0059,1501.980,1523.400,N_SPK8056,啊。,True,full,高重叠不确定,,,uncertainty,高重叠语音，内容或说话人归属不确定,,,多人同时说话，按项目规则标为不确定
R8007_M8010,R8007_M8010_seg0059,1501.980,1523.400,N_SPK8056,应该是可以。,True,full,高重叠不确定,,,uncertainty,高重叠语音，内容或说话人归属不确定,,,多人同时说话，按项目规则标为不确定
R8007_M8010,R8007_M8010_seg0059,1501.980,1523.400,N_SPK8054,不是那个呀，对对对，那那倒是。,True,full,高重叠不确定,,,uncertainty,高重叠语音，内容或说话人归属不确定,,,多人同时说话，按项目规则标为不确定
R8007_M8010,R8007_M8010_seg0059,1501.980,1523.400,N_SPK8050,不是沙沙发，还有那个酒店。,True,full,高重叠不确定,,,uncertainty,高重叠语音，内容或说话人归属不确定,,,多人同时说话，按项目规则标为不确定
R8007_M8010,R8007_M8010_seg0059,1501.980,1523.400,N_SPK8055,嗯。,True,full,高重叠不确定,,,uncertainty,高重叠语音，内容或说话人归属不确定,,,多人同时说话，按项目规则标为不确定
R8007_M8010,R8007_M8010_seg0060,1524.190,1566.150,N_SPK8054,但是你要说的人太多了，也不行，嗯。,True,full,高重叠不确定,,,uncertainty,高重叠语音，内容或说话人归属不确定,,,多人同时说话，按项目规则标为不确定
R8007_M8010,R8007_M8010_seg0060,1524.190,1566.150,N_SPK8050,咱那地毯呐躺地下咱能将就一宿，地毯这装修地毯。,True,full,高重叠不确定,,,uncertainty,高重叠语音，内容或说话人归属不确定,,,多人同时说话，按项目规则标为不确定
R8007_M8010,R8007_M8010_seg0060,1524.190,1566.150,N_SPK8056,呃就是因为你们那个部门儿不是有对外的业务嘛，到时候就是肯定需要有时差的，你像夜里做，到时候顺便也留个宿舍。,True,full,高重叠不确定,,,uncertainty,高重叠语音，内容或说话人归属不确定,,,多人同时说话，按项目规则标为不确定
R8007_M8010,R8007_M8010_seg0060,1524.190,1566.150,N_SPK8054,嗯。,True,full,高重叠不确定,,,uncertainty,高重叠语音，内容或说话人归属不确定,,,多人同时说话，按项目规则标为不确定
R8007_M8010,R8007_M8010_seg0060,1524.190,1566.150,N_SPK8054,要是少，那个人不是特别多，嗯。,True,full,高重叠不确定,,,uncertainty,高重叠语音，内容或说话人归属不确定,,,多人同时说话，按项目规则标为不确定
R8007_M8010,R8007_M8010_seg0060,1524.190,1566.150,N_SPK8050,宿舍呃。,True,full,高重叠不确定,,,uncertainty,高重叠语音，内容或说话人归属不确定,,,多人同时说话，按项目规则标为不确定
R8007_M8010,R8007_M8010_seg0060,1524.190,1566.150,N_SPK8055,那那你要住人的话那那个你洗手间，那个淋浴间都得有，你过夜不得不得洗澡嘛，是吧。,True,full,高重叠不确定,,,uncertainty,高重叠语音，内容或说话人归属不确定,,,多人同时说话，按项目规则标为不确定
R8007_M8010,R8007_M8010_seg0060,1524.190,1566.150,N_SPK8056,啊。,True,full,高重叠不确定,,,uncertainty,高重叠语音，内容或说话人归属不确定,,,多人同时说话，按项目规则标为不确定
R8007_M8010,R8007_M8010_seg0060,1524.190,1566.150,N_SPK8054,那你就是，那你就预计太大了，啊。,True,full,高重叠不确定,,,uncertainty,高重叠语音，内容或说话人归属不确定,,,多人同时说话，按项目规则标为不确定
R8007_M8010,R8007_M8010_seg0060,1524.190,1566.150,N_SPK8050,住人可。,True,full,高重叠不确定,,,uncertainty,高重叠语音，内容或说话人归属不确定,,,多人同时说话，按项目规则标为不确定
R8007_M8010,R8007_M8010_seg0060,1524.190,1566.150,N_SPK8056,那留个。,True,full,高重叠不确定,,,uncertainty,高重叠语音，内容或说话人归属不确定,,,多人同时说话，按项目规则标为不确定
R8007_M8010,R8007_M8010_seg0060,1524.190,1566.150,N_SPK8056,啊。,True,full,高重叠不确定,,,uncertainty,高重叠语音，内容或说话人归属不确定,,,多人同时说话，按项目规则标为不确定
R8007_M8010,R8007_M8010_seg0060,1524.190,1566.150,N_SPK8054,啊。,True,full,高重叠不确定,,,uncertainty,高重叠语音，内容或说话人归属不确定,,,多人同时说话，按项目规则标为不确定
R8007_M8010,R8007_M8010_seg0060,1524.190,1566.150,N_SPK8050,哦。,True,full,高重叠不确定,,,uncertainty,高重叠语音，内容或说话人归属不确定,,,多人同时说话，按项目规则标为不确定
R8007_M8010,R8007_M8010_seg0060,1524.190,1566.150,N_SPK8054,是，你留的那个。那你的预算开支就更大了，这个东西吧，你就说简单，有个三四个人暂时休息地方儿，还可以，你要说十个二十个的，这个指定是不行了嘛。,True,full,高重叠不确定,,,uncertainty,高重叠语音，内容或说话人归属不确定,,,多人同时说话，按项目规则标为不确定
R8007_M8010,R8007_M8010_seg0060,1524.190,1566.150,N_SPK8050,嗯。,True,full,高重叠不确定,,,uncertainty,高重叠语音，内容或说话人归属不确定,,,多人同时说话，按项目规则标为不确定
R8007_M8010,R8007_M8010_seg0060,1524.190,1566.150,N_SPK8056,是我们我们这个地方。,True,full,高重叠不确定,,,uncertainty,高重叠语音，内容或说话人归属不确定,,,多人同时说话，按项目规则标为不确定
R8007_M8010,R8007_M8010_seg0060,1524.190,1566.150,N_SPK8056,嗯我们刚才。,True,full,高重叠不确定,,,uncertainty,高重叠语音，内容或说话人归属不确定,,,多人同时说话，按项目规则标为不确定
R8007_M8010,R8007_M8010_seg0060,1524.190,1566.150,N_SPK8055,嗯。,True,full,高重叠不确定,,,uncertainty,高重叠语音，内容或说话人归属不确定,,,多人同时说话，按项目规则标为不确定
R8007_M8010,R8007_M8010_seg0060,1524.190,1566.150,N_SPK8056,刚才领导就是说这个地方儿。,True,full,高重叠不确定,,,uncertainty,高重叠语音，内容或说话人归属不确定,,,多人同时说话，按项目规则标为不确定
R8007_M8010,R8007_M8010_seg0060,1524.190,1566.150,N_SPK8050,有会议室有沙发是吧？啊室会议也有沙发，加班儿啥的啊。,True,full,高重叠不确定,,,uncertainty,高重叠语音，内容或说话人归属不确定,,,多人同时说话，按项目规则标为不确定
R8007_M8010,R8007_M8010_seg0060,1524.190,1566.150,N_SPK8056,啊我们新搬那个地方应该挺大的啊。,True,full,高重叠不确定,,,uncertainty,高重叠语音，内容或说话人归属不确定,,,多人同时说话，按项目规则标为不确定
R8007_M8010,R8007_M8010_seg0060,1524.190,1566.150,N_SPK8055,对有偶尔有加班儿的就沙发上凑合凑合吧，只能这样了。,True,full,高重叠不确定,,,uncertainty,高重叠语音，内容或说话人归属不确定,,,多人同时说话，按项目规则标为不确定
R8007_M8010,R8007_M8010_seg0060,1524.190,1566.150,N_SPK8054,对，沙发，对，沙发凑合凑合就可以了，因为这咋的，也不像自己家没有那么嗯。,True,full,高重叠不确定,,,uncertainty,高重叠语音，内容或说话人归属不确定,,,多人同时说话，按项目规则标为不确定
R8007_M8010,R8007_M8010_seg0060,1524.190,1566.150,N_SPK8050,啊啊吃的可以叫外卖，是不是加班的啊呃啊。,True,full,高重叠不确定,,,uncertainty,高重叠语音，内容或说话人归属不确定,,,多人同时说话，按项目规则标为不确定
R8007_M8010,R8007_M8010_seg0060,1524.190,1566.150,N_SPK8055,嗯，老板要加班那就给他开房吧只能。,True,full,高重叠不确定,,,uncertainty,高重叠语音，内容或说话人归属不确定,,,多人同时说话，按项目规则标为不确定
R8007_M8010,R8007_M8010_seg0060,1524.190,1566.150,N_SPK8056,啊。,True,full,高重叠不确定,,,uncertainty,高重叠语音，内容或说话人归属不确定,,,多人同时说话，按项目规则标为不确定
R8007_M8010,R8007_M8010_seg0061,1566.630,1577.450,N_SPK8056,就是我们。,True,full,高重叠不确定,,,uncertainty,高重叠语音，内容或说话人归属不确定,,,多人同时说话，按项目规则标为不确定
R8007_M8010,R8007_M8010_seg0061,1566.630,1577.450,N_SPK8054,老板加班儿，老板他自己决定了，那咱自己，咱管不了了，因为啥，他那屋有老板椅或者说是，他那个椅子整个沙发床一打开就可以住了，主要是员工。,True,full,高重叠不确定,,,uncertainty,高重叠语音，内容或说话人归属不确定,,,多人同时说话，按项目规则标为不确定
R8007_M8010,R8007_M8010_seg0061,1566.630,1577.450,N_SPK8050,老板。,True,full,高重叠不确定,,,uncertainty,高重叠语音，内容或说话人归属不确定,,,多人同时说话，按项目规则标为不确定
R8007_M8010,R8007_M8010_seg0061,1566.630,1577.450,N_SPK8056,啊。,True,full,高重叠不确定,,,uncertainty,高重叠语音，内容或说话人归属不确定,,,多人同时说话，按项目规则标为不确定
R8007_M8010,R8007_M8010_seg0061,1566.630,1577.450,N_SPK8055,嗯。,True,full,高重叠不确定,,,uncertainty,高重叠语音，内容或说话人归属不确定,,,多人同时说话，按项目规则标为不确定
R8007_M8010,R8007_M8010_seg0061,1566.630,1577.450,N_SPK8050,呃老。,True,full,高重叠不确定,,,uncertainty,高重叠语音，内容或说话人归属不确定,,,多人同时说话，按项目规则标为不确定
R8007_M8010,R8007_M8010_seg0061,1566.630,1577.450,N_SPK8056,就正好在那个办公。,True,full,高重叠不确定,,,uncertainty,高重叠语音，内容或说话人归属不确定,,,多人同时说话，按项目规则标为不确定
R8007_M8010,R8007_M8010_seg0061,1566.630,1577.450,N_SPK8055,嗯。,True,full,高重叠不确定,,,uncertainty,高重叠语音，内容或说话人归属不确定,,,多人同时说话，按项目规则标为不确定
R8007_M8010,R8007_M8010_seg0061,1566.630,1577.450,N_SPK8055,嗯。,True,full,高重叠不确定,,,uncertainty,高重叠语音，内容或说话人归属不确定,,,多人同时说话，按项目规则标为不确定
R8007_M8010,R8007_M8010_seg0061,1566.630,1577.450,N_SPK8050,对主要是员工加班儿，哎有。,True,full,高重叠不确定,,,uncertainty,高重叠语音，内容或说话人归属不确定,,,多人同时说话，按项目规则标为不确定
R8007_M8010,R8007_M8010_seg0061,1566.630,1577.450,N_SPK8055,嗯。,True,full,高重叠不确定,,,uncertainty,高重叠语音，内容或说话人归属不确定,,,多人同时说话，按项目规则标为不确定
R8007_M8010,R8007_M8010_seg0062,1577.770,1606.890,N_SPK8054,人老板可以出血，人人家随意了，开车就可以走了，但是让员工不行啊。,True,partial,高重叠不确定,,,uncertainty,高重叠语音，内容或说话人归属不确定,,,多人同时说话，按项目规则标为不确定
R8007_M8010,R8007_M8010_seg0062,1577.770,1606.890,N_SPK8055,但。,True,partial,高重叠不确定,,,uncertainty,高重叠语音，内容或说话人归属不确定,,,多人同时说话，按项目规则标为不确定
R8007_M8010,R8007_M8010_seg0062,1577.770,1606.890,N_SPK8055,但是我们但唉但是，在咱们这个这个这个办公地点啊，有有也得有考虑，有的实，住的实在是远的话，他们上次好些员工就提要求说这个报车费的事儿，你要不然你这个开支也挺大的。,True,partial,高重叠不确定,,,uncertainty,高重叠语音，内容或说话人归属不确定,,,多人同时说话，按项目规则标为不确定
R8007_M8010,R8007_M8010_seg0062,1577.770,1606.890,N_SPK8054,实在是一是，嗯。,True,partial,高重叠不确定,,,uncertainty,高重叠语音，内容或说话人归属不确定,,,多人同时说话，按项目规则标为不确定
R8007_M8010,R8007_M8010_seg0062,1577.770,1606.890,N_SPK8056,啊。,True,partial,高重叠不确定,,,uncertainty,高重叠语音，内容或说话人归属不确定,,,多人同时说话，按项目规则标为不确定
R8007_M8010,R8007_M8010_seg0062,1577.770,1606.890,N_SPK8054,这个吧？你就得看看他们那个。,True,partial,高重叠不确定,,,uncertainty,高重叠语音，内容或说话人归属不确定,,,多人同时说话，按项目规则标为不确定
R8007_M8010,R8007_M8010_seg0062,1577.770,1606.890,N_SPK8056,对其实现在。,True,partial,高重叠不确定,,,uncertainty,高重叠语音，内容或说话人归属不确定,,,多人同时说话，按项目规则标为不确定
R8007_M8010,R8007_M8010_seg0062,1577.770,1606.890,N_SPK8055,唉一晚上晚上打个车，晚上打个车就得七八十八九十一小一百，有的有的人人工资少的一天都白干了，嗯。,True,partial,高重叠不确定,,,uncertainty,高重叠语音，内容或说话人归属不确定,,,多人同时说话，按项目规则标为不确定
R8007_M8010,R8007_M8010_seg0062,1577.770,1606.890,N_SPK8050,呃加班儿的加班儿这个应该给以。,True,partial,高重叠不确定,,,uncertainty,高重叠语音，内容或说话人归属不确定,,,多人同时说话，按项目规则标为不确定
R8007_M8010,R8007_M8010_seg0062,1577.770,1606.890,N_SPK8050,这这。,True,partial,高重叠不确定,,,uncertainty,高重叠语音，内容或说话人归属不确定,,,多人同时说话，按项目规则标为不确定
R8007_M8010,R8007_M8010_seg0062,1577.770,1606.890,N_SPK8054,那晚上你就，那咱必须得走一个三四个人的可以走的。,True,partial,高重叠不确定,,,uncertainty,高重叠语音，内容或说话人归属不确定,,,多人同时说话，按项目规则标为不确定
R8007_M8010,R8007_M8010_seg0062,1577.770,1606.890,N_SPK8050,不是加班吧，他把车费应该给报点儿。,True,partial,高重叠不确定,,,uncertainty,高重叠语音，内容或说话人归属不确定,,,多人同时说话，按项目规则标为不确定
R8007_M8010,R8007_M8010_seg0063,1607.990,1619.920,N_SPK8055,所以说。,True,full,高重叠不确定,,,uncertainty,高重叠语音，内容或说话人归属不确定,,,多人同时说话，按项目规则标为不确定
R8007_M8010,R8007_M8010_seg0063,1607.990,1619.920,N_SPK8056,嗯这个想法的话。,True,full,高重叠不确定,,,uncertainty,高重叠语音，内容或说话人归属不确定,,,多人同时说话，按项目规则标为不确定
R8007_M8010,R8007_M8010_seg0063,1607.990,1619.920,N_SPK8054,但是要是说的，打车要是那么远的话，你可以就是考虑一样的。这样的就是说有些方面的情况下，让他上这边来，呃，住，租房子呀，或者怎么地啊！,True,full,高重叠不确定,,,uncertainty,高重叠语音，内容或说话人归属不确定,,,多人同时说话，按项目规则标为不确定
R8007_M8010,R8007_M8010_seg0063,1607.990,1619.920,N_SPK8050,对加班儿晚了没呃公交了地铁都没有了。,True,full,高重叠不确定,,,uncertainty,高重叠语音，内容或说话人归属不确定,,,多人同时说话，按项目规则标为不确定
R8007_M8010,R8007_M8010_seg0063,1607.990,1619.920,N_SPK8055,嗯。,True,full,高重叠不确定,,,uncertainty,高重叠语音，内容或说话人归属不确定,,,多人同时说话，按项目规则标为不确定
R8007_M8010,R8007_M8010_seg0063,1607.990,1619.920,N_SPK8055,七点到九点，九点钟以后的应该是，全部报报这个出租车费吧啊。,True,full,高重叠不确定,,,uncertainty,高重叠语音，内容或说话人归属不确定,,,多人同时说话，按项目规则标为不确定
R8007_M8010,R8007_M8010_seg0063,1607.990,1619.920,N_SPK8056,对它这。,True,full,高重叠不确定,,,uncertainty,高重叠语音，内容或说话人归属不确定,,,多人同时说话，按项目规则标为不确定
R8007_M8010,R8007_M8010_seg0063,1607.990,1619.920,N_SPK8050,嗯对九点以后加班儿，加到九点十点嗯。,True,full,高重叠不确定,,,uncertainty,高重叠语音，内容或说话人归属不确定,,,多人同时说话，按项目规则标为不确定
R8007_M8010,R8007_M8010_seg0063,1607.990,1619.920,N_SPK8056,打车费。,True,full,高重叠不确定,,,uncertainty,高重叠语音，内容或说话人归属不确定,,,多人同时说话，按项目规则标为不确定
R8007_M8010,R8007_M8010_seg0064,1620.150,1642.020,N_SPK8050,地公交没有了。,True,full,高重叠不确定,,,uncertainty,高重叠语音，内容或说话人归属不确定,,,多人同时说话，按项目规则标为不确定
R8007_M8010,R8007_M8010_seg0064,1620.150,1642.020,N_SPK8056,其实打车费的话，现在现在好像是说不给报，但是说可以住宿，因为我们新搬那个地方。,True,full,高重叠不确定,,,uncertainty,高重叠语音，内容或说话人归属不确定,,,多人同时说话，按项目规则标为不确定
R8007_M8010,R8007_M8010_seg0064,1620.150,1642.020,N_SPK8054,要是说特别远滴滴话。,True,full,高重叠不确定,,,uncertainty,高重叠语音，内容或说话人归属不确定,,,多人同时说话，按项目规则标为不确定
R8007_M8010,R8007_M8010_seg0064,1620.150,1642.020,N_SPK8055,你九九点以后肯定得报吧，九点以后的啊。,True,full,高重叠不确定,,,uncertainty,高重叠语音，内容或说话人归属不确定,,,多人同时说话，按项目规则标为不确定
R8007_M8010,R8007_M8010_seg0064,1620.150,1642.020,N_SPK8056,我们新搬那个地方都挺大的。,True,full,高重叠不确定,,,uncertainty,高重叠语音，内容或说话人归属不确定,,,多人同时说话，按项目规则标为不确定
R8007_M8010,R8007_M8010_seg0064,1620.150,1642.020,N_SPK8050,对对加班儿晚了九点十点，应该给报点儿。,True,full,高重叠不确定,,,uncertainty,高重叠语音，内容或说话人归属不确定,,,多人同时说话，按项目规则标为不确定
R8007_M8010,R8007_M8010_seg0064,1620.150,1642.020,N_SPK8054,但是，但是这个事儿吧，有，咱不有人事吗？让他去，跟那个就是员工，协商一下子，看看能不能说的。咱们搬的新那个地方让他从这个地方租房，因为现在都是租房的吗？,True,full,高重叠不确定,,,uncertainty,高重叠语音，内容或说话人归属不确定,,,多人同时说话，按项目规则标为不确定
R8007_M8010,R8007_M8010_seg0064,1620.150,1642.020,N_SPK8055,所以说。,True,full,高重叠不确定,,,uncertainty,高重叠语音，内容或说话人归属不确定,,,多人同时说话，按项目规则标为不确定
R8007_M8010,R8007_M8010_seg0064,1620.150,1642.020,N_SPK8055,所以说我觉得这个地点也还是要。,True,full,高重叠不确定,,,uncertainty,高重叠语音，内容或说话人归属不确定,,,多人同时说话，按项目规则标为不确定
R8007_M8010,R8007_M8010_seg0064,1620.150,1642.020,N_SPK8056,啊。,True,full,高重叠不确定,,,uncertainty,高重叠语音，内容或说话人归属不确定,,,多人同时说话，按项目规则标为不确定
R8007_M8010,R8007_M8010_seg0064,1620.150,1642.020,N_SPK8055,嗯。,True,full,高重叠不确定,,,uncertainty,高重叠语音，内容或说话人归属不确定,,,多人同时说话，按项目规则标为不确定
R8007_M8010,R8007_M8010_seg0064,1620.150,1642.020,N_SPK8050,哦。,True,full,高重叠不确定,,,uncertainty,高重叠语音，内容或说话人归属不确定,,,多人同时说话，按项目规则标为不确定
R8007_M8010,R8007_M8010_seg0065,1642.290,1655.360,N_SPK8056,行吧到时候。,True,partial,高重叠不确定,,,uncertainty,高重叠语音，内容或说话人归属不确定,,,多人同时说话，按项目规则标为不确定
R8007_M8010,R8007_M8010_seg0065,1642.290,1655.360,N_SPK8054,他不是说固定的，要是自己的房子咱就不用说了，都是不是固定的，看当地的房子什么价，完了，看看他们就是有没有，就就是说的也到期了，或者说滴。,True,partial,高重叠不确定,,,uncertainty,高重叠语音，内容或说话人归属不确定,,,多人同时说话，按项目规则标为不确定
R8007_M8010,R8007_M8010_seg0065,1642.290,1655.360,N_SPK8050,呃租房。,True,partial,高重叠不确定,,,uncertainty,高重叠语音，内容或说话人归属不确定,,,多人同时说话，按项目规则标为不确定
R8007_M8010,R8007_M8010_seg0065,1642.290,1655.360,N_SPK8055,嗯。,True,partial,高重叠不确定,,,uncertainty,高重叠语音，内容或说话人归属不确定,,,多人同时说话，按项目规则标为不确定
R8007_M8010,R8007_M8010_seg0065,1642.290,1655.360,N_SPK8056,我们搬过去之后再联系一下就是说。,True,partial,高重叠不确定,,,uncertainty,高重叠语音，内容或说话人归属不确定,,,多人同时说话，按项目规则标为不确定
R8007_M8010,R8007_M8010_seg0065,1642.290,1655.360,N_SPK8050,嗯。,True,partial,高重叠不确定,,,uncertainty,高重叠语音，内容或说话人归属不确定,,,多人同时说话，按项目规则标为不确定
R8007_M8010,R8007_M8010_seg0065,1642.290,1655.360,N_SPK8055,啊。,True,partial,高重叠不确定,,,uncertainty,高重叠语音，内容或说话人归属不确定,,,多人同时说话，按项目规则标为不确定
R8007_M8010,R8007_M8010_seg0065,1642.290,1655.360,N_SPK8056,啊。,True,partial,高重叠不确定,,,uncertainty,高重叠语音，内容或说话人归属不确定,,,多人同时说话，按项目规则标为不确定
R8007_M8010,R8007_M8010_seg0065,1642.290,1655.360,N_SPK8055,嗯。,True,partial,高重叠不确定,,,uncertainty,高重叠语音，内容或说话人归属不确定,,,多人同时说话，按项目规则标为不确定
R8007_M8010,R8007_M8010_seg0066,1655.360,1663.590,N_SPK8054,时间短的，可以上这边来住来，上在这面租个房子不也方便吗？,True,partial,高重叠不确定,,,uncertainty,高重叠语音，内容或说话人归属不确定,,,多人同时说话，按项目规则标为不确定
R8007_M8010,R8007_M8010_seg0066,1655.360,1663.590,N_SPK8056,啊可以这个问题我再。,True,partial,高重叠不确定,,,uncertainty,高重叠语音，内容或说话人归属不确定,,,多人同时说话，按项目规则标为不确定
R8007_M8010,R8007_M8010_seg0066,1655.360,1663.590,N_SPK8055,嗯，唉那那边那边，那边那个咱们的业务公司合作公司是不是不太多呀。,True,partial,高重叠不确定,,,uncertainty,高重叠语音，内容或说话人归属不确定,,,多人同时说话，按项目规则标为不确定
R8007_M8010,R8007_M8010_seg0066,1655.360,1663.590,N_SPK8050,呃这这个行。,True,partial,高重叠不确定,,,uncertainty,高重叠语音，内容或说话人归属不确定,,,多人同时说话，按项目规则标为不确定
R8007_M8010,R8007_M8010_seg0067,1664.660,1667.620,N_SPK8055,咱们合作的几个公司好像在北边儿的多一点儿。,False,none,合作的几个公司好像在北边儿的多一点儿,,,speaker_stance,认为合作的几个公司好像在北边儿的多一点儿,,,
R8007_M8010,R8007_M8010_seg0068,1668.180,1700.520,N_SPK8054,北边，北边也也可以。,True,partial,高重叠不确定,,,uncertainty,高重叠语音，内容或说话人归属不确定,,,多人同时说话，按项目规则标为不确定
R8007_M8010,R8007_M8010_seg0068,1668.180,1700.520,N_SPK8056,那那。,True,partial,高重叠不确定,,,uncertainty,高重叠语音，内容或说话人归属不确定,,,多人同时说话，按项目规则标为不确定
R8007_M8010,R8007_M8010_seg0068,1668.180,1700.520,N_SPK8050,北边儿。,True,partial,高重叠不确定,,,uncertainty,高重叠语音，内容或说话人归属不确定,,,多人同时说话，按项目规则标为不确定
R8007_M8010,R8007_M8010_seg0068,1668.180,1700.520,N_SPK8055,对呀那个起码有七八家都在北边儿，东边儿东边儿倒是有东边儿有三四家。,True,partial,高重叠不确定,,,uncertainty,高重叠语音，内容或说话人归属不确定,,,多人同时说话，按项目规则标为不确定
R8007_M8010,R8007_M8010_seg0068,1668.180,1700.520,N_SPK8050,啊。,True,partial,高重叠不确定,,,uncertainty,高重叠语音，内容或说话人归属不确定,,,多人同时说话，按项目规则标为不确定
R8007_M8010,R8007_M8010_seg0068,1668.180,1700.520,N_SPK8056,呃那还行吧，反正反正这个东西坐地铁应该挺方便的吧。,True,partial,高重叠不确定,,,uncertainty,高重叠语音，内容或说话人归属不确定,,,多人同时说话，按项目规则标为不确定
R8007_M8010,R8007_M8010_seg0068,1668.180,1700.520,N_SPK8054,东边，就北，咱就是东南西北这一方，这几个面吧，就是，去考察那个人去看一些子，因为他就公司的具体方法不都得考虑一下的吗？呃，哪边？,True,partial,高重叠不确定,,,uncertainty,高重叠语音，内容或说话人归属不确定,,,多人同时说话，按项目规则标为不确定
R8007_M8010,R8007_M8010_seg0068,1668.180,1700.520,N_SPK8055,嗯。,True,partial,高重叠不确定,,,uncertainty,高重叠语音，内容或说话人归属不确定,,,多人同时说话，按项目规则标为不确定
R8007_M8010,R8007_M8010_seg0068,1668.180,1700.520,N_SPK8055,那我估计是不是可能还不能不能太往东边儿了。,True,partial,高重叠不确定,,,uncertainty,高重叠语音，内容或说话人归属不确定,,,多人同时说话，按项目规则标为不确定
R8007_M8010,R8007_M8010_seg0068,1668.180,1700.520,N_SPK8056,我们。,True,partial,高重叠不确定,,,uncertainty,高重叠语音，内容或说话人归属不确定,,,多人同时说话，按项目规则标为不确定
R8007_M8010,R8007_M8010_seg0068,1668.180,1700.520,N_SPK8050,嗯。,True,partial,高重叠不确定,,,uncertainty,高重叠语音，内容或说话人归属不确定,,,多人同时说话，按项目规则标为不确定
R8007_M8010,R8007_M8010_seg0068,1668.180,1700.520,N_SPK8054,多，咱上哪边儿去，因为啥地铁和公交车。,True,partial,高重叠不确定,,,uncertainty,高重叠语音，内容或说话人归属不确定,,,多人同时说话，按项目规则标为不确定
R8007_M8010,R8007_M8010_seg0068,1668.180,1700.520,N_SPK8056,我们那个地点不是已经敲定了就在哪一块儿嘛，然后现在领导反映说这个地方也挺大的，应该有一部分就之前留的装修，不知道大家就是现在主要是基于之前它的装修的地方去改。,True,partial,高重叠不确定,,,uncertainty,高重叠语音，内容或说话人归属不确定,,,多人同时说话，按项目规则标为不确定
R8007_M8010,R8007_M8010_seg0068,1668.180,1700.520,N_SPK8054,那个还，还行。,True,partial,高重叠不确定,,,uncertainty,高重叠语音，内容或说话人归属不确定,,,多人同时说话，按项目规则标为不确定
R8007_M8010,R8007_M8010_seg0069,1700.880,1726.720,N_SPK8056,然后可能能留留出一两间宿舍。,True,partial,高重叠不确定,,,uncertainty,高重叠语音，内容或说话人归属不确定,,,多人同时说话，按项目规则标为不确定
R8007_M8010,R8007_M8010_seg0069,1700.880,1726.720,N_SPK8054,那就得，那就得，就是咋说了，现在现看，现订吧！你不能说咱们说吧光说的也不行，你得去看去考察去。,True,partial,高重叠不确定,,,uncertainty,高重叠语音，内容或说话人归属不确定,,,多人同时说话，按项目规则标为不确定
R8007_M8010,R8007_M8010_seg0069,1700.880,1726.720,N_SPK8050,那。,True,partial,高重叠不确定,,,uncertainty,高重叠语音，内容或说话人归属不确定,,,多人同时说话，按项目规则标为不确定
R8007_M8010,R8007_M8010_seg0069,1700.880,1726.720,N_SPK8056,嗯。,True,partial,高重叠不确定,,,uncertainty,高重叠语音，内容或说话人归属不确定,,,多人同时说话，按项目规则标为不确定
R8007_M8010,R8007_M8010_seg0069,1700.880,1726.720,N_SPK8055,但是我觉得还是这个这个，离离甲方近一点儿还是方便一些。,True,partial,高重叠不确定,,,uncertainty,高重叠语音，内容或说话人归属不确定,,,多人同时说话，按项目规则标为不确定
R8007_M8010,R8007_M8010_seg0069,1700.880,1726.720,N_SPK8056,啊。,True,partial,高重叠不确定,,,uncertainty,高重叠语音，内容或说话人归属不确定,,,多人同时说话，按项目规则标为不确定
R8007_M8010,R8007_M8010_seg0069,1700.880,1726.720,N_SPK8050,嗯对离咱们近点儿还是比较方便还是。,True,partial,高重叠不确定,,,uncertainty,高重叠语音，内容或说话人归属不确定,,,多人同时说话，按项目规则标为不确定
R8007_M8010,R8007_M8010_seg0069,1700.880,1726.720,N_SPK8056,嗯。,True,partial,高重叠不确定,,,uncertainty,高重叠语音，内容或说话人归属不确定,,,多人同时说话，按项目规则标为不确定
R8007_M8010,R8007_M8010_seg0069,1700.880,1726.720,N_SPK8054,方便方便些，这都在考虑范围之内吗？,True,partial,高重叠不确定,,,uncertainty,高重叠语音，内容或说话人归属不确定,,,多人同时说话，按项目规则标为不确定
R8007_M8010,R8007_M8010_seg0069,1700.880,1726.720,N_SPK8055,你看我们有时候跑业务的，他他们来回来的一一天跑十几趟，你太远了都耽误在路上了是吧，像像有的。,True,partial,高重叠不确定,,,uncertainty,高重叠语音，内容或说话人归属不确定,,,多人同时说话，按项目规则标为不确定
R8007_M8010,R8007_M8010_seg0069,1700.880,1726.720,N_SPK8050,对对对对。,True,partial,高重叠不确定,,,uncertainty,高重叠语音，内容或说话人归属不确定,,,多人同时说话，按项目规则标为不确定
R8007_M8010,R8007_M8010_seg0069,1700.880,1726.720,N_SPK8054,对对对，这这这，这是个，这是个问题。,True,partial,高重叠不确定,,,uncertainty,高重叠语音，内容或说话人归属不确定,,,多人同时说话，按项目规则标为不确定
R8007_M8010,R8007_M8010_seg0069,1700.880,1726.720,N_SPK8056,是这个您说这个。,True,partial,高重叠不确定,,,uncertainty,高重叠语音，内容或说话人归属不确定,,,多人同时说话，按项目规则标为不确定
R8007_M8010,R8007_M8010_seg0070,1726.760,1743.180,N_SPK8056,您说这个东西到时候要考虑一下，然后你们现在要搬的那个地方，主要就是它的装修就是看一下这个图片，主要是这个样子然后呢。,True,partial,高重叠不确定,,,uncertainty,高重叠语音，内容或说话人归属不确定,,,多人同时说话，按项目规则标为不确定
R8007_M8010,R8007_M8010_seg0070,1726.760,1743.180,N_SPK8054,你说说，这个是得考虑一下子。,True,partial,高重叠不确定,,,uncertainty,高重叠语音，内容或说话人归属不确定,,,多人同时说话，按项目规则标为不确定
R8007_M8010,R8007_M8010_seg0070,1726.760,1743.180,N_SPK8055,嗯。,True,partial,高重叠不确定,,,uncertainty,高重叠语音，内容或说话人归属不确定,,,多人同时说话，按项目规则标为不确定
R8007_M8010,R8007_M8010_seg0070,1726.760,1743.180,N_SPK8050,嗯。,True,partial,高重叠不确定,,,uncertainty,高重叠语音，内容或说话人归属不确定,,,多人同时说话，按项目规则标为不确定
R8007_M8010,R8007_M8010_seg0070,1726.760,1743.180,N_SPK8054,他这样子，这不没啥需要，主要是空间了，或者咱们就是，安排的够就行。,True,partial,高重叠不确定,,,uncertainty,高重叠语音，内容或说话人归属不确定,,,多人同时说话，按项目规则标为不确定
R8007_M8010,R8007_M8010_seg0070,1726.760,1743.180,N_SPK8050,样子。,True,partial,高重叠不确定,,,uncertainty,高重叠语音，内容或说话人归属不确定,,,多人同时说话，按项目规则标为不确定
R8007_M8010,R8007_M8010_seg0070,1726.760,1743.180,N_SPK8056,呃。就是。,True,partial,高重叠不确定,,,uncertainty,高重叠语音，内容或说话人归属不确定,,,多人同时说话，按项目规则标为不确定
R8007_M8010,R8007_M8010_seg0070,1726.760,1743.180,N_SPK8050,咱。,True,partial,高重叠不确定,,,uncertainty,高重叠语音，内容或说话人归属不确定,,,多人同时说话，按项目规则标为不确定
R8007_M8010,R8007_M8010_seg0070,1726.760,1743.180,N_SPK8055,其实我觉得他这装修还行吧。,True,partial,高重叠不确定,,,uncertainty,高重叠语音，内容或说话人归属不确定,,,多人同时说话，按项目规则标为不确定
R8007_M8010,R8007_M8010_seg0070,1726.760,1743.180,N_SPK8056,呃有这。,True,partial,高重叠不确定,,,uncertainty,高重叠语音，内容或说话人归属不确定,,,多人同时说话，按项目规则标为不确定
R8007_M8010,R8007_M8010_seg0071,1743.220,1753.300,N_SPK8056,有这几种参考的，大家不知道对这个有什么改进。,True,partial,高重叠不确定,,,uncertainty,高重叠语音，内容或说话人归属不确定,,,多人同时说话，按项目规则标为不确定
R8007_M8010,R8007_M8010_seg0071,1743.220,1753.300,N_SPK8055,他这个装修。,True,partial,高重叠不确定,,,uncertainty,高重叠语音，内容或说话人归属不确定,,,多人同时说话，按项目规则标为不确定
R8007_M8010,R8007_M8010_seg0071,1743.220,1753.300,N_SPK8050,你你说一下子，那那你说说。,True,partial,高重叠不确定,,,uncertainty,高重叠语音，内容或说话人归属不确定,,,多人同时说话，按项目规则标为不确定
R8007_M8010,R8007_M8010_seg0071,1743.220,1753.300,N_SPK8054,再再一个是，他那个，那个不说那什么，离那个客户近一些也可以，但是来回跑时间多。,True,partial,高重叠不确定,,,uncertainty,高重叠语音，内容或说话人归属不确定,,,多人同时说话，按项目规则标为不确定
R8007_M8010,R8007_M8010_seg0071,1743.220,1753.300,N_SPK8055,嗯。,True,partial,高重叠不确定,,,uncertainty,高重叠语音，内容或说话人归属不确定,,,多人同时说话，按项目规则标为不确定
R8007_M8010,R8007_M8010_seg0071,1743.220,1753.300,N_SPK8056,啊。,True,partial,高重叠不确定,,,uncertainty,高重叠语音，内容或说话人归属不确定,,,多人同时说话，按项目规则标为不确定
R8007_M8010,R8007_M8010_seg0071,1743.220,1753.300,N_SPK8050,嗯。,True,partial,高重叠不确定,,,uncertainty,高重叠语音，内容或说话人归属不确定,,,多人同时说话，按项目规则标为不确定
R8007_M8010,R8007_M8010_seg0072,1753.620,1767.410,N_SPK8054,这北京太大了，这头跑到那头，就是说太拖累的话时间也挺长，嗯。,True,partial,高重叠不确定,,,uncertainty,高重叠语音，内容或说话人归属不确定,,,多人同时说话，按项目规则标为不确定
R8007_M8010,R8007_M8010_seg0072,1753.620,1767.410,N_SPK8056,啊这个问题。,True,partial,高重叠不确定,,,uncertainty,高重叠语音，内容或说话人归属不确定,,,多人同时说话，按项目规则标为不确定
R8007_M8010,R8007_M8010_seg0072,1753.620,1767.410,N_SPK8056,这个我们考虑到了，然后我们领导也看了一下，离那个地方也就十多分钟的样子也不太远，然后就是它里边儿具体装修的话。,True,partial,高重叠不确定,,,uncertainty,高重叠语音，内容或说话人归属不确定,,,多人同时说话，按项目规则标为不确定
R8007_M8010,R8007_M8010_seg0072,1753.620,1767.410,N_SPK8054,哦，那还可以，那还可以。,True,partial,高重叠不确定,,,uncertainty,高重叠语音，内容或说话人归属不确定,,,多人同时说话，按项目规则标为不确定
R8007_M8010,R8007_M8010_seg0072,1753.620,1767.410,N_SPK8050,哦那那行那行。,True,partial,高重叠不确定,,,uncertainty,高重叠语音，内容或说话人归属不确定,,,多人同时说话，按项目规则标为不确定
R8007_M8010,R8007_M8010_seg0072,1753.620,1767.410,N_SPK8055,他。,True,partial,高重叠不确定,,,uncertainty,高重叠语音，内容或说话人归属不确定,,,多人同时说话，按项目规则标为不确定
R8007_M8010,R8007_M8010_seg0072,1753.620,1767.410,N_SPK8050,嗯。,True,partial,高重叠不确定,,,uncertainty,高重叠语音，内容或说话人归属不确定,,,多人同时说话，按项目规则标为不确定
R8007_M8010,R8007_M8010_seg0072,1753.620,1767.410,N_SPK8054,还可以还可以。,True,partial,高重叠不确定,,,uncertainty,高重叠语音，内容或说话人归属不确定,,,多人同时说话，按项目规则标为不确定
R8007_M8010,R8007_M8010_seg0073,1767.590,1785.050,N_SPK8055,我觉得他这装修能用的就尽量用吧，我们可能也不需要大改，嗯，主要就是主要就是划分几块区域我们特别必须必须有保证的几块区域，茶水间呀，卫生间啊。,True,full,高重叠不确定,,,uncertainty,高重叠语音，内容或说话人归属不确定,,,多人同时说话，按项目规则标为不确定
R8007_M8010,R8007_M8010_seg0073,1767.590,1785.050,N_SPK8056,装修的话那。,True,full,高重叠不确定,,,uncertainty,高重叠语音，内容或说话人归属不确定,,,多人同时说话，按项目规则标为不确定
R8007_M8010,R8007_M8010_seg0073,1767.590,1785.050,N_SPK8054,对对对。,True,full,高重叠不确定,,,uncertainty,高重叠语音，内容或说话人归属不确定,,,多人同时说话，按项目规则标为不确定
R8007_M8010,R8007_M8010_seg0073,1767.590,1785.050,N_SPK8050,装修简单装修就行。,True,full,高重叠不确定,,,uncertainty,高重叠语音，内容或说话人归属不确定,,,多人同时说话，按项目规则标为不确定
R8007_M8010,R8007_M8010_seg0073,1767.590,1785.050,N_SPK8054,简单。,True,full,高重叠不确定,,,uncertainty,高重叠语音，内容或说话人归属不确定,,,多人同时说话，按项目规则标为不确定
R8007_M8010,R8007_M8010_seg0073,1767.590,1785.050,N_SPK8050,对很好。,True,full,高重叠不确定,,,uncertainty,高重叠语音，内容或说话人归属不确定,,,多人同时说话，按项目规则标为不确定
R8007_M8010,R8007_M8010_seg0073,1767.590,1785.050,N_SPK8054,因为咱是办公，不是说跟家就简单一点儿，就可以，嗯。,True,full,高重叠不确定,,,uncertainty,高重叠语音，内容或说话人归属不确定,,,多人同时说话，按项目规则标为不确定
R8007_M8010,R8007_M8010_seg0073,1767.590,1785.050,N_SPK8056,啊。,True,full,高重叠不确定,,,uncertainty,高重叠语音，内容或说话人归属不确定,,,多人同时说话，按项目规则标为不确定
R8007_M8010,R8007_M8010_seg0073,1767.590,1785.050,N_SPK8050,对。,True,full,高重叠不确定,,,uncertainty,高重叠语音，内容或说话人归属不确定,,,多人同时说话，按项目规则标为不确定
R8007_M8010,R8007_M8010_seg0073,1767.590,1785.050,N_SPK8056,就是大家现在可以看一下，就是这个里边儿的平面图啊还有还有什么。,True,full,高重叠不确定,,,uncertainty,高重叠语音，内容或说话人归属不确定,,,多人同时说话，按项目规则标为不确定
R8007_M8010,R8007_M8010_seg0073,1767.590,1785.050,N_SPK8055,这些。,True,full,高重叠不确定,,,uncertainty,高重叠语音，内容或说话人归属不确定,,,多人同时说话，按项目规则标为不确定
R8007_M8010,R8007_M8010_seg0073,1767.590,1785.050,N_SPK8054,啊。,True,full,高重叠不确定,,,uncertainty,高重叠语音，内容或说话人归属不确定,,,多人同时说话，按项目规则标为不确定
R8007_M8010,R8007_M8010_seg0073,1767.590,1785.050,N_SPK8050,装修就简单明了就行。,True,full,高重叠不确定,,,uncertainty,高重叠语音，内容或说话人归属不确定,,,多人同时说话，按项目规则标为不确定
R8007_M8010,R8007_M8010_seg0074,1785.300,1800.490,N_SPK8054,嗯。,True,partial,高重叠不确定,,,uncertainty,高重叠语音，内容或说话人归属不确定,,,多人同时说话，按项目规则标为不确定
R8007_M8010,R8007_M8010_seg0074,1785.300,1800.490,N_SPK8056,啊简单明了就行是吧，那就把现在的那个。,True,partial,高重叠不确定,,,uncertainty,高重叠语音，内容或说话人归属不确定,,,多人同时说话，按项目规则标为不确定
R8007_M8010,R8007_M8010_seg0074,1785.300,1800.490,N_SPK8054,嗯，反正咱就讨论这些事儿，你订你订一下子，完了看一下子。嗯。,True,partial,高重叠不确定,,,uncertainty,高重叠语音，内容或说话人归属不确定,,,多人同时说话，按项目规则标为不确定
R8007_M8010,R8007_M8010_seg0074,1785.300,1800.490,N_SPK8055,对。,True,partial,高重叠不确定,,,uncertainty,高重叠语音，内容或说话人归属不确定,,,多人同时说话，按项目规则标为不确定
R8007_M8010,R8007_M8010_seg0074,1785.300,1800.490,N_SPK8055,别搞得太复杂了装修啊。,True,partial,高重叠不确定,,,uncertainty,高重叠语音，内容或说话人归属不确定,,,多人同时说话，按项目规则标为不确定
R8007_M8010,R8007_M8010_seg0074,1785.300,1800.490,N_SPK8050,嗯。,True,partial,高重叠不确定,,,uncertainty,高重叠语音，内容或说话人归属不确定,,,多人同时说话，按项目规则标为不确定
R8007_M8010,R8007_M8010_seg0074,1785.300,1800.490,N_SPK8056,行行行就是大家现在可以看一下这个图片儿，然后把里面的东西到时候改一下，后边再有什么事儿的话可以及时反馈一下，那么今天。,True,partial,高重叠不确定,,,uncertainty,高重叠语音，内容或说话人归属不确定,,,多人同时说话，按项目规则标为不确定
R8007_M8010,R8007_M8010_seg0074,1785.300,1800.490,N_SPK8055,嗯。,True,partial,高重叠不确定,,,uncertainty,高重叠语音，内容或说话人归属不确定,,,多人同时说话，按项目规则标为不确定
R8007_M8010,R8007_M8010_seg0074,1785.300,1800.490,N_SPK8054,行行可以可以。,True,partial,高重叠不确定,,,uncertainty,高重叠语音，内容或说话人归属不确定,,,多人同时说话，按项目规则标为不确定
R8007_M8010,R8007_M8010_seg0074,1785.300,1800.490,N_SPK8055,嗯。,True,partial,高重叠不确定,,,uncertainty,高重叠语音，内容或说话人归属不确定,,,多人同时说话，按项目规则标为不确定
R8007_M8010,R8007_M8010_seg0074,1785.300,1800.490,N_SPK8050,行行。,True,partial,高重叠不确定,,,uncertainty,高重叠语音，内容或说话人归属不确定,,,多人同时说话，按项目规则标为不确定
R8007_M8010,R8007_M8010_seg0075,1800.820,1830.770,N_SPK8056,今天就主要就讨论的就这些事儿，我们搬家的这些流程啊就是大概要二十号，对然后我们就定一下排班。,True,partial,高重叠不确定,,,uncertainty,高重叠语音，内容或说话人归属不确定,,,多人同时说话，按项目规则标为不确定
R8007_M8010,R8007_M8010_seg0075,1800.820,1830.770,N_SPK8054,嗯。,True,partial,高重叠不确定,,,uncertainty,高重叠语音，内容或说话人归属不确定,,,多人同时说话，按项目规则标为不确定
R8007_M8010,R8007_M8010_seg0075,1800.820,1830.770,N_SPK8055,嗯。,True,partial,高重叠不确定,,,uncertainty,高重叠语音，内容或说话人归属不确定,,,多人同时说话，按项目规则标为不确定
R8007_M8010,R8007_M8010_seg0075,1800.820,1830.770,N_SPK8054,行，都划上日程了就完事了，嗯。,True,partial,高重叠不确定,,,uncertainty,高重叠语音，内容或说话人归属不确定,,,多人同时说话，按项目规则标为不确定
R8007_M8010,R8007_M8010_seg0075,1800.820,1830.770,N_SPK8055,那就自己负责自己各片吧嗯。,True,partial,高重叠不确定,,,uncertainty,高重叠语音，内容或说话人归属不确定,,,多人同时说话，按项目规则标为不确定
R8007_M8010,R8007_M8010_seg0075,1800.820,1830.770,N_SPK8050,看一下看一下定一下时间。,True,partial,高重叠不确定,,,uncertainty,高重叠语音，内容或说话人归属不确定,,,多人同时说话，按项目规则标为不确定
R8007_M8010,R8007_M8010_seg0075,1800.820,1830.770,N_SPK8054,对，派人下去自己负责自己的完了，咱们不也就是，一一一一收拾，要是搬家公司来，咱可以搬家了。,True,partial,高重叠不确定,,,uncertainty,高重叠语音，内容或说话人归属不确定,,,多人同时说话，按项目规则标为不确定
R8007_M8010,R8007_M8010_seg0075,1800.820,1830.770,N_SPK8056,对到时候。,True,partial,高重叠不确定,,,uncertainty,高重叠语音，内容或说话人归属不确定,,,多人同时说话，按项目规则标为不确定
R8007_M8010,R8007_M8010_seg0075,1800.820,1830.770,N_SPK8056,行。,True,partial,高重叠不确定,,,uncertainty,高重叠语音，内容或说话人归属不确定,,,多人同时说话，按项目规则标为不确定
R8007_M8010,R8007_M8010_seg0075,1800.820,1830.770,N_SPK8055,嗯。,True,partial,高重叠不确定,,,uncertainty,高重叠语音，内容或说话人归属不确定,,,多人同时说话，按项目规则标为不确定
R8007_M8010,R8007_M8010_seg0075,1800.820,1830.770,N_SPK8056,好那那那我们今天就这个会就大概开到这儿先，然后呢就是主要由您来负责后边儿联系搬家公司呀，还有制定预算这些事儿，然后我们地点大概先初步定在这个地方，如果后续有什么意见的话大家再。,True,partial,高重叠不确定,,,uncertainty,高重叠语音，内容或说话人归属不确定,,,多人同时说话，按项目规则标为不确定
R8007_M8010,R8007_M8010_seg0075,1800.820,1830.770,N_SPK8055,嗯。,True,partial,高重叠不确定,,,uncertainty,高重叠语音，内容或说话人归属不确定,,,多人同时说话，按项目规则标为不确定
R8007_M8010,R8007_M8010_seg0075,1800.820,1830.770,N_SPK8054,嗯。,True,partial,高重叠不确定,,,uncertainty,高重叠语音，内容或说话人归属不确定,,,多人同时说话，按项目规则标为不确定
R8007_M8010,R8007_M8010_seg0075,1800.820,1830.770,N_SPK8055,可以。,True,partial,高重叠不确定,,,uncertainty,高重叠语音，内容或说话人归属不确定,,,多人同时说话，按项目规则标为不确定
R8007_M8010,R8007_M8010_seg0075,1800.820,1830.770,N_SPK8055,嗯。,True,partial,高重叠不确定,,,uncertainty,高重叠语音，内容或说话人归属不确定,,,多人同时说话，按项目规则标为不确定
R8007_M8010,R8007_M8010_seg0075,1800.820,1830.770,N_SPK8054,好。,True,partial,高重叠不确定,,,uncertainty,高重叠语音，内容或说话人归属不确定,,,多人同时说话，按项目规则标为不确定
R8007_M8010,R8007_M8010_seg0076,1831.080,1853.900,N_SPK8056,哎及时的反馈，然后人员安排的话就是你们再去看调查一下具体有多少人要停车，然后呢我们搬到个那个地方停车位，然后再看一下然后。,True,partial,高重叠不确定,,,uncertainty,高重叠语音，内容或说话人归属不确定,,,多人同时说话，按项目规则标为不确定
R8007_M8010,R8007_M8010_seg0076,1831.080,1853.900,N_SPK8055,嗯行。,True,partial,高重叠不确定,,,uncertainty,高重叠语音，内容或说话人归属不确定,,,多人同时说话，按项目规则标为不确定
R8007_M8010,R8007_M8010_seg0076,1831.080,1853.900,N_SPK8054,好嘞。,True,partial,高重叠不确定,,,uncertainty,高重叠语音，内容或说话人归属不确定,,,多人同时说话，按项目规则标为不确定
R8007_M8010,R8007_M8010_seg0076,1831.080,1853.900,N_SPK8055,嗯。,True,partial,高重叠不确定,,,uncertainty,高重叠语音，内容或说话人归属不确定,,,多人同时说话，按项目规则标为不确定
R8007_M8010,R8007_M8010_seg0076,1831.080,1853.900,N_SPK8055,嗯。,True,partial,高重叠不确定,,,uncertainty,高重叠语音，内容或说话人归属不确定,,,多人同时说话，按项目规则标为不确定
R8007_M8010,R8007_M8010_seg0076,1831.080,1853.900,N_SPK8054,好。,True,partial,高重叠不确定,,,uncertainty,高重叠语音，内容或说话人归属不确定,,,多人同时说话，按项目规则标为不确定
R8007_M8010,R8007_M8010_seg0076,1831.080,1853.900,N_SPK8050,好。,True,partial,高重叠不确定,,,uncertainty,高重叠语音，内容或说话人归属不确定,,,多人同时说话，按项目规则标为不确定
R8007_M8010,R8007_M8010_seg0076,1831.080,1853.900,N_SPK8054,行行，就是就是打打出了一个那个什么了，呃日程，完完大伙儿再看一下哪嘎达修改一下就可以了，嗯。,True,partial,高重叠不确定,,,uncertainty,高重叠语音，内容或说话人归属不确定,,,多人同时说话，按项目规则标为不确定
R8007_M8010,R8007_M8010_seg0076,1831.080,1853.900,N_SPK8055,嗯。,True,partial,高重叠不确定,,,uncertainty,高重叠语音，内容或说话人归属不确定,,,多人同时说话，按项目规则标为不确定
R8007_M8010,R8007_M8010_seg0076,1831.080,1853.900,N_SPK8056,其它的事儿。,True,partial,高重叠不确定,,,uncertainty,高重叠语音，内容或说话人归属不确定,,,多人同时说话，按项目规则标为不确定
R8007_M8010,R8007_M8010_seg0076,1831.080,1853.900,N_SPK8055,嗯。,True,partial,高重叠不确定,,,uncertainty,高重叠语音，内容或说话人归属不确定,,,多人同时说话，按项目规则标为不确定
R8007_M8010,R8007_M8010_seg0076,1831.080,1853.900,N_SPK8056,对。,True,partial,高重叠不确定,,,uncertainty,高重叠语音，内容或说话人归属不确定,,,多人同时说话，按项目规则标为不确定
R8007_M8010,R8007_M8010_seg0076,1831.080,1853.900,N_SPK8056,后边儿的排班儿也就下来了，基本上就今天就开到这儿这个会，好哎谢谢大家哎。,True,partial,高重叠不确定,,,uncertainty,高重叠语音，内容或说话人归属不确定,,,多人同时说话，按项目规则标为不确定
R8007_M8010,R8007_M8010_seg0076,1831.080,1853.900,N_SPK8055,嗯。,True,partial,高重叠不确定,,,uncertainty,高重叠语音，内容或说话人归属不确定,,,多人同时说话，按项目规则标为不确定
R8007_M8010,R8007_M8010_seg0076,1831.080,1853.900,N_SPK8054,好。,True,partial,高重叠不确定,,,uncertainty,高重叠语音，内容或说话人归属不确定,,,多人同时说话，按项目规则标为不确定
R8007_M8010,R8007_M8010_seg0076,1831.080,1853.900,N_SPK8055,行好嗯。,True,partial,高重叠不确定,,,uncertainty,高重叠语音，内容或说话人归属不确定,,,多人同时说话，按项目规则标为不确定
R8007_M8010,R8007_M8010_seg0076,1831.080,1853.900,N_SPK8054,好，嗯。,True,partial,高重叠不确定,,,uncertainty,高重叠语音，内容或说话人归属不确定,,,多人同时说话，按项目规则标为不确定
