meeting_id,segment_id,start_time,end_time,speaker,text,is_overlap,overlap_type,topic,decision,action_item,event_type,content,owner,deadline,uncertainty_note
R8008_M8013,R8008_M8013_seg0001,2.130,8.440,N_SPK8049,下面我们来探讨一下餐饮嗯企业招聘的会议。,False,none,,,,topic_transition,讨论下面来探讨餐饮企业招聘的会议,,,
R8008_M8013,R8008_M8013_seg0002,9.140,21.800,N_SPK8047,好，那就由我来先分析一下餐饮行业的现状，嗯随着我国国民经济的快速发展，居民的收入水平越来越高，餐饮消费需求日益旺盛。,False,none,,,,speaker_stance,认为好，那就由我来先分析餐饮行业的现状，随着我国国民经济的快速发展，居民的收入水平越来越高...,,,
R8008_M8013,R8008_M8013_seg0003,22.230,25.730,N_SPK8047,餐饮营业额一直保持着较强的增长势头。,False,none,,,,speaker_stance,认为餐饮营业额一直保持着较强的增长势头,,,
R8008_M8013,R8008_M8013_seg0004,26.150,32.380,N_SPK8048,是的是的，看对这个势头是一直都比较明显的。,True,partial,,,,uncertainty,高重叠语音，内容或说话人归属不确定,,,多人同时说话，按项目规则标为不确定
R8008_M8013,R8008_M8013_seg0004,26.150,32.380,N_SPK8049,是的。,True,partial,,,,uncertainty,高重叠语音，内容或说话人归属不确定,,,多人同时说话，按项目规则标为不确定
R8008_M8013,R8008_M8013_seg0004,26.150,32.380,N_SPK8049,就是从。,True,partial,,,,uncertainty,高重叠语音，内容或说话人归属不确定,,,多人同时说话，按项目规则标为不确定
R8008_M8013,R8008_M8013_seg0005,32.650,41.020,N_SPK8047,对，然后呢也有数据统计，说近五年来我国餐饮业每年都以百分之十八左右的速度增增长。,False,none,,,,speaker_stance,认为对，呢也有数据统计，说近五年来我国餐饮业每年都以百分之十八左右的速度增增长,,,
R8008_M8013,R8008_M8013_seg0006,41.430,47.920,N_SPK8047,是GDP发展速度的两倍，可以说整个餐饮市场发展态势良好。,False,none,,,,speaker_stance,认为是GDP发展速度的两倍，可以说整个餐饮市场发展态势良好,,,
R8008_M8013,R8008_M8013_seg0007,48.240,56.750,N_SPK8048,嗯，那我们这个餐饮市场的前景真的是可观呢。,True,partial,,,,uncertainty,高重叠语音，内容或说话人归属不确定,,,多人同时说话，按项目规则标为不确定
R8008_M8013,R8008_M8013_seg0007,48.240,56.750,N_SPK8049,餐饮。,True,partial,,,,uncertainty,高重叠语音，内容或说话人归属不确定,,,多人同时说话，按项目规则标为不确定
R8008_M8013,R8008_M8013_seg0007,48.240,56.750,N_SPK8047,对对前景。,True,partial,,,,uncertainty,高重叠语音，内容或说话人归属不确定,,,多人同时说话，按项目规则标为不确定
R8008_M8013,R8008_M8013_seg0007,48.240,56.750,N_SPK8049,嗯，潜力也比较大了。,True,partial,,,,uncertainty,高重叠语音，内容或说话人归属不确定,,,多人同时说话，按项目规则标为不确定
R8008_M8013,R8008_M8013_seg0008,57.060,57.370,N_SPK8048,对。,False,none,,,,speaker_stance,认为对,,,
R8008_M8013,R8008_M8013_seg0009,58.430,67.160,N_SPK8047,嗯，然后主要体现在连锁经营，品牌培育，技术创新管理科学化为代表的现代餐饮企业。,False,none,,,,speaker_stance,认为主要体现在连锁经营，品牌培育，技术创新管理科学化为代表的现代餐饮企业,,,
R8008_M8013,R8008_M8013_seg0010,67.780,80.690,N_SPK8047,逐步替代了传统餐饮业的手工随意性生产，单店作坊式，人为经验管理型，快步向企业化集团化连连锁化和现代化迈进。,True,partial,,,,uncertainty,高重叠语音，内容或说话人归属不确定,,,多人同时说话，按项目规则标为不确定
R8008_M8013,R8008_M8013_seg0010,67.780,80.690,N_SPK8049,嗯。,True,partial,,,,uncertainty,高重叠语音，内容或说话人归属不确定,,,多人同时说话，按项目规则标为不确定
R8008_M8013,R8008_M8013_seg0011,80.880,92.320,N_SPK8048,嗯，我觉得我们这个餐饮行业，我们觉得我们企业也应该像连锁经营这些连锁化和现代化，这是方向迈进。,True,partial,,,,uncertainty,高重叠语音，内容或说话人归属不确定,,,多人同时说话，按项目规则标为不确定
R8008_M8013,R8008_M8013_seg0011,80.880,92.320,N_SPK8049,嗯。,True,partial,,,,uncertainty,高重叠语音，内容或说话人归属不确定,,,多人同时说话，按项目规则标为不确定
R8008_M8013,R8008_M8013_seg0011,80.880,92.320,N_SPK8049,嗯，进行什么卖出？,True,partial,,,,uncertainty,高重叠语音，内容或说话人归属不确定,,,多人同时说话，按项目规则标为不确定
R8008_M8013,R8008_M8013_seg0011,80.880,92.320,N_SPK8047,对。,True,partial,,,,uncertainty,高重叠语音，内容或说话人归属不确定,,,多人同时说话，按项目规则标为不确定
R8008_M8013,R8008_M8013_seg0012,93.860,96.340,N_SPK8049,多家连锁跟。,True,full,,,,uncertainty,高重叠语音，内容或说话人归属不确定,,,多人同时说话，按项目规则标为不确定
R8008_M8013,R8008_M8013_seg0012,93.860,96.340,N_SPK8047,然后。,True,full,,,,uncertainty,高重叠语音，内容或说话人归属不确定,,,多人同时说话，按项目规则标为不确定
R8008_M8013,R8008_M8013_seg0012,93.860,96.340,N_SPK8048,对这方面需要做一点改变。,True,full,,,,uncertainty,高重叠语音，内容或说话人归属不确定,,,多人同时说话，按项目规则标为不确定
R8008_M8013,R8008_M8013_seg0013,96.650,97.240,N_SPK8049,改进。,False,none,,,,speaker_stance,认为改进,,,
R8008_M8013,R8008_M8013_seg0014,97.420,104.510,N_SPK8047,对的，然后呢，让餐饮业引入电子商务也是势在必行餐饮业的发展态势。,False,none,,,,speaker_stance,认为对的，呢，让餐饮业引入电子商务也是势在必行餐饮业的发展态势,,,
R8008_M8013,R8008_M8013_seg0015,106.610,114.420,N_SPK8047,然后因为这样子把两者联合起来，就可能会提高餐饮业的发展，他前景就会越来越好。,False,none,,,,speaker_stance,认为因为这样子把两者联合起来，就可能会提高餐饮业的发展，他前景就会越来越好,,,
R8008_M8013,R8008_M8013_seg0016,114.690,115.350,N_SPK8048,是的是的。,False,none,,,,speaker_stance,认为是的是的,,,
R8008_M8013,R8008_M8013_seg0017,116.170,121.710,N_SPK8047,呃然后餐饮企业的连锁化集团化是我国餐饮业发展的主流。,True,partial,,,,uncertainty,高重叠语音，内容或说话人归属不确定,,,多人同时说话，按项目规则标为不确定
R8008_M8013,R8008_M8013_seg0017,116.170,121.710,N_SPK8049,嗯。,True,partial,,,,uncertainty,高重叠语音，内容或说话人归属不确定,,,多人同时说话，按项目规则标为不确定
R8008_M8013,R8008_M8013_seg0018,121.780,123.000,N_SPK8049,没错，是的。,False,none,,,,speaker_stance,认为没错，是的,,,
R8008_M8013,R8008_M8013_seg0019,123.520,133.890,N_SPK8047,大众消费也成为餐饮消费的主要力量，餐饮文化成为餐饮竞争的分水岭，品牌成为餐饮企业的核心竞争力。,True,partial,,,,uncertainty,高重叠语音，内容或说话人归属不确定,,,多人同时说话，按项目规则标为不确定
R8008_M8013,R8008_M8013_seg0019,123.520,133.890,N_SPK8048,嗯。,True,partial,,,,uncertainty,高重叠语音，内容或说话人归属不确定,,,多人同时说话，按项目规则标为不确定
R8008_M8013,R8008_M8013_seg0020,134.110,144.320,N_SPK8048,那这样子看我们需要为这个餐饮，我们企业的品牌树立一个良好的形象。,True,partial,,,,uncertainty,高重叠语音，内容或说话人归属不确定,,,多人同时说话，按项目规则标为不确定
R8008_M8013,R8008_M8013_seg0020,134.110,144.320,N_SPK8049,没错，竞争比较强烈，企业竞争比较大。,True,partial,,,,uncertainty,高重叠语音，内容或说话人归属不确定,,,多人同时说话，按项目规则标为不确定
R8008_M8013,R8008_M8013_seg0020,134.110,144.320,N_SPK8048,嗯，对对对。,True,partial,,,,uncertainty,高重叠语音，内容或说话人归属不确定,,,多人同时说话，按项目规则标为不确定
R8008_M8013,R8008_M8013_seg0021,144.900,151.210,N_SPK8047,对，然后我们科学化，营养化也成为餐饮业的重要指向标。,False,none,,,,speaker_stance,认为对，科学化，营养化也成为餐饮业的重要指向标,,,
R8008_M8013,R8008_M8013_seg0022,151.220,152.890,N_SPK8049,嗯作为一个标志哎。,False,none,,,,speaker_stance,认为作为一个标志哎,,,
R8008_M8013,R8008_M8013_seg0023,153.120,156.070,N_SPK8047,对，就我们餐饮就得科学化，营养化嘛。,False,none,,,,speaker_stance,认为对，就餐饮就得科学化，营养化嘛,,,
R8008_M8013,R8008_M8013_seg0024,156.080,160.700,N_SPK8048,嗯，都要注重一下这个餐饮的营养。,True,full,,,,uncertainty,高重叠语音，内容或说话人归属不确定,,,多人同时说话，按项目规则标为不确定
R8008_M8013,R8008_M8013_seg0024,156.080,160.700,N_SPK8049,嗯标准化。,True,full,,,,uncertainty,高重叠语音，内容或说话人归属不确定,,,多人同时说话，按项目规则标为不确定
R8008_M8013,R8008_M8013_seg0024,156.080,160.700,N_SPK8049,标准化。,True,full,,,,uncertainty,高重叠语音，内容或说话人归属不确定,,,多人同时说话，按项目规则标为不确定
R8008_M8013,R8008_M8013_seg0024,156.080,160.700,N_SPK8047,对标准化。,True,full,,,,uncertainty,高重叠语音，内容或说话人归属不确定,,,多人同时说话，按项目规则标为不确定
R8008_M8013,R8008_M8013_seg0025,162.130,176.650,N_SPK8047,然后餐饮业属于第三产业，随着一个国家的经济发展，社会进步，现代化程度的不断提高，由此可见餐饮业的发展潜力巨大，设施设备将不断现代化。,True,partial,,,,uncertainty,高重叠语音，内容或说话人归属不确定,,,多人同时说话，按项目规则标为不确定
R8008_M8013,R8008_M8013_seg0025,162.130,176.650,N_SPK8049,嗯。,True,partial,,,,uncertainty,高重叠语音，内容或说话人归属不确定,,,多人同时说话，按项目规则标为不确定
R8008_M8013,R8008_M8013_seg0026,177.050,180.060,N_SPK8047,经营管理也将日益科学化、专业化。,False,none,,,,speaker_stance,认为经营管理也将日益科学化、专业化,,,
R8008_M8013,R8008_M8013_seg0027,180.180,182.380,N_SPK8048,嗯，没错。,True,partial,,,,uncertainty,高重叠语音，内容或说话人归属不确定,,,多人同时说话，按项目规则标为不确定
R8008_M8013,R8008_M8013_seg0027,180.180,182.380,N_SPK8049,好嗯，是的，没错。,True,partial,,,,uncertainty,高重叠语音，内容或说话人归属不确定,,,多人同时说话，按项目规则标为不确定
R8008_M8013,R8008_M8013_seg0028,183.570,191.120,N_SPK8047,自从我国实行改革开放政策以来，我国的经济就得以迅速发展，餐饮业也随之蓬勃兴旺。,False,none,,,,speaker_stance,认为自从我国实行改革开放政策以来，我国的经济就得以迅速发展，餐饮业也随之蓬勃兴旺,,,
R8008_M8013,R8008_M8013_seg0029,191.500,191.940,N_SPK8049,嗯。,False,none,,,,speaker_stance,认为嗯,,,
R8008_M8013,R8008_M8013_seg0030,192.140,199.260,N_SPK8047,特别是我国加入了世贸贸世界贸易组织之后，然后我国餐饮业面对营销。,False,none,,,,speaker_stance,认为特别是我国加入了世贸贸世界贸易组织之后，我国餐饮业面对营销,,,
R8008_M8013,R8008_M8013_seg0031,201.270,202.610,N_SPK8047,营销政策。,False,none,,,,speaker_stance,认为营销政策,,,
R8008_M8013,R8008_M8013_seg0032,202.620,203.060,N_SPK8049,嗯。,False,none,,,,speaker_stance,认为嗯,,,
R8008_M8013,R8008_M8013_seg0033,204.360,211.820,N_SPK8047,营销国际竞争，同时又为我国餐饮业的发展创造了前所未有的良好机遇。,False,none,,,,speaker_stance,认为营销国际竞争，同时又为我国餐饮业的发展创造了前所未有的良好机遇,,,
R8008_M8013,R8008_M8013_seg0034,212.030,219.450,N_SPK8049,嗯，是的，不错，嗯我们现在。,True,partial,,,,uncertainty,高重叠语音，内容或说话人归属不确定,,,多人同时说话，按项目规则标为不确定
R8008_M8013,R8008_M8013_seg0034,212.030,219.450,N_SPK8048,嗯，这个加入世界贸易组织对我们餐饮业有好有坏。,True,partial,,,,uncertainty,高重叠语音，内容或说话人归属不确定,,,多人同时说话，按项目规则标为不确定
R8008_M8013,R8008_M8013_seg0035,219.860,222.820,N_SPK8049,李雪我们接下来聊聊招聘吧。,True,partial,,,,uncertainty,高重叠语音，内容或说话人归属不确定,,,多人同时说话，按项目规则标为不确定
R8008_M8013,R8008_M8013_seg0035,219.860,222.820,N_SPK8047,对。,True,partial,,,,uncertainty,高重叠语音，内容或说话人归属不确定,,,多人同时说话，按项目规则标为不确定
R8008_M8013,R8008_M8013_seg0036,223.910,224.290,N_SPK8047,好。,False,none,,,,speaker_stance,认为好,,,
R8008_M8013,R8008_M8013_seg0037,224.920,238.380,N_SPK8048,可以可以，那我们主要是招聘一些运营，我们主要招聘运营的副总，然后营销部经理，市场部经理跟物流部经理这些。,True,partial,,,,uncertainty,高重叠语音，内容或说话人归属不确定,,,多人同时说话，按项目规则标为不确定
R8008_M8013,R8008_M8013_seg0037,224.920,238.380,N_SPK8049,嗯。,True,partial,,,,uncertainty,高重叠语音，内容或说话人归属不确定,,,多人同时说话，按项目规则标为不确定
R8008_M8013,R8008_M8013_seg0038,240.270,249.420,N_SPK8049,嗯招。,True,partial,,,,uncertainty,高重叠语音，内容或说话人归属不确定,,,多人同时说话，按项目规则标为不确定
R8008_M8013,R8008_M8013_seg0038,240.270,249.420,N_SPK8048,主要招聘的，他们的要求呢也学历要求是要有的，学历大概在大专或及以上的学历。,True,partial,,,,uncertainty,高重叠语音，内容或说话人归属不确定,,,多人同时说话，按项目规则标为不确定
R8008_M8013,R8008_M8013_seg0039,249.500,255.080,N_SPK8047,那你就说一下招聘运营副总，他的工作职责和任职要求吧。,False,none,,,,topic_transition,讨论那你就说招聘运营副总，他的工作职责和任职要求吧,,,
R8008_M8013,R8008_M8013_seg0040,256.000,268.830,N_SPK8048,啊，他的工作职责的话，运营副总主要负责管理跟追踪各门店的日常运营的管理工作及结果，完成各门店的各项经营管理指标。,True,partial,,,,uncertainty,高重叠语音，内容或说话人归属不确定,,,多人同时说话，按项目规则标为不确定
R8008_M8013,R8008_M8013_seg0040,256.000,268.830,N_SPK8049,嗯。,True,partial,,,,uncertainty,高重叠语音，内容或说话人归属不确定,,,多人同时说话，按项目规则标为不确定
R8008_M8013,R8008_M8013_seg0041,268.830,273.540,N_SPK8048,发现督导各门店问题跟管理工作改善。,False,none,,,,speaker_stance,认为发现督导各门店问题跟管理工作改善,,,
R8008_M8013,R8008_M8013_seg0042,274.620,285.400,N_SPK8048,改予以改善，然后进度追踪，要及时的反馈市场信息，予以分析，做出相应的调整措施，你们觉得呢？,False,none,,,,open_question,待确认改予以改善，进度追踪，要及时的反馈市场信息，予以分析，做出相应的调整措施，你们觉得呢？,,,
R8008_M8013,R8008_M8013_seg0043,285.650,296.440,N_SPK8049,嗯，我觉得不错的，招聘条件的话，有亲和力，有良好的应变能力，交谈能力，做事认真细心。,True,partial,,,,uncertainty,高重叠语音，内容或说话人归属不确定,,,多人同时说话，按项目规则标为不确定
R8008_M8013,R8008_M8013_seg0043,285.650,296.440,N_SPK8047,对。,True,partial,,,,uncertainty,高重叠语音，内容或说话人归属不确定,,,多人同时说话，按项目规则标为不确定
R8008_M8013,R8008_M8013_seg0044,297.240,306.210,N_SPK8048,嗯。,True,partial,,,,uncertainty,高重叠语音，内容或说话人归属不确定,,,多人同时说话，按项目规则标为不确定
R8008_M8013,R8008_M8013_seg0044,297.240,306.210,N_SPK8049,善于学习新鲜事物，执行力强，主动积极，有团队意识和强烈的进攻心，好吧。,True,partial,,,,uncertainty,高重叠语音，内容或说话人归属不确定,,,多人同时说话，按项目规则标为不确定
R8008_M8013,R8008_M8013_seg0045,306.480,321.060,N_SPK8048,嗯，呃还有一个要求，他必须要有餐饮行业工作经验要六年以上，至少要三年以上的餐饮营运职位的管理经验，这样子才能更加有效的管理我们这个餐饮的行业。,True,partial,,,,uncertainty,高重叠语音，内容或说话人归属不确定,,,多人同时说话，按项目规则标为不确定
R8008_M8013,R8008_M8013_seg0045,306.480,321.060,N_SPK8049,嗯。,True,partial,,,,uncertainty,高重叠语音，内容或说话人归属不确定,,,多人同时说话，按项目规则标为不确定
R8008_M8013,R8008_M8013_seg0046,321.220,321.590,N_SPK8049,对。,False,none,,,,speaker_stance,认为对,,,
R8008_M8013,R8008_M8013_seg0047,322.410,324.790,N_SPK8049,嗯提升提升那个吧。,False,none,,,,speaker_stance,认为提升提升吧,,,
R8008_M8013,R8008_M8013_seg0048,325.460,331.660,N_SPK8048,对对对，然后对餐饮行业的特点，趋势定位要有清晰的把握和判断。,False,none,,,,speaker_stance,认为对对对，对餐饮行业的特点，趋势定位要有清晰的把握和判断,,,
R8008_M8013,R8008_M8013_seg0049,332.210,332.620,N_SPK8049,对。,False,none,,,,speaker_stance,认为对,,,
R8008_M8013,R8008_M8013_seg0050,333.430,346.480,N_SPK8048,嗯，下面是关于营销部经理，他的主要职责呢是规划企业的市场战略与策略，推进实施实现市场发展的目标。,False,none,,,,topic_transition,讨论下面是关于营销部经理，他的主要职责呢是规划企业的市场战略与策略，推进实施实现市场发展的目...,,,
R8008_M8013,R8008_M8013_seg0051,346.700,347.390,N_SPK8049,嗯。,True,partial,,,,uncertainty,高重叠语音，内容或说话人归属不确定,,,多人同时说话，按项目规则标为不确定
R8008_M8013,R8008_M8013_seg0051,346.700,347.390,N_SPK8047,嗯。,True,partial,,,,uncertainty,高重叠语音，内容或说话人归属不确定,,,多人同时说话，按项目规则标为不确定
R8008_M8013,R8008_M8013_seg0052,347.910,361.790,N_SPK8048,嗯，然后研究一下行业的竞争环境，提出我们预期的市场需求给我们公司一个合理化建议主要负责所在部门人员的考核跟培训。,False,none,,,,action_item,跟进研究行业的竞争环境，提出预期的市场需求给公司一个合理化建议主要负责所在部门人员的考核跟培...,uncertain,,
R8008_M8013,R8008_M8013_seg0053,363.060,375.940,N_SPK8049,嗯我觉得我们可以了解下其他公司招聘的一种细节跟特点。,True,partial,,,,uncertainty,高重叠语音，内容或说话人归属不确定,,,多人同时说话，按项目规则标为不确定
R8008_M8013,R8008_M8013_seg0053,363.060,375.940,N_SPK8047,对，我觉得海底捞就可以，就是我们就可以借鉴他们的这种。,True,partial,,,,uncertainty,高重叠语音，内容或说话人归属不确定,,,多人同时说话，按项目规则标为不确定
R8008_M8013,R8008_M8013_seg0054,376.500,385.630,N_SPK8049,招聘的特点跟。,True,partial,,,,uncertainty,高重叠语音，内容或说话人归属不确定,,,多人同时说话，按项目规则标为不确定
R8008_M8013,R8008_M8013_seg0054,376.500,385.630,N_SPK8047,对特点，因为他们的服务行业就很好嘛，大家去海底捞就可能就是为了体验他这个服务。,True,partial,,,,uncertainty,高重叠语音，内容或说话人归属不确定,,,多人同时说话，按项目规则标为不确定
R8008_M8013,R8008_M8013_seg0055,386.400,386.670,N_SPK8049,嗯。,False,none,,,,speaker_stance,认为嗯,,,
R8008_M8013,R8008_M8013_seg0056,386.900,393.820,N_SPK8048,嗯，是。,True,partial,,,,uncertainty,高重叠语音，内容或说话人归属不确定,,,多人同时说话，按项目规则标为不确定
R8008_M8013,R8008_M8013_seg0056,386.900,393.820,N_SPK8047,对，我觉得我们也可以借鉴他们的学习。,True,partial,,,,uncertainty,高重叠语音，内容或说话人归属不确定,,,多人同时说话，按项目规则标为不确定
R8008_M8013,R8008_M8013_seg0056,386.900,393.820,N_SPK8049,服务可能也是一块吧，那个福利也挺不错。,True,partial,,,,uncertainty,高重叠语音，内容或说话人归属不确定,,,多人同时说话，按项目规则标为不确定
R8008_M8013,R8008_M8013_seg0057,395.020,405.000,N_SPK8048,对我们招聘的话，招聘的话，主要是要吸引到那些寻求工作人的那个，对对对。,True,partial,,,,uncertainty,高重叠语音，内容或说话人归属不确定,,,多人同时说话，按项目规则标为不确定
R8008_M8013,R8008_M8013_seg0057,395.020,405.000,N_SPK8049,公司给员工的福利也不错。,True,partial,,,,uncertainty,高重叠语音，内容或说话人归属不确定,,,多人同时说话，按项目规则标为不确定
R8008_M8013,R8008_M8013_seg0057,395.020,405.000,N_SPK8049,有能力的，然后寻求工作的。,True,partial,,,,uncertainty,高重叠语音，内容或说话人归属不确定,,,多人同时说话，按项目规则标为不确定
R8008_M8013,R8008_M8013_seg0058,406.500,406.830,N_SPK8047,对。,False,none,,,,speaker_stance,认为对,,,
R8008_M8013,R8008_M8013_seg0059,408.540,413.310,N_SPK8048,要能够吸引他们的眼球，我们的招聘条件需要。需要很好。,False,none,,,,speaker_stance,认为要能够吸引他们的眼球，的招聘条件需要，需要很好,,,
R8008_M8013,R8008_M8013_seg0060,414.650,417.830,N_SPK8047,对，我们会有各项福利。,True,partial,,,,uncertainty,高重叠语音，内容或说话人归属不确定,,,多人同时说话，按项目规则标为不确定
R8008_M8013,R8008_M8013_seg0060,414.650,417.830,N_SPK8049,嗯。,True,partial,,,,uncertainty,高重叠语音，内容或说话人归属不确定,,,多人同时说话，按项目规则标为不确定
R8008_M8013,R8008_M8013_seg0061,419.590,422.350,N_SPK8047,五险一金啊什么的，保险金。,False,none,,,,speaker_stance,认为五险一金什么的，保险金,,,
R8008_M8013,R8008_M8013_seg0062,425.510,426.680,N_SPK8049,嗯。,False,none,,,,speaker_stance,认为嗯,,,
R8008_M8013,R8008_M8013_seg0063,427.830,434.320,N_SPK8049,我觉得我们招招聘的待遇也需要提升好吧，有待提升。,False,none,,,,speaker_stance,认为招招聘的待遇也需要提升好吧，有待提升,,,
R8008_M8013,R8008_M8013_seg0064,435.940,442.570,N_SPK8048,招聘的待遇，我们可以根据应聘人员的资质水平来那个确定。,False,none,,,,speaker_stance,认为招聘的待遇，可以根据应聘人员的资质水平来确定,,,
R8008_M8013,R8008_M8013_seg0065,443.720,447.970,N_SPK8049,对可以提升底金啊，销售金啊跟。,False,none,,,,speaker_stance,认为对可以提升底金，销售金跟,,,
R8008_M8013,R8008_M8013_seg0066,449.940,452.270,N_SPK8049,嗯奖金吧，就年终奖吧。,False,none,,,,speaker_stance,认为奖金吧，就年终奖吧,,,
R8008_M8013,R8008_M8013_seg0067,453.070,456.870,N_SPK8047,对年终奖，还有住房的那些补贴。,False,none,,,,speaker_stance,认为对年终奖，还有住房的那些补贴,,,
R8008_M8013,R8008_M8013_seg0068,456.970,459.410,N_SPK8049,对补，住房补贴。,True,partial,,,,uncertainty,高重叠语音，内容或说话人归属不确定,,,多人同时说话，按项目规则标为不确定
R8008_M8013,R8008_M8013_seg0068,456.970,459.410,N_SPK8048,嗯嗯。,True,partial,,,,uncertainty,高重叠语音，内容或说话人归属不确定,,,多人同时说话，按项目规则标为不确定
R8008_M8013,R8008_M8013_seg0068,456.970,459.410,N_SPK8047,然后工作餐。,True,partial,,,,uncertainty,高重叠语音，内容或说话人归属不确定,,,多人同时说话，按项目规则标为不确定
R8008_M8013,R8008_M8013_seg0069,460.370,467.270,N_SPK8049,然后员员工刚进来的话，都需要那个培训吧，培训跟学习。,True,partial,,,,uncertainty,高重叠语音，内容或说话人归属不确定,,,多人同时说话，按项目规则标为不确定
R8008_M8013,R8008_M8013_seg0069,460.370,467.270,N_SPK8047,对培训。,True,partial,,,,uncertainty,高重叠语音，内容或说话人归属不确定,,,多人同时说话，按项目规则标为不确定
R8008_M8013,R8008_M8013_seg0069,460.370,467.270,N_SPK8048,对对对。,True,partial,,,,uncertainty,高重叠语音，内容或说话人归属不确定,,,多人同时说话，按项目规则标为不确定
R8008_M8013,R8008_M8013_seg0070,468.880,471.370,N_SPK8048,可以请。,True,partial,,,,uncertainty,高重叠语音，内容或说话人归属不确定,,,多人同时说话，按项目规则标为不确定
R8008_M8013,R8008_M8013_seg0070,468.880,471.370,N_SPK8049,提升员工的能力吧。,True,partial,,,,uncertainty,高重叠语音，内容或说话人归属不确定,,,多人同时说话，按项目规则标为不确定
R8008_M8013,R8008_M8013_seg0071,471.560,479.330,N_SPK8048,可以请那个专业的那个营销人员什么各各部门的，对对对。,True,partial,,,,uncertainty,高重叠语音，内容或说话人归属不确定,,,多人同时说话，按项目规则标为不确定
R8008_M8013,R8008_M8013_seg0071,471.560,479.330,N_SPK8047,对。,True,partial,,,,uncertainty,高重叠语音，内容或说话人归属不确定,,,多人同时说话，按项目规则标为不确定
R8008_M8013,R8008_M8013_seg0071,471.560,479.330,N_SPK8047,对来带他们啊。,True,partial,,,,uncertainty,高重叠语音，内容或说话人归属不确定,,,多人同时说话，按项目规则标为不确定
R8008_M8013,R8008_M8013_seg0072,479.330,488.440,N_SPK8048,给他们学习培训让他们更加，这个主要招聘的话我们该招聘该怎么招聘呢？就是。,False,none,,,,speaker_stance,认为给他们学习培训让他们更加，主要招聘该招聘该怎么招聘呢？就是,,,
R8008_M8013,R8008_M8013_seg0073,489.730,515.450,N_SPK8048,如何让我们这个招聘信息更好的让大家知道？,True,partial,,,,uncertainty,高重叠语音，内容或说话人归属不确定,,,多人同时说话，按项目规则标为不确定
R8008_M8013,R8008_M8013_seg0073,489.730,515.450,N_SPK8049,有更好的待遇。,True,partial,,,,uncertainty,高重叠语音，内容或说话人归属不确定,,,多人同时说话，按项目规则标为不确定
R8008_M8013,R8008_M8013_seg0073,489.730,515.450,N_SPK8047,对我们得推广我们的招聘信息，就需要像比如说现在就有很多那种招聘的网站嘛，比如说什么赶集网五八同城boss直聘上面，我们都可以在上面。,True,partial,,,,uncertainty,高重叠语音，内容或说话人归属不确定,,,多人同时说话，按项目规则标为不确定
R8008_M8013,R8008_M8013_seg0073,489.730,515.450,N_SPK8048,对对对。,True,partial,,,,uncertainty,高重叠语音，内容或说话人归属不确定,,,多人同时说话，按项目规则标为不确定
R8008_M8013,R8008_M8013_seg0073,489.730,515.450,N_SPK8048,嗯。,True,partial,,,,uncertainty,高重叠语音，内容或说话人归属不确定,,,多人同时说话，按项目规则标为不确定
R8008_M8013,R8008_M8013_seg0073,489.730,515.450,N_SPK8049,嗯。,True,partial,,,,uncertainty,高重叠语音，内容或说话人归属不确定,,,多人同时说话，按项目规则标为不确定
R8008_M8013,R8008_M8013_seg0073,489.730,515.450,N_SPK8048,还有，对对对，还有猎聘。,True,partial,,,,uncertainty,高重叠语音，内容或说话人归属不确定,,,多人同时说话，按项目规则标为不确定
R8008_M8013,R8008_M8013_seg0073,489.730,515.450,N_SPK8047,对猎聘我们都可以在上面发布我们这些的我们招聘的岗位信息和相关要求等。,True,partial,,,,uncertainty,高重叠语音，内容或说话人归属不确定,,,多人同时说话，按项目规则标为不确定
R8008_M8013,R8008_M8013_seg0073,489.730,515.450,N_SPK8049,嗯嗯。,True,partial,,,,uncertainty,高重叠语音，内容或说话人归属不确定,,,多人同时说话，按项目规则标为不确定
R8008_M8013,R8008_M8013_seg0073,489.730,515.450,N_SPK8048,对。,True,partial,,,,uncertainty,高重叠语音，内容或说话人归属不确定,,,多人同时说话，按项目规则标为不确定
R8008_M8013,R8008_M8013_seg0074,516.390,520.680,N_SPK8047,然后让他们自己登录网站，可以就可以看到我们的信息。,False,none,,,,speaker_stance,认为让他们自己登录网站，可以就可以看到的信息,,,
R8008_M8013,R8008_M8013_seg0075,520.740,534.550,N_SPK8049,嗯。,True,partial,,,,uncertainty,高重叠语音，内容或说话人归属不确定,,,多人同时说话，按项目规则标为不确定
R8008_M8013,R8008_M8013_seg0075,520.740,534.550,N_SPK8048,对，然后我们就要在各个各个平台上面发布一下我们的招聘信息，让他们知道从哪里可以进到这个网站公众号上面。,True,partial,,,,uncertainty,高重叠语音，内容或说话人归属不确定,,,多人同时说话，按项目规则标为不确定
R8008_M8013,R8008_M8013_seg0075,520.740,534.550,N_SPK8047,对对对。,True,partial,,,,uncertainty,高重叠语音，内容或说话人归属不确定,,,多人同时说话，按项目规则标为不确定
R8008_M8013,R8008_M8013_seg0075,520.740,534.550,N_SPK8049,对。,True,partial,,,,uncertainty,高重叠语音，内容或说话人归属不确定,,,多人同时说话，按项目规则标为不确定
R8008_M8013,R8008_M8013_seg0076,534.960,539.070,N_SPK8049,嗯我们可以创公众号嘛，然后在那个。,True,partial,,,,uncertainty,高重叠语音，内容或说话人归属不确定,,,多人同时说话，按项目规则标为不确定
R8008_M8013,R8008_M8013_seg0076,534.960,539.070,N_SPK8047,就比如说,True,partial,,,,uncertainty,高重叠语音，内容或说话人归属不确定,,,多人同时说话，按项目规则标为不确定
R8008_M8013,R8008_M8013_seg0077,539.950,542.210,N_SPK8049,提交简历发邮件。,False,none,,,,action_item,跟进提交简历发邮件,uncertain,,
R8008_M8013,R8008_M8013_seg0078,542.990,561.010,N_SPK8047,对，然后还有抖音，抖音现在不是很火吗？大家都在玩抖音，然后就可以在抖音上发布我们的广告，然后大家刷抖音的时候就可以刷到我们的广告，啊就可以通过这个。,True,partial,,,,uncertainty,高重叠语音，内容或说话人归属不确定,,,多人同时说话，按项目规则标为不确定
R8008_M8013,R8008_M8013_seg0078,542.990,561.010,N_SPK8048,对。,True,partial,,,,uncertainty,高重叠语音，内容或说话人归属不确定,,,多人同时说话，按项目规则标为不确定
R8008_M8013,R8008_M8013_seg0078,542.990,561.010,N_SPK8048,嗯嗯，是的是的。,True,partial,,,,uncertainty,高重叠语音，内容或说话人归属不确定,,,多人同时说话，按项目规则标为不确定
R8008_M8013,R8008_M8013_seg0078,542.990,561.010,N_SPK8049,我们也要提高嗯嗯就吸引力吧。,True,partial,,,,uncertainty,高重叠语音，内容或说话人归属不确定,,,多人同时说话，按项目规则标为不确定
R8008_M8013,R8008_M8013_seg0079,561.530,562.830,N_SPK8047,对吸引力。,False,none,,,,speaker_stance,认为对吸引力,,,
R8008_M8013,R8008_M8013_seg0080,564.730,574.360,N_SPK8048,主要是我们还要就好好的拟一下我们这个招聘信息，就该怎么怎么样发布我们的招聘信息。,True,partial,,,,uncertainty,高重叠语音，内容或说话人归属不确定,,,多人同时说话，按项目规则标为不确定
R8008_M8013,R8008_M8013_seg0080,564.730,574.360,N_SPK8047,对。,True,partial,,,,uncertainty,高重叠语音，内容或说话人归属不确定,,,多人同时说话，按项目规则标为不确定
R8008_M8013,R8008_M8013_seg0081,574.360,580.020,N_SPK8048,让他们嗯就是来到我们这个公司。,True,partial,,,,uncertainty,高重叠语音，内容或说话人归属不确定,,,多人同时说话，按项目规则标为不确定
R8008_M8013,R8008_M8013_seg0081,574.360,580.020,N_SPK8049,更啊对。,True,partial,,,,uncertainty,高重叠语音，内容或说话人归属不确定,,,多人同时说话，按项目规则标为不确定
R8008_M8013,R8008_M8013_seg0082,580.540,595.060,N_SPK8047,还有就是发传单我觉得也可以，推广我们的招聘信息，就在传单上面印上我们的相关要求，然后印上二维码他们就可以扫二维码来来投简历之类的。,False,none,,,,speaker_stance,认为还有就是发传单也可以，推广的招聘信息，就在传单上面印上的相关要求，印上二维码他们就可以扫...,,,
R8008_M8013,R8008_M8013_seg0083,595.370,595.910,N_SPK8048,嗯。,False,none,,,,speaker_stance,认为嗯,,,
R8008_M8013,R8008_M8013_seg0084,596.240,597.820,N_SPK8049,没错，嗯。,True,partial,,,,uncertainty,高重叠语音，内容或说话人归属不确定,,,多人同时说话，按项目规则标为不确定
R8008_M8013,R8008_M8013_seg0084,596.240,597.820,N_SPK8047,对。,True,partial,,,,uncertainty,高重叠语音，内容或说话人归属不确定,,,多人同时说话，按项目规则标为不确定
R8008_M8013,R8008_M8013_seg0085,598.620,609.820,N_SPK8049,可以多加点假期，比如说带薪休假呀，节日假呀，慰问啊家庭给他们那种保障什么的。,False,none,,,,speaker_stance,认为可以多加点假期，比如说带薪休假呀，节日假呀，慰问家庭给他们那种保障什么的,,,
R8008_M8013,R8008_M8013_seg0086,610.070,610.570,N_SPK8047,对。,False,none,,,,speaker_stance,认为对,,,
R8008_M8013,R8008_M8013_seg0087,611.270,623.360,N_SPK8048,嗯，主要是我们的招聘那个条件也得写清楚招聘的条件信息，招聘之后的福利什么的。,True,partial,,,,uncertainty,高重叠语音，内容或说话人归属不确定,,,多人同时说话，按项目规则标为不确定
R8008_M8013,R8008_M8013_seg0087,611.270,623.360,N_SPK8049,都都是不错的。,True,partial,,,,uncertainty,高重叠语音，内容或说话人归属不确定,,,多人同时说话，按项目规则标为不确定
R8008_M8013,R8008_M8013_seg0088,624.530,628.610,N_SPK8048,都得写一写，然后招聘职位的总人数也得要求一下。,False,none,,,,speaker_stance,认为都得写一写，招聘职位的总人数也得要求,,,
R8008_M8013,R8008_M8013_seg0089,629.060,650.860,N_SPK8049,嗯，可以借鉴嘛。,True,partial,,,,uncertainty,高重叠语音，内容或说话人归属不确定,,,多人同时说话，按项目规则标为不确定
R8008_M8013,R8008_M8013_seg0089,629.060,650.860,N_SPK8047,那对那我们就定运营副总找两个，营销部经理也招两个，市场部经理。,True,partial,,,,uncertainty,高重叠语音，内容或说话人归属不确定,,,多人同时说话，按项目规则标为不确定
R8008_M8013,R8008_M8013_seg0089,629.060,650.860,N_SPK8048,嗯。,True,partial,,,,uncertainty,高重叠语音，内容或说话人归属不确定,,,多人同时说话，按项目规则标为不确定
R8008_M8013,R8008_M8013_seg0089,629.060,650.860,N_SPK8048,营销委市场部经理需要多一点嘛，毕竟现在是对对对，现在餐饮业市场比较火火爆嘛。,True,partial,,,,uncertainty,高重叠语音，内容或说话人归属不确定,,,多人同时说话，按项目规则标为不确定
R8008_M8013,R8008_M8013_seg0089,629.060,650.860,N_SPK8047,对市场这么大，对。,True,partial,,,,uncertainty,高重叠语音，内容或说话人归属不确定,,,多人同时说话，按项目规则标为不确定
R8008_M8013,R8008_M8013_seg0089,629.060,650.860,N_SPK8047,对就比较大，就招的多一点。,True,partial,,,,uncertainty,高重叠语音，内容或说话人归属不确定,,,多人同时说话，按项目规则标为不确定
R8008_M8013,R8008_M8013_seg0089,629.060,650.860,N_SPK8049,嗯。,True,partial,,,,uncertainty,高重叠语音，内容或说话人归属不确定,,,多人同时说话，按项目规则标为不确定
R8008_M8013,R8008_M8013_seg0090,650.860,651.300,N_SPK8048,嗯。,False,none,,,,speaker_stance,认为嗯,,,
R8008_M8013,R8008_M8013_seg0091,651.820,652.730,N_SPK8047,招五个吧。,False,none,,,,speaker_stance,认为招五个吧,,,
R8008_M8013,R8008_M8013_seg0092,653.420,657.120,N_SPK8048,可以可以，那就市场部经理的话那就五个。,False,none,,,,speaker_stance,认为可以可以，那就市场部经理那就五个,,,
R8008_M8013,R8008_M8013_seg0093,657.820,662.350,N_SPK8047,物流部呢，物流部也可以招。,True,partial,,,,uncertainty,高重叠语音，内容或说话人归属不确定,,,多人同时说话，按项目规则标为不确定
R8008_M8013,R8008_M8013_seg0093,657.820,662.350,N_SPK8048,物流部。,True,partial,,,,uncertainty,高重叠语音，内容或说话人归属不确定,,,多人同时说话，按项目规则标为不确定
R8008_M8013,R8008_M8013_seg0093,657.820,662.350,N_SPK8049,嗯，物流部也不错，可以多招几个吧。,True,partial,,,,uncertainty,高重叠语音，内容或说话人归属不确定,,,多人同时说话，按项目规则标为不确定
R8008_M8013,R8008_M8013_seg0094,662.360,674.100,N_SPK8047,多招几个。,True,partial,,,,uncertainty,高重叠语音，内容或说话人归属不确定,,,多人同时说话，按项目规则标为不确定
R8008_M8013,R8008_M8013_seg0094,662.360,674.100,N_SPK8048,对物流部的那个工作，嗯工作任务工作量可能比较大吧。,True,partial,,,,uncertainty,高重叠语音，内容或说话人归属不确定,,,多人同时说话，按项目规则标为不确定
R8008_M8013,R8008_M8013_seg0094,662.360,674.100,N_SPK8047,对，物流部管的东西太多了，他那些食材运输什么都是物流部在管。,True,partial,,,,uncertainty,高重叠语音，内容或说话人归属不确定,,,多人同时说话，按项目规则标为不确定
R8008_M8013,R8008_M8013_seg0094,662.360,674.100,N_SPK8049,那。,True,partial,,,,uncertainty,高重叠语音，内容或说话人归属不确定,,,多人同时说话，按项目规则标为不确定
R8008_M8013,R8008_M8013_seg0094,662.360,674.100,N_SPK8048,对对对。,True,partial,,,,uncertainty,高重叠语音，内容或说话人归属不确定,,,多人同时说话，按项目规则标为不确定
R8008_M8013,R8008_M8013_seg0094,662.360,674.100,N_SPK8049,我觉得招聘可以招一些有经验的啊。,True,partial,,,,uncertainty,高重叠语音，内容或说话人归属不确定,,,多人同时说话，按项目规则标为不确定
R8008_M8013,R8008_M8013_seg0095,674.470,675.400,N_SPK8047,对。,True,partial,,,,uncertainty,高重叠语音，内容或说话人归属不确定,,,多人同时说话，按项目规则标为不确定
R8008_M8013,R8008_M8013_seg0095,674.470,675.400,N_SPK8048,嗯对。,True,partial,,,,uncertainty,高重叠语音，内容或说话人归属不确定,,,多人同时说话，按项目规则标为不确定
R8008_M8013,R8008_M8013_seg0096,675.740,706.740,N_SPK8049,性格开朗的，然后搞嗯灵活灵活一点啦，有上进心的嘛。,True,partial,,,,uncertainty,高重叠语音，内容或说话人归属不确定,,,多人同时说话，按项目规则标为不确定
R8008_M8013,R8008_M8013_seg0096,675.740,706.740,N_SPK8048,对，其实这个，其实这个招聘的面试，我们可以采取线下面试或者和线上面试都可以嘛，有些人线如果说线下不方便的话也可以线上。,True,partial,,,,uncertainty,高重叠语音，内容或说话人归属不确定,,,多人同时说话，按项目规则标为不确定
R8008_M8013,R8008_M8013_seg0096,675.740,706.740,N_SPK8049,线上提交吗？,True,partial,,,,uncertainty,高重叠语音，内容或说话人归属不确定,,,多人同时说话，按项目规则标为不确定
R8008_M8013,R8008_M8013_seg0096,675.740,706.740,N_SPK8049,我觉得可以先线上面试之后，然后再不线线下面试，线线下了解，先报名了解，然后再线下面试最后筛选之后。,True,partial,,,,uncertainty,高重叠语音，内容或说话人归属不确定,,,多人同时说话，按项目规则标为不确定
R8008_M8013,R8008_M8013_seg0096,675.740,706.740,N_SPK8047,现现。,True,partial,,,,uncertainty,高重叠语音，内容或说话人归属不确定,,,多人同时说话，按项目规则标为不确定
R8008_M8013,R8008_M8013_seg0096,675.740,706.740,N_SPK8047,线上报名。,True,partial,,,,uncertainty,高重叠语音，内容或说话人归属不确定,,,多人同时说话，按项目规则标为不确定
R8008_M8013,R8008_M8013_seg0096,675.740,706.740,N_SPK8048,嗯。,True,partial,,,,uncertainty,高重叠语音，内容或说话人归属不确定,,,多人同时说话，按项目规则标为不确定
R8008_M8013,R8008_M8013_seg0096,675.740,706.740,N_SPK8047,对。,True,partial,,,,uncertainty,高重叠语音，内容或说话人归属不确定,,,多人同时说话，按项目规则标为不确定
R8008_M8013,R8008_M8013_seg0097,708.900,717.720,N_SPK8048,可以可以，就是就担心有的人因为路途过于遥远，就面试的时候可能赶不过来也可以。,False,none,,,,speaker_stance,认为可以可以，就是就担心有的人因为路途过于遥远，就面试的时候可能赶不过来也可以,,,
R8008_M8013,R8008_M8013_seg0098,718.470,719.180,N_SPK8049,对对对。,False,none,,,,speaker_stance,认为对对对,,,
R8008_M8013,R8008_M8013_seg0099,719.660,722.180,N_SPK8048,网上的事了先了解一下。,False,none,,,,speaker_stance,认为网上的事了先了解,,,
R8008_M8013,R8008_M8013_seg0100,722.450,722.760,N_SPK8047,对。,False,none,,,,speaker_stance,认为对,,,
R8008_M8013,R8008_M8013_seg0101,723.650,727.060,N_SPK8049,有好的那个职业发展嘛，职业发展方向嘛。,False,none,,,,speaker_stance,认为有好的职业发展嘛，职业发展方向嘛,,,
R8008_M8013,R8008_M8013_seg0102,728.460,728.740,N_SPK8048,对。,False,none,,,,speaker_stance,认为对,,,
R8008_M8013,R8008_M8013_seg0103,728.990,729.460,N_SPK8049,嗯。,False,none,,,,speaker_stance,认为嗯,,,
R8008_M8013,R8008_M8013_seg0104,729.990,735.640,N_SPK8048,嗯他们，还有需要那些应聘人员需要提供一下他们的个人简历。,False,none,,,,speaker_stance,认为他们，还有需要那些应聘人员需要提供他们的个人简历,,,
R8008_M8013,R8008_M8013_seg0105,737.320,742.510,N_SPK8049,这个嗯投那个公众号嘛。,True,partial,,,,uncertainty,高重叠语音，内容或说话人归属不确定,,,多人同时说话，按项目规则标为不确定
R8008_M8013,R8008_M8013_seg0105,737.320,742.510,N_SPK8047,对个人简历，等他们。,True,partial,,,,uncertainty,高重叠语音，内容或说话人归属不确定,,,多人同时说话，按项目规则标为不确定
R8008_M8013,R8008_M8013_seg0105,737.320,742.510,N_SPK8047,对，报名的时候他们就可以投。,True,partial,,,,uncertainty,高重叠语音，内容或说话人归属不确定,,,多人同时说话，按项目规则标为不确定
R8008_M8013,R8008_M8013_seg0105,737.320,742.510,N_SPK8049,要么发邮件嘛。,True,partial,,,,uncertainty,高重叠语音，内容或说话人归属不确定,,,多人同时说话，按项目规则标为不确定
R8008_M8013,R8008_M8013_seg0106,742.930,772.770,N_SPK8048,对对对，还要注明一下我们这个这个面试的地点跟时间，差不多是。,True,partial,,,,uncertainty,高重叠语音，内容或说话人归属不确定,,,多人同时说话，按项目规则标为不确定
R8008_M8013,R8008_M8013_seg0106,742.930,772.770,N_SPK8049,啊。,True,partial,,,,uncertainty,高重叠语音，内容或说话人归属不确定,,,多人同时说话，按项目规则标为不确定
R8008_M8013,R8008_M8013_seg0106,742.930,772.770,N_SPK8047,地点，那我们就定在商会大厦二十层二零四三吧。,True,partial,,,,uncertainty,高重叠语音，内容或说话人归属不确定,,,多人同时说话，按项目规则标为不确定
R8008_M8013,R8008_M8013_seg0106,742.930,772.770,N_SPK8048,嗯二零四三吧，可以可以，那招聘的时间的话，招聘时间就长一点吧，毕竟可能嗯。,True,partial,,,,uncertainty,高重叠语音，内容或说话人归属不确定,,,多人同时说话，按项目规则标为不确定
R8008_M8013,R8008_M8013_seg0106,742.930,772.770,N_SPK8049,啊嗯。,True,partial,,,,uncertainty,高重叠语音，内容或说话人归属不确定,,,多人同时说话，按项目规则标为不确定
R8008_M8013,R8008_M8013_seg0106,742.930,772.770,N_SPK8049,四月二十号到四月三十号嘛。,True,partial,,,,uncertainty,高重叠语音，内容或说话人归属不确定,,,多人同时说话，按项目规则标为不确定
R8008_M8013,R8008_M8013_seg0106,742.930,772.770,N_SPK8047,对四月二十号到四月三十号让他们报名嘛，因为每个人看到这个广告的时时间都不一样，就留的长一点给他们报名，有个时间可以报名。,True,partial,,,,uncertainty,高重叠语音，内容或说话人归属不确定,,,多人同时说话，按项目规则标为不确定
R8008_M8013,R8008_M8013_seg0106,742.930,772.770,N_SPK8048,时间都不一样，对。,True,partial,,,,uncertainty,高重叠语音，内容或说话人归属不确定,,,多人同时说话，按项目规则标为不确定
R8008_M8013,R8008_M8013_seg0107,774.200,796.700,N_SPK8047,然后。,True,partial,,,,uncertainty,高重叠语音，内容或说话人归属不确定,,,多人同时说话，按项目规则标为不确定
R8008_M8013,R8008_M8013_seg0107,774.200,796.700,N_SPK8049,面试的话五月五号到五月十号吧，面试。,True,partial,,,,uncertainty,高重叠语音，内容或说话人归属不确定,,,多人同时说话，按项目规则标为不确定
R8008_M8013,R8008_M8013_seg0107,774.200,796.700,N_SPK8048,嗯可以。,True,partial,,,,uncertainty,高重叠语音，内容或说话人归属不确定,,,多人同时说话，按项目规则标为不确定
R8008_M8013,R8008_M8013_seg0107,774.200,796.700,N_SPK8047,对我们先通过筛选，把符对符合要求的人，然后通知五月一号到五月四号就陆续通知那些被筛选上的人，而。,True,partial,,,,uncertainty,高重叠语音，内容或说话人归属不确定,,,多人同时说话，按项目规则标为不确定
R8008_M8013,R8008_M8013_seg0107,774.200,796.700,N_SPK8049,然后进行面试吧。,True,partial,,,,uncertainty,高重叠语音，内容或说话人归属不确定,,,多人同时说话，按项目规则标为不确定
R8008_M8013,R8008_M8013_seg0107,774.200,796.700,N_SPK8048,先先筛选一部分的人，不然对对对。,True,partial,,,,uncertainty,高重叠语音，内容或说话人归属不确定,,,多人同时说话，按项目规则标为不确定
R8008_M8013,R8008_M8013_seg0107,774.200,796.700,N_SPK8049,对对对对对对。,True,partial,,,,uncertainty,高重叠语音，内容或说话人归属不确定,,,多人同时说话，按项目规则标为不确定
R8008_M8013,R8008_M8013_seg0107,774.200,796.700,N_SPK8048,嗯，对通知他们在五月五号到五月十号这这几天可以陆续的赶过来面试。,True,partial,,,,uncertainty,高重叠语音，内容或说话人归属不确定,,,多人同时说话，按项目规则标为不确定
R8008_M8013,R8008_M8013_seg0107,774.200,796.700,N_SPK8047,对来。,True,partial,,,,uncertainty,高重叠语音，内容或说话人归属不确定,,,多人同时说话，按项目规则标为不确定
R8008_M8013,R8008_M8013_seg0108,796.890,808.520,N_SPK8047,对，就来这里面试。,True,partial,,,,uncertainty,高重叠语音，内容或说话人归属不确定,,,多人同时说话，按项目规则标为不确定
R8008_M8013,R8008_M8013_seg0108,796.890,808.520,N_SPK8048,如果说一次性通知他们过来的话，那就可能会。,True,partial,,,,uncertainty,高重叠语音，内容或说话人归属不确定,,,多人同时说话，按项目规则标为不确定
R8008_M8013,R8008_M8013_seg0108,796.890,808.520,N_SPK8049,嗯嗯嗯。,True,partial,,,,uncertainty,高重叠语音，内容或说话人归属不确定,,,多人同时说话，按项目规则标为不确定
R8008_M8013,R8008_M8013_seg0108,796.890,808.520,N_SPK8047,就忙不过来，对人太多了的话就效率就不高。,True,partial,,,,uncertainty,高重叠语音，内容或说话人归属不确定,,,多人同时说话，按项目规则标为不确定
R8008_M8013,R8008_M8013_seg0108,796.890,808.520,N_SPK8048,对对对。,True,partial,,,,uncertainty,高重叠语音，内容或说话人归属不确定,,,多人同时说话，按项目规则标为不确定
R8008_M8013,R8008_M8013_seg0109,808.800,808.990,N_SPK8048,对。,False,none,,,,speaker_stance,认为对,,,
R8008_M8013,R8008_M8013_seg0110,809.170,816.050,N_SPK8049,我觉得选员工可以找一些有经验的，那种餐饮管理做过的先优先吧。,False,none,,,,speaker_stance,认为选员工可以找一些有经验的，那种餐饮管理做过的先优先吧,,,
R8008_M8013,R8008_M8013_seg0111,817.270,829.660,N_SPK8047,我觉得。,True,partial,,,,uncertainty,高重叠语音，内容或说话人归属不确定,,,多人同时说话，按项目规则标为不确定
R8008_M8013,R8008_M8013_seg0111,817.270,829.660,N_SPK8048,嗯。,True,partial,,,,uncertainty,高重叠语音，内容或说话人归属不确定,,,多人同时说话，按项目规则标为不确定
R8008_M8013,R8008_M8013_seg0111,817.270,829.660,N_SPK8049,然后和本地媒体有过合作的，是吧？然后会建设品牌的宣传推广工作的，是吧？有极具洞察力跟判断力的。,True,partial,,,,uncertainty,高重叠语音，内容或说话人归属不确定,,,多人同时说话，按项目规则标为不确定
R8008_M8013,R8008_M8013_seg0111,817.270,829.660,N_SPK8047,还有。,True,partial,,,,uncertainty,高重叠语音，内容或说话人归属不确定,,,多人同时说话，按项目规则标为不确定
R8008_M8013,R8008_M8013_seg0112,831.290,838.090,N_SPK8047,我觉得我们招聘这些经理也得给他们定一个他们的工作职责，他们应该干些什么东西？,False,none,,,,open_question,待确认招聘这些经理也得给他们定一个他们的工作职责，他们应该干些什么东西？,,,
R8008_M8013,R8008_M8013_seg0113,838.690,839.440,N_SPK8048,对对对。,False,none,,,,speaker_stance,认为对对对,,,
R8008_M8013,R8008_M8013_seg0114,839.610,845.460,N_SPK8047,对，比如说营销部经理的话，我觉得他们就需要规划企业的市场战略与竞争嘛。,False,none,,,,speaker_stance,认为对，比如说营销部经理，他们就需要规划企业的市场战略与竞争嘛,,,
R8008_M8013,R8008_M8013_seg0115,845.810,846.330,N_SPK8048,嗯。,True,full,,,,uncertainty,高重叠语音，内容或说话人归属不确定,,,多人同时说话，按项目规则标为不确定
R8008_M8013,R8008_M8013_seg0115,845.810,846.330,N_SPK8049,对。,True,full,,,,uncertainty,高重叠语音，内容或说话人归属不确定,,,多人同时说话，按项目规则标为不确定
R8008_M8013,R8008_M8013_seg0116,846.810,860.300,N_SPK8047,然后就实现市场发展目标，他们还得组织并策划各类市场营销活动方案，因为现在肯定都跟市场接轨了嘛，就有很多活动需要他们来策划一下。,False,none,,,,speaker_stance,认为就实现市场发展目标，他们还得组织并策划各类市场营销活动方案，因为现在肯定都跟市场接轨了嘛...,,,
R8008_M8013,R8008_M8013_seg0117,860.880,863.740,N_SPK8047,才能推广我们这家餐饮企业。,False,none,,,,speaker_stance,认为才能推广这家餐饮企业,,,
R8008_M8013,R8008_M8013_seg0118,864.070,864.720,N_SPK8048,嗯。,False,none,,,,speaker_stance,认为嗯,,,
R8008_M8013,R8008_M8013_seg0119,864.720,872.110,N_SPK8049,嗯。,True,partial,,,,uncertainty,高重叠语音，内容或说话人归属不确定,,,多人同时说话，按项目规则标为不确定
R8008_M8013,R8008_M8013_seg0119,864.720,872.110,N_SPK8047,对嗯，然后负责也也得负责公司对外对外的宣传活动和公司品牌形象的策划。,True,partial,,,,uncertainty,高重叠语音，内容或说话人归属不确定,,,多人同时说话，按项目规则标为不确定
R8008_M8013,R8008_M8013_seg0120,872.630,891.810,N_SPK8048,那这个这个对文凭也有点要求吧，需要大专跟以上大专及以上的文化程度吧。,True,partial,,,,uncertainty,高重叠语音，内容或说话人归属不确定,,,多人同时说话，按项目规则标为不确定
R8008_M8013,R8008_M8013_seg0120,872.630,891.810,N_SPK8047,对，确实。,True,partial,,,,uncertainty,高重叠语音，内容或说话人归属不确定,,,多人同时说话，按项目规则标为不确定
R8008_M8013,R8008_M8013_seg0120,872.630,891.810,N_SPK8049,嗯，我们可以嗯。,True,partial,,,,uncertainty,高重叠语音，内容或说话人归属不确定,,,多人同时说话，按项目规则标为不确定
R8008_M8013,R8008_M8013_seg0120,872.630,891.810,N_SPK8048,然后嗯说到这个对外交接的话，对外条件他的音质条件要好的普通话要标准，口齿也要清楚一点。,True,partial,,,,uncertainty,高重叠语音，内容或说话人归属不确定,,,多人同时说话，按项目规则标为不确定
R8008_M8013,R8008_M8013_seg0120,872.630,891.810,N_SPK8047,嗯对对对。,True,partial,,,,uncertainty,高重叠语音，内容或说话人归属不确定,,,多人同时说话，按项目规则标为不确定
R8008_M8013,R8008_M8013_seg0121,892.500,895.730,N_SPK8048,语言表达能力和沟通和沟通能力要强。,False,none,,,,speaker_stance,认为语言表达能力和沟通和沟通能力要强,,,
R8008_M8013,R8008_M8013_seg0122,897.060,909.010,N_SPK8049,我觉得负责店铺租赁的商务洽谈，商务商业合作，熟悉店面开发的重点环节与关键。,False,none,,,,action_item,跟进负责店铺租赁的商务洽谈，商务商业合作，熟悉店面开发的重点环节与关键,uncertain,,
R8008_M8013,R8008_M8013_seg0123,910.580,911.760,N_SPK8049,关键信息嘛。,False,none,,,,speaker_stance,认为关键信息嘛,,,
R8008_M8013,R8008_M8013_seg0124,912.170,912.610,N_SPK8047,嗯。,False,none,,,,speaker_stance,认为嗯,,,
R8008_M8013,R8008_M8013_seg0125,912.990,915.840,N_SPK8049,这些都是需要有能力的人来完成的嘛。,False,none,,,,speaker_stance,认为这些都是需要有能力的人来完成的嘛,,,
R8008_M8013,R8008_M8013_seg0126,916.470,921.360,N_SPK8048,嗯，我觉得他们如果面试成功的话，还需要一个试用期吧。,False,none,,,,speaker_stance,认为他们如果面试成功，还需要一个试用期吧,,,
R8008_M8013,R8008_M8013_seg0127,921.990,931.950,N_SPK8047,对对对。,True,partial,,,,uncertainty,高重叠语音，内容或说话人归属不确定,,,多人同时说话，按项目规则标为不确定
R8008_M8013,R8008_M8013_seg0127,921.990,931.950,N_SPK8049,对试用期。,True,partial,,,,uncertainty,高重叠语音，内容或说话人归属不确定,,,多人同时说话，按项目规则标为不确定
R8008_M8013,R8008_M8013_seg0127,921.990,931.950,N_SPK8048,试用期得看看他们，嗯，试用期得看看他们的表现怎么样。,True,partial,,,,uncertainty,高重叠语音，内容或说话人归属不确定,,,多人同时说话，按项目规则标为不确定
R8008_M8013,R8008_M8013_seg0127,921.990,931.950,N_SPK8047,试用期。,True,partial,,,,uncertainty,高重叠语音，内容或说话人归属不确定,,,多人同时说话，按项目规则标为不确定
R8008_M8013,R8008_M8013_seg0127,921.990,931.950,N_SPK8049,一个月吧。,True,partial,,,,uncertainty,高重叠语音，内容或说话人归属不确定,,,多人同时说话，按项目规则标为不确定
R8008_M8013,R8008_M8013_seg0127,921.990,931.950,N_SPK8047,一个月为试用期，试用期那他们工资就会低一点。,True,partial,,,,uncertainty,高重叠语音，内容或说话人归属不确定,,,多人同时说话，按项目规则标为不确定
R8008_M8013,R8008_M8013_seg0128,932.130,939.870,N_SPK8048,试用期也给他们定一个基本工资吧，试用期就嗯两个月吧。,True,partial,,,,uncertainty,高重叠语音，内容或说话人归属不确定,,,多人同时说话，按项目规则标为不确定
R8008_M8013,R8008_M8013_seg0128,932.130,939.870,N_SPK8047,对。,True,partial,,,,uncertainty,高重叠语音，内容或说话人归属不确定,,,多人同时说话，按项目规则标为不确定
R8008_M8013,R8008_M8013_seg0128,932.130,939.870,N_SPK8047,两千两个月。,True,partial,,,,uncertainty,高重叠语音，内容或说话人归属不确定,,,多人同时说话，按项目规则标为不确定
R8008_M8013,R8008_M8013_seg0129,940.070,943.620,N_SPK8048,嗯，试用期为两个月嘛，一个月工资。,False,none,,,,speaker_stance,认为试用期为两个月嘛，一个月工资,,,
R8008_M8013,R8008_M8013_seg0130,944.470,946.080,N_SPK8047,两千。,True,partial,,,,uncertainty,高重叠语音，内容或说话人归属不确定,,,多人同时说话，按项目规则标为不确定
R8008_M8013,R8008_M8013_seg0130,944.470,946.080,N_SPK8048,四千五吧。,True,partial,,,,uncertainty,高重叠语音，内容或说话人归属不确定,,,多人同时说话，按项目规则标为不确定
R8008_M8013,R8008_M8013_seg0131,946.270,950.460,N_SPK8047,四千五没有这么高吧，四千五不是都。,False,none,,,,disagreement,存在分歧四千五没有这么高吧，四千五不是都,,,
R8008_M8013,R8008_M8013_seg0132,951.720,960.780,N_SPK8049,三千吧三千五吧。,True,partial,,,,uncertainty,高重叠语音，内容或说话人归属不确定,,,多人同时说话，按项目规则标为不确定
R8008_M8013,R8008_M8013_seg0132,951.720,960.780,N_SPK8048,那嗯可以可以，那试用期的基本工资就三千吧，但是啊然后四试用期满了之后我们得。,True,partial,,,,uncertainty,高重叠语音，内容或说话人归属不确定,,,多人同时说话，按项目规则标为不确定
R8008_M8013,R8008_M8013_seg0132,951.720,960.780,N_SPK8047,三千五吧。,True,partial,,,,uncertainty,高重叠语音，内容或说话人归属不确定,,,多人同时说话，按项目规则标为不确定
R8008_M8013,R8008_M8013_seg0133,961.500,963.680,N_SPK8047,就看他们表现转正。,True,partial,,,,uncertainty,高重叠语音，内容或说话人归属不确定,,,多人同时说话，按项目规则标为不确定
R8008_M8013,R8008_M8013_seg0133,961.500,963.680,N_SPK8048,叫。,True,partial,,,,uncertainty,高重叠语音，内容或说话人归属不确定,,,多人同时说话，按项目规则标为不确定
R8008_M8013,R8008_M8013_seg0134,963.710,978.070,N_SPK8048,对对对。,True,partial,,,,uncertainty,高重叠语音，内容或说话人归属不确定,,,多人同时说话，按项目规则标为不确定
R8008_M8013,R8008_M8013_seg0134,963.710,978.070,N_SPK8049,转正可以，可以正可以提，这个可以谈后面可以提。,True,partial,,,,uncertainty,高重叠语音，内容或说话人归属不确定,,,多人同时说话，按项目规则标为不确定
R8008_M8013,R8008_M8013_seg0134,963.710,978.070,N_SPK8047,对，我觉得他们。,True,partial,,,,uncertainty,高重叠语音，内容或说话人归属不确定,,,多人同时说话，按项目规则标为不确定
R8008_M8013,R8008_M8013_seg0134,963.710,978.070,N_SPK8048,转正之后得给他们弄那个五险一金吧，这每个公司都必须。,True,partial,,,,uncertainty,高重叠语音，内容或说话人归属不确定,,,多人同时说话，按项目规则标为不确定
R8008_M8013,R8008_M8013_seg0134,963.710,978.070,N_SPK8049,有能力的都可以提，嗯。,True,partial,,,,uncertainty,高重叠语音，内容或说话人归属不确定,,,多人同时说话，按项目规则标为不确定
R8008_M8013,R8008_M8013_seg0134,963.710,978.070,N_SPK8049,嗯，待遇都得可以的，假期都得放的。,True,partial,,,,uncertainty,高重叠语音，内容或说话人归属不确定,,,多人同时说话，按项目规则标为不确定
R8008_M8013,R8008_M8013_seg0135,978.410,979.360,N_SPK8048,对对对对。,False,none,,,,speaker_stance,认为对对对对,,,
R8008_M8013,R8008_M8013_seg0136,979.800,989.310,N_SPK8047,对，然后他们我觉得他们公司也可以有个底薪，然后再根据他们的表现然后在往上加，对增薪。,True,partial,,,,uncertainty,高重叠语音，内容或说话人归属不确定,,,多人同时说话，按项目规则标为不确定
R8008_M8013,R8008_M8013_seg0136,979.800,989.310,N_SPK8049,嗯。,True,partial,,,,uncertainty,高重叠语音，内容或说话人归属不确定,,,多人同时说话，按项目规则标为不确定
R8008_M8013,R8008_M8013_seg0136,979.800,989.310,N_SPK8049,嗯然后进行增薪唉跟加薪。,True,partial,,,,uncertainty,高重叠语音，内容或说话人归属不确定,,,多人同时说话，按项目规则标为不确定
R8008_M8013,R8008_M8013_seg0137,989.500,990.030,N_SPK8047,对。,False,none,,,,speaker_stance,认为对,,,
R8008_M8013,R8008_M8013_seg0138,991.180,991.670,N_SPK8048,嗯。,True,full,,,,uncertainty,高重叠语音，内容或说话人归属不确定,,,多人同时说话，按项目规则标为不确定
R8008_M8013,R8008_M8013_seg0138,991.180,991.670,N_SPK8047,这可以。,True,full,,,,uncertainty,高重叠语音，内容或说话人归属不确定,,,多人同时说话，按项目规则标为不确定
R8008_M8013,R8008_M8013_seg0139,993.300,1004.210,N_SPK8048,那基本的这些什么招聘的要求，招聘人数跟岗位职责，什么工资待遇什么都差不多了。,True,partial,,,,uncertainty,高重叠语音，内容或说话人归属不确定,,,多人同时说话，按项目规则标为不确定
R8008_M8013,R8008_M8013_seg0139,993.300,1004.210,N_SPK8049,跟。,True,partial,,,,uncertainty,高重叠语音，内容或说话人归属不确定,,,多人同时说话，按项目规则标为不确定
R8008_M8013,R8008_M8013_seg0139,993.300,1004.210,N_SPK8049,嗯嗯。,True,partial,,,,uncertainty,高重叠语音，内容或说话人归属不确定,,,多人同时说话，按项目规则标为不确定
R8008_M8013,R8008_M8013_seg0140,1005.520,1011.850,N_SPK8049,更我觉得我们应该更细节细分一点，他们那个定位。,True,partial,,,,uncertainty,高重叠语音，内容或说话人归属不确定,,,多人同时说话，按项目规则标为不确定
R8008_M8013,R8008_M8013_seg0140,1005.520,1011.850,N_SPK8047,对。,True,partial,,,,uncertainty,高重叠语音，内容或说话人归属不确定,,,多人同时说话，按项目规则标为不确定
R8008_M8013,R8008_M8013_seg0141,1012.090,1032.010,N_SPK8047,他们那个，我觉得营销部经理和市场部经理最好是大学学的是那种营销专业，对市场营销嘛。,True,partial,,,,uncertainty,高重叠语音，内容或说话人归属不确定,,,多人同时说话，按项目规则标为不确定
R8008_M8013,R8008_M8013_seg0141,1012.090,1032.010,N_SPK8048,嗯。,True,partial,,,,uncertainty,高重叠语音，内容或说话人归属不确定,,,多人同时说话，按项目规则标为不确定
R8008_M8013,R8008_M8013_seg0141,1012.090,1032.010,N_SPK8049,对，要有经验的那一种，不是说就小白吧。,True,partial,,,,uncertainty,高重叠语音，内容或说话人归属不确定,,,多人同时说话，按项目规则标为不确定
R8008_M8013,R8008_M8013_seg0141,1012.090,1032.010,N_SPK8048,嗯嗯嗯，这这种我觉得我们可以去那种专业的职业技术学院去进行招聘。,True,partial,,,,uncertainty,高重叠语音，内容或说话人归属不确定,,,多人同时说话，按项目规则标为不确定
R8008_M8013,R8008_M8013_seg0141,1012.090,1032.010,N_SPK8049,挖人挖人，让他们跳槽。,True,partial,,,,uncertainty,高重叠语音，内容或说话人归属不确定,,,多人同时说话，按项目规则标为不确定
R8008_M8013,R8008_M8013_seg0141,1012.090,1032.010,N_SPK8047,对对对。,True,partial,,,,uncertainty,高重叠语音，内容或说话人归属不确定,,,多人同时说话，按项目规则标为不确定
R8008_M8013,R8008_M8013_seg0142,1033.150,1051.070,N_SPK8047,对，我们也可以进进行线下招聘，然后去他们学校里面宣传。,True,partial,,,,uncertainty,高重叠语音，内容或说话人归属不确定,,,多人同时说话，按项目规则标为不确定
R8008_M8013,R8008_M8013_seg0142,1033.150,1051.070,N_SPK8048,对对对，去他们学校里面宣传一下我们这个餐饮企业的这个福利什么的。,True,partial,,,,uncertainty,高重叠语音，内容或说话人归属不确定,,,多人同时说话，按项目规则标为不确定
R8008_M8013,R8008_M8013_seg0142,1033.150,1051.070,N_SPK8049,我觉得学生不一定就那个学过这一行吧，学过这一方面吧，去试就这一方面不一定会。,True,partial,,,,uncertainty,高重叠语音，内容或说话人归属不确定,,,多人同时说话，按项目规则标为不确定
R8008_M8013,R8008_M8013_seg0142,1033.150,1051.070,N_SPK8047,对。,True,partial,,,,uncertainty,高重叠语音，内容或说话人归属不确定,,,多人同时说话，按项目规则标为不确定
R8008_M8013,R8008_M8013_seg0143,1051.490,1059.140,N_SPK8048,就选他们这个餐饮这些管理啊，什么这个专业嘛，啊他们肯定都有。,True,partial,,,,uncertainty,高重叠语音，内容或说话人归属不确定,,,多人同时说话，按项目规则标为不确定
R8008_M8013,R8008_M8013_seg0143,1051.490,1059.140,N_SPK8049,嗯但有些没有管理过吧，就是。,True,partial,,,,uncertainty,高重叠语音，内容或说话人归属不确定,,,多人同时说话，按项目规则标为不确定
R8008_M8013,R8008_M8013_seg0144,1059.530,1090.200,N_SPK8048,管理过，所以说他们需要经过实习期才能转正。,True,partial,,,,uncertainty,高重叠语音，内容或说话人归属不确定,,,多人同时说话，按项目规则标为不确定
R8008_M8013,R8008_M8013_seg0144,1059.530,1090.200,N_SPK8047,那他们。,True,partial,,,,uncertainty,高重叠语音，内容或说话人归属不确定,,,多人同时说话，按项目规则标为不确定
R8008_M8013,R8008_M8013_seg0144,1059.530,1090.200,N_SPK8047,我们给他们一个机会嘛，那他们要是想来我们这里的话。,True,partial,,,,uncertainty,高重叠语音，内容或说话人归属不确定,,,多人同时说话，按项目规则标为不确定
R8008_M8013,R8008_M8013_seg0144,1059.530,1090.200,N_SPK8048,嗯。,True,partial,,,,uncertainty,高重叠语音，内容或说话人归属不确定,,,多人同时说话，按项目规则标为不确定
R8008_M8013,R8008_M8013_seg0144,1059.530,1090.200,N_SPK8049,嗯。,True,partial,,,,uncertainty,高重叠语音，内容或说话人归属不确定,,,多人同时说话，按项目规则标为不确定
R8008_M8013,R8008_M8013_seg0144,1059.530,1090.200,N_SPK8048,对。,True,partial,,,,uncertainty,高重叠语音，内容或说话人归属不确定,,,多人同时说话，按项目规则标为不确定
R8008_M8013,R8008_M8013_seg0144,1059.530,1090.200,N_SPK8049,但是直接上不行，这个肯定需要对培训嘛，得需要一个培训。,True,partial,,,,uncertainty,高重叠语音，内容或说话人归属不确定,,,多人同时说话，按项目规则标为不确定
R8008_M8013,R8008_M8013_seg0144,1059.530,1090.200,N_SPK8047,这得经过培训，对我们还得找相关的培训人员来帮我们带他们。,True,partial,,,,uncertainty,高重叠语音，内容或说话人归属不确定,,,多人同时说话，按项目规则标为不确定
R8008_M8013,R8008_M8013_seg0144,1059.530,1090.200,N_SPK8048,嗯嗯嗯。,True,partial,,,,uncertainty,高重叠语音，内容或说话人归属不确定,,,多人同时说话，按项目规则标为不确定
R8008_M8013,R8008_M8013_seg0144,1059.530,1090.200,N_SPK8049,嗯，对对对对，这样是挺重要的。,True,partial,,,,uncertainty,高重叠语音，内容或说话人归属不确定,,,多人同时说话，按项目规则标为不确定
R8008_M8013,R8008_M8013_seg0144,1059.530,1090.200,N_SPK8048,对这也这样子也可以增加一下我们这个企业的这个在，在这个城市或者是对对对。,True,partial,,,,uncertainty,高重叠语音，内容或说话人归属不确定,,,多人同时说话，按项目规则标为不确定
R8008_M8013,R8008_M8013_seg0144,1059.530,1090.200,N_SPK8047,对。,True,partial,,,,uncertainty,高重叠语音，内容或说话人归属不确定,,,多人同时说话，按项目规则标为不确定
R8008_M8013,R8008_M8013_seg0144,1059.530,1090.200,N_SPK8047,这可以树立一个我们我们这个专业的形象。,True,partial,,,,uncertainty,高重叠语音，内容或说话人归属不确定,,,多人同时说话，按项目规则标为不确定
R8008_M8013,R8008_M8013_seg0144,1059.530,1090.200,N_SPK8049,对我觉得实实战嗯。,True,partial,,,,uncertainty,高重叠语音，内容或说话人归属不确定,,,多人同时说话，按项目规则标为不确定
R8008_M8013,R8008_M8013_seg0144,1059.530,1090.200,N_SPK8048,对，树一下我们企业的形象。,True,partial,,,,uncertainty,高重叠语音，内容或说话人归属不确定,,,多人同时说话，按项目规则标为不确定
R8008_M8013,R8008_M8013_seg0145,1090.470,1092.450,N_SPK8047,对。,True,partial,,,,uncertainty,高重叠语音，内容或说话人归属不确定,,,多人同时说话，按项目规则标为不确定
R8008_M8013,R8008_M8013_seg0145,1090.470,1092.450,N_SPK8049,实战挺挺重要的，实战。,True,partial,,,,uncertainty,高重叠语音，内容或说话人归属不确定,,,多人同时说话，按项目规则标为不确定
R8008_M8013,R8008_M8013_seg0146,1093.070,1093.580,N_SPK8048,嗯。,False,none,,,,speaker_stance,认为嗯,,,
R8008_M8013,R8008_M8013_seg0147,1094.090,1094.520,N_SPK8047,对。,False,none,,,,speaker_stance,认为对,,,
R8008_M8013,R8008_M8013_seg0148,1095.290,1101.160,N_SPK8049,培训跟实习的话，我觉得总总是要有个期限的吧。,False,none,,,,speaker_stance,认为培训跟实习，总总是要有个期限的吧,,,
R8008_M8013,R8008_M8013_seg0149,1102.480,1110.670,N_SPK8048,嗯。,True,partial,,,,uncertainty,高重叠语音，内容或说话人归属不确定,,,多人同时说话，按项目规则标为不确定
R8008_M8013,R8008_M8013_seg0149,1102.480,1110.670,N_SPK8047,实习，培训的话。,True,partial,,,,uncertainty,高重叠语音，内容或说话人归属不确定,,,多人同时说话，按项目规则标为不确定
R8008_M8013,R8008_M8013_seg0149,1102.480,1110.670,N_SPK8048,培训期限的话就，培训期限也不能太长，也不能太短。,True,partial,,,,uncertainty,高重叠语音，内容或说话人归属不确定,,,多人同时说话，按项目规则标为不确定
R8008_M8013,R8008_M8013_seg0150,1111.800,1114.910,N_SPK8048,培训期限多长时间？,True,partial,,,,uncertainty,高重叠语音，内容或说话人归属不确定,,,多人同时说话，按项目规则标为不确定
R8008_M8013,R8008_M8013_seg0150,1111.800,1114.910,N_SPK8047,两个星期。,True,partial,,,,uncertainty,高重叠语音，内容或说话人归属不确定,,,多人同时说话，按项目规则标为不确定
R8008_M8013,R8008_M8013_seg0151,1115.470,1116.590,N_SPK8048,两个星期。,False,none,,,,speaker_stance,认为两个星期,,,
R8008_M8013,R8008_M8013_seg0152,1116.850,1119.160,N_SPK8047,差不多。,True,partial,,,,uncertainty,高重叠语音，内容或说话人归属不确定,,,多人同时说话，按项目规则标为不确定
R8008_M8013,R8008_M8013_seg0152,1116.850,1119.160,N_SPK8049,有些人一年的也有，半年的也有。,True,partial,,,,uncertainty,高重叠语音，内容或说话人归属不确定,,,多人同时说话，按项目规则标为不确定
R8008_M8013,R8008_M8013_seg0152,1116.850,1119.160,N_SPK8048,嗯。,True,partial,,,,uncertainty,高重叠语音，内容或说话人归属不确定,,,多人同时说话，按项目规则标为不确定
R8008_M8013,R8008_M8013_seg0153,1119.670,1130.990,N_SPK8047,那我觉得。,True,partial,,,,uncertainty,高重叠语音，内容或说话人归属不确定,,,多人同时说话，按项目规则标为不确定
R8008_M8013,R8008_M8013_seg0153,1119.670,1130.990,N_SPK8048,但我们但我们这个我们这个开现在这个市场行业就是太太紧张了，对对对，太稀缺了。,True,partial,,,,uncertainty,高重叠语音，内容或说话人归属不确定,,,多人同时说话，按项目规则标为不确定
R8008_M8013,R8008_M8013_seg0153,1119.670,1130.990,N_SPK8049,稀缺是吗？稀缺比较稀缺。,True,partial,,,,uncertainty,高重叠语音，内容或说话人归属不确定,,,多人同时说话，按项目规则标为不确定
R8008_M8013,R8008_M8013_seg0154,1131.000,1131.570,N_SPK8047,对。,False,none,,,,speaker_stance,认为对,,,
R8008_M8013,R8008_M8013_seg0155,1132.000,1133.460,N_SPK8049,开个三个月要不。,False,none,,,,speaker_stance,认为开个三个月要不,,,
R8008_M8013,R8008_M8013_seg0156,1133.780,1134.290,N_SPK8047,可以。,False,none,,,,speaker_stance,认为可以,,,
R8008_M8013,R8008_M8013_seg0157,1134.670,1136.840,N_SPK8049,三个月的培训跟实习。,False,none,,,,speaker_stance,认为三个月的培训跟实习,,,
R8008_M8013,R8008_M8013_seg0158,1137.090,1137.510,N_SPK8048,嗯。,False,none,,,,speaker_stance,认为嗯,,,
R8008_M8013,R8008_M8013_seg0159,1137.780,1146.080,N_SPK8047,但我觉得还是得看他们学习东西的能力吧。,True,partial,,,,uncertainty,高重叠语音，内容或说话人归属不确定,,,多人同时说话，按项目规则标为不确定
R8008_M8013,R8008_M8013_seg0159,1137.780,1146.080,N_SPK8049,我觉得我我觉得嗯培训期间还可以进行考核跟打分嘛。,True,partial,,,,uncertainty,高重叠语音，内容或说话人归属不确定,,,多人同时说话，按项目规则标为不确定
R8008_M8013,R8008_M8013_seg0159,1137.780,1146.080,N_SPK8048,对。,True,partial,,,,uncertainty,高重叠语音，内容或说话人归属不确定,,,多人同时说话，按项目规则标为不确定
R8008_M8013,R8008_M8013_seg0160,1146.210,1154.450,N_SPK8047,对对对，可以啊。,True,partial,,,,uncertainty,高重叠语音，内容或说话人归属不确定,,,多人同时说话，按项目规则标为不确定
R8008_M8013,R8008_M8013_seg0160,1146.210,1154.450,N_SPK8048,嗯这个可以，这个考核跟打分也能让他们能让他们在后面的竞争中就更加。,True,partial,,,,uncertainty,高重叠语音，内容或说话人归属不确定,,,多人同时说话，按项目规则标为不确定
R8008_M8013,R8008_M8013_seg0160,1146.210,1154.450,N_SPK8049,就能。,True,partial,,,,uncertainty,高重叠语音，内容或说话人归属不确定,,,多人同时说话，按项目规则标为不确定
R8008_M8013,R8008_M8013_seg0160,1146.210,1154.450,N_SPK8049,看得出来。,True,partial,,,,uncertainty,高重叠语音，内容或说话人归属不确定,,,多人同时说话，按项目规则标为不确定
R8008_M8013,R8008_M8013_seg0161,1154.850,1155.190,N_SPK8049,对。,False,none,,,,speaker_stance,认为对,,,
R8008_M8013,R8008_M8013_seg0162,1155.820,1156.130,N_SPK8048,嗯。,False,none,,,,speaker_stance,认为嗯,,,
R8008_M8013,R8008_M8013_seg0163,1158.750,1160.490,N_SPK8047,对然后。,False,none,,,,speaker_stance,认为对,,,
R8008_M8013,R8008_M8013_seg0164,1161.960,1162.970,N_SPK8047,我觉得。,False,none,,,,speaker_stance,认为我觉得,,,
R8008_M8013,R8008_M8013_seg0165,1164.900,1170.260,N_SPK8048,还有我们这个招聘的话要搞那个吗？,False,none,,,,open_question,待确认还有招聘要搞吗？,,,
R8008_M8013,R8008_M8013_seg0166,1170.530,1171.240,N_SPK8049,嗯。,True,partial,,,,uncertainty,高重叠语音，内容或说话人归属不确定,,,多人同时说话，按项目规则标为不确定
R8008_M8013,R8008_M8013_seg0166,1170.530,1171.240,N_SPK8047,是吗？,True,partial,,,,uncertainty,高重叠语音，内容或说话人归属不确定,,,多人同时说话，按项目规则标为不确定
R8008_M8013,R8008_M8013_seg0167,1171.700,1188.190,N_SPK8048,搞那个就是招聘启示贴纸贴在马路公告栏上那些。,True,partial,,,,uncertainty,高重叠语音，内容或说话人归属不确定,,,多人同时说话，按项目规则标为不确定
R8008_M8013,R8008_M8013_seg0167,1171.700,1188.190,N_SPK8049,嗯。,True,partial,,,,uncertainty,高重叠语音，内容或说话人归属不确定,,,多人同时说话，按项目规则标为不确定
R8008_M8013,R8008_M8013_seg0167,1171.700,1188.190,N_SPK8047,啊可以可以，那我觉得就跟发传单差不多嘛，那我们还得。,True,partial,,,,uncertainty,高重叠语音，内容或说话人归属不确定,,,多人同时说话，按项目规则标为不确定
R8008_M8013,R8008_M8013_seg0167,1171.700,1188.190,N_SPK8048,对。,True,partial,,,,uncertainty,高重叠语音，内容或说话人归属不确定,,,多人同时说话，按项目规则标为不确定
R8008_M8013,R8008_M8013_seg0167,1171.700,1188.190,N_SPK8049,我感觉发传单快一点就。,True,partial,,,,uncertainty,高重叠语音，内容或说话人归属不确定,,,多人同时说话，按项目规则标为不确定
R8008_M8013,R8008_M8013_seg0167,1171.700,1188.190,N_SPK8048,我们可以诶我们可以那个就是跟校方合作。,True,partial,,,,uncertainty,高重叠语音，内容或说话人归属不确定,,,多人同时说话，按项目规则标为不确定
R8008_M8013,R8008_M8013_seg0167,1171.700,1188.190,N_SPK8047,对。,True,partial,,,,uncertainty,高重叠语音，内容或说话人归属不确定,,,多人同时说话，按项目规则标为不确定
R8008_M8013,R8008_M8013_seg0168,1188.360,1192.830,N_SPK8049,嗯对校方合作，跟职业的校方合作。,True,partial,,,,uncertainty,高重叠语音，内容或说话人归属不确定,,,多人同时说话，按项目规则标为不确定
R8008_M8013,R8008_M8013_seg0168,1188.360,1192.830,N_SPK8047,嗯对对对，学校。,True,partial,,,,uncertainty,高重叠语音，内容或说话人归属不确定,,,多人同时说话，按项目规则标为不确定
R8008_M8013,R8008_M8013_seg0169,1192.890,1195.360,N_SPK8047,对学校就可以帮我们宣传。,False,none,,,,speaker_stance,认为对学校就可以帮宣传,,,
R8008_M8013,R8008_M8013_seg0170,1195.460,1195.880,N_SPK8048,嗯。,False,none,,,,speaker_stance,认为嗯,,,
R8008_M8013,R8008_M8013_seg0171,1196.380,1199.570,N_SPK8047,因为学校的人脉也比较广嘛，学生这么多。,False,none,,,,speaker_stance,认为因为学校的人脉也比较广嘛，学生这么多,,,
R8008_M8013,R8008_M8013_seg0172,1199.580,1221.490,N_SPK8048,对对对。,True,partial,,,,uncertainty,高重叠语音，内容或说话人归属不确定,,,多人同时说话，按项目规则标为不确定
R8008_M8013,R8008_M8013_seg0172,1199.580,1221.490,N_SPK8049,这也是一个方法，可以直接让学生去我们那那个培训跟实习嘛进行。,True,partial,,,,uncertainty,高重叠语音，内容或说话人归属不确定,,,多人同时说话，按项目规则标为不确定
R8008_M8013,R8008_M8013_seg0172,1199.580,1221.490,N_SPK8047,对。,True,partial,,,,uncertainty,高重叠语音，内容或说话人归属不确定,,,多人同时说话，按项目规则标为不确定
R8008_M8013,R8008_M8013_seg0172,1199.580,1221.490,N_SPK8047,对，就特别是那些大三的啊，就是职业学校大三的毕业生嘛，就找工作就业压力就很大就很难找。,True,partial,,,,uncertainty,高重叠语音，内容或说话人归属不确定,,,多人同时说话，按项目规则标为不确定
R8008_M8013,R8008_M8013_seg0172,1199.580,1221.490,N_SPK8048,嗯，对。,True,partial,,,,uncertainty,高重叠语音，内容或说话人归属不确定,,,多人同时说话，按项目规则标为不确定
R8008_M8013,R8008_M8013_seg0172,1199.580,1221.490,N_SPK8049,嗯嗯。,True,partial,,,,uncertainty,高重叠语音，内容或说话人归属不确定,,,多人同时说话，按项目规则标为不确定
R8008_M8013,R8008_M8013_seg0172,1199.580,1221.490,N_SPK8048,对他们可能就为了。,True,partial,,,,uncertainty,高重叠语音，内容或说话人归属不确定,,,多人同时说话，按项目规则标为不确定
R8008_M8013,R8008_M8013_seg0172,1199.580,1221.490,N_SPK8049,就业压力也很大，刚好我们这边也稀缺。,True,partial,,,,uncertainty,高重叠语音，内容或说话人归属不确定,,,多人同时说话，按项目规则标为不确定
R8008_M8013,R8008_M8013_seg0172,1199.580,1221.490,N_SPK8048,是的是的。,True,partial,,,,uncertainty,高重叠语音，内容或说话人归属不确定,,,多人同时说话，按项目规则标为不确定
R8008_M8013,R8008_M8013_seg0172,1199.580,1221.490,N_SPK8047,对稀缺这种人才，我们就给他提供这个。,True,partial,,,,uncertainty,高重叠语音，内容或说话人归属不确定,,,多人同时说话，按项目规则标为不确定
R8008_M8013,R8008_M8013_seg0172,1199.580,1221.490,N_SPK8049,嗯。,True,partial,,,,uncertainty,高重叠语音，内容或说话人归属不确定,,,多人同时说话，按项目规则标为不确定
R8008_M8013,R8008_M8013_seg0173,1221.670,1224.510,N_SPK8049,提供这个需要嘛是吧？,True,partial,,,,uncertainty,高重叠语音，内容或说话人归属不确定,,,多人同时说话，按项目规则标为不确定
R8008_M8013,R8008_M8013_seg0173,1221.670,1224.510,N_SPK8047,对这个机会。,True,partial,,,,uncertainty,高重叠语音，内容或说话人归属不确定,,,多人同时说话，按项目规则标为不确定
R8008_M8013,R8008_M8013_seg0174,1224.670,1225.150,N_SPK8048,嗯。,False,none,,,,speaker_stance,认为嗯,,,
R8008_M8013,R8008_M8013_seg0175,1226.590,1227.820,N_SPK8047,对，然后的话。,False,none,,,,speaker_stance,认为对,,,
R8008_M8013,R8008_M8013_seg0176,1229.250,1230.330,N_SPK8048,然后。,False,none,,,,speaker_stance,认为然后,,,
R8008_M8013,R8008_M8013_seg0177,1231.400,1232.380,N_SPK8048,嗯。,False,none,,,,speaker_stance,认为嗯,,,
R8008_M8013,R8008_M8013_seg0178,1232.450,1239.750,N_SPK8049,然后我觉得销售最近也是挺重要的感觉。,True,partial,,,,uncertainty,高重叠语音，内容或说话人归属不确定,,,多人同时说话，按项目规则标为不确定
R8008_M8013,R8008_M8013_seg0178,1232.450,1239.750,N_SPK8048,销售的话是。,True,partial,,,,uncertainty,高重叠语音，内容或说话人归属不确定,,,多人同时说话，按项目规则标为不确定
R8008_M8013,R8008_M8013_seg0178,1232.450,1239.750,N_SPK8049,销售量最近有点低吧就。,True,partial,,,,uncertainty,高重叠语音，内容或说话人归属不确定,,,多人同时说话，按项目规则标为不确定
R8008_M8013,R8008_M8013_seg0179,1239.870,1245.310,N_SPK8047,对销售量，那还是得做好相关人员的。,False,none,,,,speaker_stance,认为对销售量，那还是得做好相关人员的,,,
R8008_M8013,R8008_M8013_seg0180,1246.110,1246.680,N_SPK8049,那个。,False,none,,,,speaker_stance,认为那个,,,
R8008_M8013,R8008_M8013_seg0181,1246.920,1252.270,N_SPK8047,我们的员。,True,full,,,,uncertainty,高重叠语音，内容或说话人归属不确定,,,多人同时说话，按项目规则标为不确定
R8008_M8013,R8008_M8013_seg0181,1246.920,1252.270,N_SPK8048,主要是选，主要是选人吧我觉得，选人是最重要的。,True,full,,,,uncertainty,高重叠语音，内容或说话人归属不确定,,,多人同时说话，按项目规则标为不确定
R8008_M8013,R8008_M8013_seg0181,1246.920,1252.270,N_SPK8049,就一个，对对对对。,True,full,,,,uncertainty,高重叠语音，内容或说话人归属不确定,,,多人同时说话，按项目规则标为不确定
R8008_M8013,R8008_M8013_seg0181,1246.920,1252.270,N_SPK8047,对。,True,full,,,,uncertainty,高重叠语音，内容或说话人归属不确定,,,多人同时说话，按项目规则标为不确定
R8008_M8013,R8008_M8013_seg0182,1253.900,1259.390,N_SPK8047,我觉得人员还。,True,partial,,,,uncertainty,高重叠语音，内容或说话人归属不确定,,,多人同时说话，按项目规则标为不确定
R8008_M8013,R8008_M8013_seg0182,1253.900,1259.390,N_SPK8048,嗯。,True,partial,,,,uncertainty,高重叠语音，内容或说话人归属不确定,,,多人同时说话，按项目规则标为不确定
R8008_M8013,R8008_M8013_seg0182,1253.900,1259.390,N_SPK8049,需需要那种挑战高薪的意意志跟行动力吧。,True,partial,,,,uncertainty,高重叠语音，内容或说话人归属不确定,,,多人同时说话，按项目规则标为不确定
R8008_M8013,R8008_M8013_seg0183,1259.690,1269.570,N_SPK8047,对，我们得提高员工的积极性。,True,partial,,,,uncertainty,高重叠语音，内容或说话人归属不确定,,,多人同时说话，按项目规则标为不确定
R8008_M8013,R8008_M8013_seg0183,1259.690,1269.570,N_SPK8049,嗯提高员工对对对，要有一定的规划跟想法吧，管理好一个门店嘛。,True,partial,,,,uncertainty,高重叠语音，内容或说话人归属不确定,,,多人同时说话，按项目规则标为不确定
R8008_M8013,R8008_M8013_seg0183,1259.690,1269.570,N_SPK8048,对对对，那就嗯。,True,partial,,,,uncertainty,高重叠语音，内容或说话人归属不确定,,,多人同时说话，按项目规则标为不确定
R8008_M8013,R8008_M8013_seg0184,1270.620,1271.090,N_SPK8048,是的。,False,none,,,,speaker_stance,认为是的,,,
R8008_M8013,R8008_M8013_seg0185,1271.270,1279.730,N_SPK8047,这还最近不是有些部门的员工就比较做事就比较怠慢嘛，我觉得就可以先警告一下他们。,True,partial,,,,uncertainty,高重叠语音，内容或说话人归属不确定,,,多人同时说话，按项目规则标为不确定
R8008_M8013,R8008_M8013_seg0185,1271.270,1279.730,N_SPK8048,嗯。,True,partial,,,,uncertainty,高重叠语音，内容或说话人归属不确定,,,多人同时说话，按项目规则标为不确定
R8008_M8013,R8008_M8013_seg0185,1271.270,1279.730,N_SPK8049,嗯。,True,partial,,,,uncertainty,高重叠语音，内容或说话人归属不确定,,,多人同时说话，按项目规则标为不确定
R8008_M8013,R8008_M8013_seg0186,1280.600,1281.420,N_SPK8047,然后。,False,none,,,,speaker_stance,认为然后,,,
R8008_M8013,R8008_M8013_seg0187,1282.270,1295.200,N_SPK8048,就如果说公司要那个嗯招聘新人员的话，就可以激励那些老员工。,True,partial,,,,uncertainty,高重叠语音，内容或说话人归属不确定,,,多人同时说话，按项目规则标为不确定
R8008_M8013,R8008_M8013_seg0187,1282.270,1295.200,N_SPK8047,对。,True,partial,,,,uncertainty,高重叠语音，内容或说话人归属不确定,,,多人同时说话，按项目规则标为不确定
R8008_M8013,R8008_M8013_seg0187,1282.270,1295.200,N_SPK8049,对激励老员工，对可以用福利来激励老员工或者奖金。,True,partial,,,,uncertainty,高重叠语音，内容或说话人归属不确定,,,多人同时说话，按项目规则标为不确定
R8008_M8013,R8008_M8013_seg0187,1282.270,1295.200,N_SPK8047,对如果他们。,True,partial,,,,uncertainty,高重叠语音，内容或说话人归属不确定,,,多人同时说话，按项目规则标为不确定
R8008_M8013,R8008_M8013_seg0188,1296.290,1299.910,N_SPK8048,主要是想要招聘一些新的人才对吧？,True,partial,,,,uncertainty,高重叠语音，内容或说话人归属不确定,,,多人同时说话，按项目规则标为不确定
R8008_M8013,R8008_M8013_seg0188,1296.290,1299.910,N_SPK8049,嗯。,True,partial,,,,uncertainty,高重叠语音，内容或说话人归属不确定,,,多人同时说话，按项目规则标为不确定
R8008_M8013,R8008_M8013_seg0189,1300.000,1300.520,N_SPK8047,对啊。,False,none,,,,speaker_stance,认为对,,,
R8008_M8013,R8008_M8013_seg0190,1300.570,1302.100,N_SPK8048,因为开连锁嘛。,False,none,,,,speaker_stance,认为因为开连锁嘛,,,
R8008_M8013,R8008_M8013_seg0191,1303.090,1305.430,N_SPK8048,就需需。,True,partial,,,,uncertainty,高重叠语音，内容或说话人归属不确定,,,多人同时说话，按项目规则标为不确定
R8008_M8013,R8008_M8013_seg0191,1303.090,1305.430,N_SPK8047,餐饮行业不容易呀。,True,partial,,,,uncertainty,高重叠语音，内容或说话人归属不确定,,,多人同时说话，按项目规则标为不确定
R8008_M8013,R8008_M8013_seg0192,1305.560,1311.880,N_SPK8048,是的呀，就需要招需要招聘一下更多的这方面的人才。,False,none,,,,speaker_stance,认为是的呀，就需要招需要招聘更多的这方面的人才,,,
R8008_M8013,R8008_M8013_seg0193,1312.810,1313.330,N_SPK8049,对。,True,partial,,,,uncertainty,高重叠语音，内容或说话人归属不确定,,,多人同时说话，按项目规则标为不确定
R8008_M8013,R8008_M8013_seg0193,1312.810,1313.330,N_SPK8047,对。,True,partial,,,,uncertainty,高重叠语音，内容或说话人归属不确定,,,多人同时说话，按项目规则标为不确定
R8008_M8013,R8008_M8013_seg0194,1314.800,1315.990,N_SPK8047,我觉得。,False,none,,,,speaker_stance,认为我觉得,,,
R8008_M8013,R8008_M8013_seg0195,1316.520,1317.200,N_SPK8048,嗯。,False,none,,,,speaker_stance,认为嗯,,,
R8008_M8013,R8008_M8013_seg0196,1319.850,1326.650,N_SPK8049,嗯。,True,partial,,,,uncertainty,高重叠语音，内容或说话人归属不确定,,,多人同时说话，按项目规则标为不确定
R8008_M8013,R8008_M8013_seg0196,1319.850,1326.650,N_SPK8048,我觉得我们公司的那个设备也得改善一下就。,True,partial,,,,uncertainty,高重叠语音，内容或说话人归属不确定,,,多人同时说话，按项目规则标为不确定
R8008_M8013,R8008_M8013_seg0196,1319.850,1326.650,N_SPK8049,改善公司的呗，对吧？,True,partial,,,,uncertainty,高重叠语音，内容或说话人归属不确定,,,多人同时说话，按项目规则标为不确定
R8008_M8013,R8008_M8013_seg0197,1326.780,1339.240,N_SPK8048,对，需要公司，我们的这个公司里面要有一个员工俱乐部，这些什么让员工休息的地方，这样子就能更加吸引那个。,True,partial,,,,uncertainty,高重叠语音，内容或说话人归属不确定,,,多人同时说话，按项目规则标为不确定
R8008_M8013,R8008_M8013_seg0197,1326.780,1339.240,N_SPK8047,对。,True,partial,,,,uncertainty,高重叠语音，内容或说话人归属不确定,,,多人同时说话，按项目规则标为不确定
R8008_M8013,R8008_M8013_seg0197,1326.780,1339.240,N_SPK8049,嗯对。,True,partial,,,,uncertainty,高重叠语音，内容或说话人归属不确定,,,多人同时说话，按项目规则标为不确定
R8008_M8013,R8008_M8013_seg0197,1326.780,1339.240,N_SPK8047,对对对，给员工提供休息的地方啊。,True,partial,,,,uncertainty,高重叠语音，内容或说话人归属不确定,,,多人同时说话，按项目规则标为不确定
R8008_M8013,R8008_M8013_seg0198,1340.240,1342.150,N_SPK8049,嗯。,True,partial,,,,uncertainty,高重叠语音，内容或说话人归属不确定,,,多人同时说话，按项目规则标为不确定
R8008_M8013,R8008_M8013_seg0198,1340.240,1342.150,N_SPK8048,那个外来人员。,True,partial,,,,uncertainty,高重叠语音，内容或说话人归属不确定,,,多人同时说话，按项目规则标为不确定
R8008_M8013,R8008_M8013_seg0199,1342.230,1348.740,N_SPK8047,哦比如说那个阿里阿里巴巴园区，他们我觉得他们里面就挺好的弄的。,True,partial,,,,uncertainty,高重叠语音，内容或说话人归属不确定,,,多人同时说话，按项目规则标为不确定
R8008_M8013,R8008_M8013_seg0199,1342.230,1348.740,N_SPK8048,对。,True,partial,,,,uncertainty,高重叠语音，内容或说话人归属不确定,,,多人同时说话，按项目规则标为不确定
R8008_M8013,R8008_M8013_seg0199,1342.230,1348.740,N_SPK8049,嗯。,True,partial,,,,uncertainty,高重叠语音，内容或说话人归属不确定,,,多人同时说话，按项目规则标为不确定
R8008_M8013,R8008_M8013_seg0200,1349.150,1363.940,N_SPK8048,对的对的，他们里面有那个休息室，母婴室什么的，还有图书馆，这些都可以免费开放，对。,True,partial,,,,uncertainty,高重叠语音，内容或说话人归属不确定,,,多人同时说话，按项目规则标为不确定
R8008_M8013,R8008_M8013_seg0200,1349.150,1363.940,N_SPK8049,借鉴。,True,partial,,,,uncertainty,高重叠语音，内容或说话人归属不确定,,,多人同时说话，按项目规则标为不确定
R8008_M8013,R8008_M8013_seg0200,1349.150,1363.940,N_SPK8047,对还，对对对，还有什么。,True,partial,,,,uncertainty,高重叠语音，内容或说话人归属不确定,,,多人同时说话，按项目规则标为不确定
R8008_M8013,R8008_M8013_seg0200,1349.150,1363.940,N_SPK8049,嗯对呀。,True,partial,,,,uncertainty,高重叠语音，内容或说话人归属不确定,,,多人同时说话，按项目规则标为不确定
R8008_M8013,R8008_M8013_seg0200,1349.150,1363.940,N_SPK8047,开了很多店，店开在里面。,True,partial,,,,uncertainty,高重叠语音，内容或说话人归属不确定,,,多人同时说话，按项目规则标为不确定
R8008_M8013,R8008_M8013_seg0200,1349.150,1363.940,N_SPK8049,嗯便利店啊，咖啡店啊，然后员工食堂。,True,partial,,,,uncertainty,高重叠语音，内容或说话人归属不确定,,,多人同时说话，按项目规则标为不确定
R8008_M8013,R8008_M8013_seg0200,1349.150,1363.940,N_SPK8048,嗯。,True,partial,,,,uncertainty,高重叠语音，内容或说话人归属不确定,,,多人同时说话，按项目规则标为不确定
R8008_M8013,R8008_M8013_seg0200,1349.150,1363.940,N_SPK8047,对。,True,partial,,,,uncertainty,高重叠语音，内容或说话人归属不确定,,,多人同时说话，按项目规则标为不确定
R8008_M8013,R8008_M8013_seg0200,1349.150,1363.940,N_SPK8047,哦新。,True,partial,,,,uncertainty,高重叠语音，内容或说话人归属不确定,,,多人同时说话，按项目规则标为不确定
R8008_M8013,R8008_M8013_seg0201,1364.010,1364.370,N_SPK8047,对。,False,none,,,,speaker_stance,认为对,,,
R8008_M8013,R8008_M8013_seg0202,1364.830,1373.320,N_SPK8048,对，哦。,True,partial,,,,uncertainty,高重叠语音，内容或说话人归属不确定,,,多人同时说话，按项目规则标为不确定
R8008_M8013,R8008_M8013_seg0202,1364.830,1373.320,N_SPK8047,我觉得我们公司也可以借鉴一下他们，这样才会吸引更多的人来我们这里面试。,True,partial,,,,uncertainty,高重叠语音，内容或说话人归属不确定,,,多人同时说话，按项目规则标为不确定
R8008_M8013,R8008_M8013_seg0202,1364.830,1373.320,N_SPK8049,嗯嗯。,True,partial,,,,uncertainty,高重叠语音，内容或说话人归属不确定,,,多人同时说话，按项目规则标为不确定
R8008_M8013,R8008_M8013_seg0202,1364.830,1373.320,N_SPK8048,对。,True,partial,,,,uncertainty,高重叠语音，内容或说话人归属不确定,,,多人同时说话，按项目规则标为不确定
R8008_M8013,R8008_M8013_seg0203,1373.480,1383.450,N_SPK8048,是的是的，那公司我觉得那个招聘信息上得写一下吧，那个什么全勤奖啊，竞赛奖啊，年终奖，工龄补贴这些东西。,True,partial,,,,uncertainty,高重叠语音，内容或说话人归属不确定,,,多人同时说话，按项目规则标为不确定
R8008_M8013,R8008_M8013_seg0203,1373.480,1383.450,N_SPK8049,嗯。,True,partial,,,,uncertainty,高重叠语音，内容或说话人归属不确定,,,多人同时说话，按项目规则标为不确定
R8008_M8013,R8008_M8013_seg0203,1373.480,1383.450,N_SPK8049,嗯。,True,partial,,,,uncertainty,高重叠语音，内容或说话人归属不确定,,,多人同时说话，按项目规则标为不确定
R8008_M8013,R8008_M8013_seg0203,1373.480,1383.450,N_SPK8049,嗯。,True,partial,,,,uncertainty,高重叠语音，内容或说话人归属不确定,,,多人同时说话，按项目规则标为不确定
R8008_M8013,R8008_M8013_seg0204,1383.680,1384.110,N_SPK8049,嗯。,False,none,,,,speaker_stance,认为嗯,,,
R8008_M8013,R8008_M8013_seg0205,1384.280,1404.840,N_SPK8047,对这些。,True,partial,,,,uncertainty,高重叠语音，内容或说话人归属不确定,,,多人同时说话，按项目规则标为不确定
R8008_M8013,R8008_M8013_seg0205,1384.280,1404.840,N_SPK8048,啊这些这些就附附在那个招聘信息文的后面吧，就他们如果想要了解的可以去点进去看一下。,True,partial,,,,uncertainty,高重叠语音，内容或说话人归属不确定,,,多人同时说话，按项目规则标为不确定
R8008_M8013,R8008_M8013_seg0205,1384.280,1404.840,N_SPK8047,对。,True,partial,,,,uncertainty,高重叠语音，内容或说话人归属不确定,,,多人同时说话，按项目规则标为不确定
R8008_M8013,R8008_M8013_seg0205,1384.280,1404.840,N_SPK8049,就附议在后面嘛，对对，了解一下。,True,partial,,,,uncertainty,高重叠语音，内容或说话人归属不确定,,,多人同时说话，按项目规则标为不确定
R8008_M8013,R8008_M8013_seg0205,1384.280,1404.840,N_SPK8047,对，我们也可以在我们的官网上面，然后放我们的相关要求之类，他们就可以点击进去。,True,partial,,,,uncertainty,高重叠语音，内容或说话人归属不确定,,,多人同时说话，按项目规则标为不确定
R8008_M8013,R8008_M8013_seg0205,1384.280,1404.840,N_SPK8048,嗯。,True,partial,,,,uncertainty,高重叠语音，内容或说话人归属不确定,,,多人同时说话，按项目规则标为不确定
R8008_M8013,R8008_M8013_seg0205,1384.280,1404.840,N_SPK8048,对对对。,True,partial,,,,uncertainty,高重叠语音，内容或说话人归属不确定,,,多人同时说话，按项目规则标为不确定
R8008_M8013,R8008_M8013_seg0206,1404.870,1405.490,N_SPK8048,嗯。,False,none,,,,speaker_stance,认为嗯,,,
R8008_M8013,R8008_M8013_seg0207,1405.970,1412.540,N_SPK8047,自己看一下嘛。,True,partial,,,,uncertainty,高重叠语音，内容或说话人归属不确定,,,多人同时说话，按项目规则标为不确定
R8008_M8013,R8008_M8013_seg0207,1405.970,1412.540,N_SPK8049,嗯提升，我觉得下面门店还是需要监督跟那个的就。,True,partial,,,,uncertainty,高重叠语音，内容或说话人归属不确定,,,多人同时说话，按项目规则标为不确定
R8008_M8013,R8008_M8013_seg0207,1405.970,1412.540,N_SPK8048,嗯，也。,True,partial,,,,uncertainty,高重叠语音，内容或说话人归属不确定,,,多人同时说话，按项目规则标为不确定
R8008_M8013,R8008_M8013_seg0208,1414.420,1427.470,N_SPK8047,监督。,True,partial,,,,uncertainty,高重叠语音，内容或说话人归属不确定,,,多人同时说话，按项目规则标为不确定
R8008_M8013,R8008_M8013_seg0208,1414.420,1427.470,N_SPK8048,主主要主要他们他们正式录用之后，我们得需我们也可以为他们量身定制一下这个职业生涯规划，然后陪到培养一下多技能。,True,partial,,,,uncertainty,高重叠语音，内容或说话人归属不确定,,,多人同时说话，按项目规则标为不确定
R8008_M8013,R8008_M8013_seg0208,1414.420,1427.470,N_SPK8049,对对比啦。,True,partial,,,,uncertainty,高重叠语音，内容或说话人归属不确定,,,多人同时说话，按项目规则标为不确定
R8008_M8013,R8008_M8013_seg0208,1414.420,1427.470,N_SPK8049,对对对。,True,partial,,,,uncertainty,高重叠语音，内容或说话人归属不确定,,,多人同时说话，按项目规则标为不确定
R8008_M8013,R8008_M8013_seg0208,1414.420,1427.470,N_SPK8047,对。,True,partial,,,,uncertainty,高重叠语音，内容或说话人归属不确定,,,多人同时说话，按项目规则标为不确定
R8008_M8013,R8008_M8013_seg0209,1427.470,1434.130,N_SPK8048,这主要是培养多技能工吧，然后经过自我学校的培养。,False,none,,,,speaker_stance,认为这主要是培养多技能工吧，经过自我学校的培养,,,
R8008_M8013,R8008_M8013_seg0210,1434.890,1435.220,N_SPK8049,好。,False,none,,,,speaker_stance,认为好,,,
R8008_M8013,R8008_M8013_seg0211,1435.940,1452.610,N_SPK8047,我觉得我觉得我们可以让他们跟我们提出他们自己的诉求，就因为每个人想要的东西都不太一样吗。,True,partial,,,,uncertainty,高重叠语音，内容或说话人归属不确定,,,多人同时说话，按项目规则标为不确定
R8008_M8013,R8008_M8013_seg0211,1435.940,1452.610,N_SPK8049,嗯嗯。,True,partial,,,,uncertainty,高重叠语音，内容或说话人归属不确定,,,多人同时说话，按项目规则标为不确定
R8008_M8013,R8008_M8013_seg0211,1435.940,1452.610,N_SPK8049,对都不太一样，嗯，可以让员工说出自己的想要的待遇，比如说公司的不足啊。,True,partial,,,,uncertainty,高重叠语音，内容或说话人归属不确定,,,多人同时说话，按项目规则标为不确定
R8008_M8013,R8008_M8013_seg0211,1435.940,1452.610,N_SPK8047,对。,True,partial,,,,uncertainty,高重叠语音，内容或说话人归属不确定,,,多人同时说话，按项目规则标为不确定
R8008_M8013,R8008_M8013_seg0212,1453.620,1457.930,N_SPK8049,嗯缺需啊，然后员工的需求啊。,True,partial,,,,uncertainty,高重叠语音，内容或说话人归属不确定,,,多人同时说话，按项目规则标为不确定
R8008_M8013,R8008_M8013_seg0212,1453.620,1457.930,N_SPK8047,对。,True,partial,,,,uncertainty,高重叠语音，内容或说话人归属不确定,,,多人同时说话，按项目规则标为不确定
R8008_M8013,R8008_M8013_seg0212,1453.620,1457.930,N_SPK8047,然后我们。,True,partial,,,,uncertainty,高重叠语音，内容或说话人归属不确定,,,多人同时说话，按项目规则标为不确定
R8008_M8013,R8008_M8013_seg0213,1458.960,1465.250,N_SPK8047,然后我们就尽量满足他们嘛，这样又可以树练树立我们公司的形象。,True,partial,,,,uncertainty,高重叠语音，内容或说话人归属不确定,,,多人同时说话，按项目规则标为不确定
R8008_M8013,R8008_M8013_seg0213,1458.960,1465.250,N_SPK8049,尽量满足员工。,True,partial,,,,uncertainty,高重叠语音，内容或说话人归属不确定,,,多人同时说话，按项目规则标为不确定
R8008_M8013,R8008_M8013_seg0214,1465.670,1472.160,N_SPK8048,嗯。,True,partial,,,,uncertainty,高重叠语音，内容或说话人归属不确定,,,多人同时说话，按项目规则标为不确定
R8008_M8013,R8008_M8013_seg0214,1465.670,1472.160,N_SPK8047,就比较亲民就对员工就很好，嗯就能吸引更多的人才过来。,True,partial,,,,uncertainty,高重叠语音，内容或说话人归属不确定,,,多人同时说话，按项目规则标为不确定
R8008_M8013,R8008_M8013_seg0215,1473.450,1474.040,N_SPK8048,对。,False,none,,,,speaker_stance,认为对,,,
R8008_M8013,R8008_M8013_seg0216,1474.570,1476.790,N_SPK8047,这餐饮真的太难做了。,False,none,,,,speaker_stance,认为这餐饮真的太难做了,,,
R8008_M8013,R8008_M8013_seg0217,1477.460,1480.400,N_SPK8048,对餐饮就是诶竞争也激烈。,False,none,,,,speaker_stance,认为对餐饮就是诶竞争也激烈,,,
R8008_M8013,R8008_M8013_seg0218,1480.690,1482.850,N_SPK8047,餐饮对啊餐。,False,none,,,,speaker_stance,认为餐饮对餐,,,
R8008_M8013,R8008_M8013_seg0219,1484.620,1496.660,N_SPK8048,这主要是这样子嘛。,True,partial,,,,uncertainty,高重叠语音，内容或说话人归属不确定,,,多人同时说话，按项目规则标为不确定
R8008_M8013,R8008_M8013_seg0219,1484.620,1496.660,N_SPK8049,我觉得招聘的话，那个岗位问题还是需要监督的跟管理的，不是说做上去有些就那个飘飘然的。,True,partial,,,,uncertainty,高重叠语音，内容或说话人归属不确定,,,多人同时说话，按项目规则标为不确定
R8008_M8013,R8008_M8013_seg0219,1484.620,1496.660,N_SPK8047,还是。,True,partial,,,,uncertainty,高重叠语音，内容或说话人归属不确定,,,多人同时说话，按项目规则标为不确定
R8008_M8013,R8008_M8013_seg0219,1484.620,1496.660,N_SPK8048,嗯。,True,partial,,,,uncertainty,高重叠语音，内容或说话人归属不确定,,,多人同时说话，按项目规则标为不确定
R8008_M8013,R8008_M8013_seg0220,1497.170,1497.610,N_SPK8047,嗯。,False,none,,,,speaker_stance,认为嗯,,,
R8008_M8013,R8008_M8013_seg0221,1498.650,1499.040,N_SPK8048,对。,False,none,,,,speaker_stance,认为对,,,
R8008_M8013,R8008_M8013_seg0222,1499.300,1508.190,N_SPK8047,物流部经理。,True,partial,,,,uncertainty,高重叠语音，内容或说话人归属不确定,,,多人同时说话，按项目规则标为不确定
R8008_M8013,R8008_M8013_seg0222,1499.300,1508.190,N_SPK8048,对我们我们现在就公司拥有的职工也就也才四百多个人。,True,partial,,,,uncertainty,高重叠语音，内容或说话人归属不确定,,,多人同时说话，按项目规则标为不确定
R8008_M8013,R8008_M8013_seg0222,1499.300,1508.190,N_SPK8049,我们需要执。,True,partial,,,,uncertainty,高重叠语音，内容或说话人归属不确定,,,多人同时说话，按项目规则标为不确定
R8008_M8013,R8008_M8013_seg0223,1509.380,1512.710,N_SPK8049,需要执行力强的，服从上级领导的。,True,partial,,,,uncertainty,高重叠语音，内容或说话人归属不确定,,,多人同时说话，按项目规则标为不确定
R8008_M8013,R8008_M8013_seg0223,1509.380,1512.710,N_SPK8047,对。,True,partial,,,,uncertainty,高重叠语音，内容或说话人归属不确定,,,多人同时说话，按项目规则标为不确定
R8008_M8013,R8008_M8013_seg0224,1513.300,1515.570,N_SPK8047,我们想扩招我们的。,False,none,,,,speaker_stance,认为想扩招的,,,
R8008_M8013,R8008_M8013_seg0225,1516.660,1527.070,N_SPK8047,门店就想做得更大吗？,True,partial,,,,uncertainty,高重叠语音，内容或说话人归属不确定,,,多人同时说话，按项目规则标为不确定
R8008_M8013,R8008_M8013_seg0225,1516.660,1527.070,N_SPK8048,对对对，就是更多的就更多的业务部门嘛，更多的业务部门，他们这急需人才。,True,partial,,,,uncertainty,高重叠语音，内容或说话人归属不确定,,,多人同时说话，按项目规则标为不确定
R8008_M8013,R8008_M8013_seg0225,1516.660,1527.070,N_SPK8049,嗯。,True,partial,,,,uncertainty,高重叠语音，内容或说话人归属不确定,,,多人同时说话，按项目规则标为不确定
R8008_M8013,R8008_M8013_seg0225,1516.660,1527.070,N_SPK8049,增加门店。,True,partial,,,,uncertainty,高重叠语音，内容或说话人归属不确定,,,多人同时说话，按项目规则标为不确定
R8008_M8013,R8008_M8013_seg0225,1516.660,1527.070,N_SPK8049,嗯。,True,partial,,,,uncertainty,高重叠语音，内容或说话人归属不确定,,,多人同时说话，按项目规则标为不确定
R8008_M8013,R8008_M8013_seg0225,1516.660,1527.070,N_SPK8047,对。,True,partial,,,,uncertainty,高重叠语音，内容或说话人归属不确定,,,多人同时说话，按项目规则标为不确定
R8008_M8013,R8008_M8013_seg0226,1527.490,1528.030,N_SPK8047,嗯。,False,none,,,,speaker_stance,认为嗯,,,
R8008_M8013,R8008_M8013_seg0227,1528.870,1536.730,N_SPK8048,所以需要向向社会各界各大高校招聘一下那个人才。,False,none,,,,speaker_stance,认为所以需要向向社会各界各大高校招聘人才,,,
R8008_M8013,R8008_M8013_seg0228,1536.950,1537.460,N_SPK8047,对。,False,none,,,,speaker_stance,认为对,,,
R8008_M8013,R8008_M8013_seg0229,1539.000,1540.500,N_SPK8048,我感觉这个销售。,True,partial,,,,uncertainty,高重叠语音，内容或说话人归属不确定,,,多人同时说话，按项目规则标为不确定
R8008_M8013,R8008_M8013_seg0229,1539.000,1540.500,N_SPK8049,嗯。,True,partial,,,,uncertainty,高重叠语音，内容或说话人归属不确定,,,多人同时说话，按项目规则标为不确定
R8008_M8013,R8008_M8013_seg0230,1541.570,1545.140,N_SPK8048,这个销售员。,True,partial,,,,uncertainty,高重叠语音，内容或说话人归属不确定,,,多人同时说话，按项目规则标为不确定
R8008_M8013,R8008_M8013_seg0230,1541.570,1545.140,N_SPK8049,嗯。,True,partial,,,,uncertainty,高重叠语音，内容或说话人归属不确定,,,多人同时说话，按项目规则标为不确定
R8008_M8013,R8008_M8013_seg0230,1541.570,1545.140,N_SPK8048,销售员得招聘。,True,partial,,,,uncertainty,高重叠语音，内容或说话人归属不确定,,,多人同时说话，按项目规则标为不确定
R8008_M8013,R8008_M8013_seg0231,1545.780,1546.940,N_SPK8047,销售员。,False,none,,,,speaker_stance,认为销售员,,,
R8008_M8013,R8008_M8013_seg0232,1547.200,1547.470,N_SPK8048,对。,False,none,,,,speaker_stance,认为对,,,
R8008_M8013,R8008_M8013_seg0233,1547.980,1549.290,N_SPK8047,还有那种。,False,none,,,,speaker_stance,认为还有那种,,,
R8008_M8013,R8008_M8013_seg0234,1551.260,1553.590,N_SPK8047,销售员厨师。,False,none,,,,speaker_stance,认为销售员厨师,,,
R8008_M8013,R8008_M8013_seg0235,1554.750,1577.930,N_SPK8049,我看他们海底捞是这样的，一天工作十二到十四个小时是很累的。,True,partial,,,,uncertainty,高重叠语音，内容或说话人归属不确定,,,多人同时说话，按项目规则标为不确定
R8008_M8013,R8008_M8013_seg0235,1554.750,1577.930,N_SPK8047,嗯。,True,partial,,,,uncertainty,高重叠语音，内容或说话人归属不确定,,,多人同时说话，按项目规则标为不确定
R8008_M8013,R8008_M8013_seg0235,1554.750,1577.930,N_SPK8048,嗯，对对对对我们不，嗯。,True,partial,,,,uncertainty,高重叠语音，内容或说话人归属不确定,,,多人同时说话，按项目规则标为不确定
R8008_M8013,R8008_M8013_seg0235,1554.750,1577.930,N_SPK8047,对。,True,partial,,,,uncertainty,高重叠语音，内容或说话人归属不确定,,,多人同时说话，按项目规则标为不确定
R8008_M8013,R8008_M8013_seg0235,1554.750,1577.930,N_SPK8049,但是我感觉他们就去的人还是挺多的，你们觉得呢？,True,partial,,,,uncertainty,高重叠语音，内容或说话人归属不确定,,,多人同时说话，按项目规则标为不确定
R8008_M8013,R8008_M8013_seg0235,1554.750,1577.930,N_SPK8047,因为他们待遇好吧应该。,True,partial,,,,uncertainty,高重叠语音，内容或说话人归属不确定,,,多人同时说话，按项目规则标为不确定
R8008_M8013,R8008_M8013_seg0235,1554.750,1577.930,N_SPK8048,他们他们应该是员工福利比较好，对。,True,partial,,,,uncertainty,高重叠语音，内容或说话人归属不确定,,,多人同时说话，按项目规则标为不确定
R8008_M8013,R8008_M8013_seg0235,1554.750,1577.930,N_SPK8047,对。,True,partial,,,,uncertainty,高重叠语音，内容或说话人归属不确定,,,多人同时说话，按项目规则标为不确定
R8008_M8013,R8008_M8013_seg0235,1554.750,1577.930,N_SPK8049,嗯我看他们是这样的一个培训师，带你了解店店面嘛，设备全部通过一遍了解了之后，然后再进行分配。,True,partial,,,,uncertainty,高重叠语音，内容或说话人归属不确定,,,多人同时说话，按项目规则标为不确定
R8008_M8013,R8008_M8013_seg0236,1578.900,1583.480,N_SPK8047,嗯。,True,partial,,,,uncertainty,高重叠语音，内容或说话人归属不确定,,,多人同时说话，按项目规则标为不确定
R8008_M8013,R8008_M8013_seg0236,1578.900,1583.480,N_SPK8049,有分前堂和后堂的，一般都是男孩子后堂。,True,partial,,,,uncertainty,高重叠语音，内容或说话人归属不确定,,,多人同时说话，按项目规则标为不确定
R8008_M8013,R8008_M8013_seg0236,1578.900,1583.480,N_SPK8048,哦。,True,partial,,,,uncertainty,高重叠语音，内容或说话人归属不确定,,,多人同时说话，按项目规则标为不确定
R8008_M8013,R8008_M8013_seg0237,1584.010,1584.440,N_SPK8047,对。,False,none,,,,speaker_stance,认为对,,,
R8008_M8013,R8008_M8013_seg0238,1585.010,1585.580,N_SPK8049,是吧。,False,none,,,,speaker_stance,认为是吧,,,
R8008_M8013,R8008_M8013_seg0239,1586.610,1589.540,N_SPK8049,一般都是女孩子前堂男孩子往后堂。,False,none,,,,speaker_stance,认为一般都是女孩子前堂男孩子往后堂,,,
R8008_M8013,R8008_M8013_seg0240,1589.940,1590.310,N_SPK8047,对。,False,none,,,,speaker_stance,认为对,,,
R8008_M8013,R8008_M8013_seg0241,1591.770,1597.360,N_SPK8047,我觉得我们的员我们招聘进来的人就得热情一点。,True,partial,,,,uncertainty,高重叠语音，内容或说话人归属不确定,,,多人同时说话，按项目规则标为不确定
R8008_M8013,R8008_M8013_seg0241,1591.770,1597.360,N_SPK8048,嗯。,True,partial,,,,uncertainty,高重叠语音，内容或说话人归属不确定,,,多人同时说话，按项目规则标为不确定
R8008_M8013,R8008_M8013_seg0242,1597.600,1613.770,N_SPK8048,对对对，对那嗯主要有形形象也比要好一点，要有爱心也能吃苦耐劳吧。,True,partial,,,,uncertainty,高重叠语音，内容或说话人归属不确定,,,多人同时说话，按项目规则标为不确定
R8008_M8013,R8008_M8013_seg0242,1597.600,1613.770,N_SPK8047,对。,True,partial,,,,uncertainty,高重叠语音，内容或说话人归属不确定,,,多人同时说话，按项目规则标为不确定
R8008_M8013,R8008_M8013_seg0242,1597.600,1613.770,N_SPK8049,他们是实践，他们是实践工资制的吧，多劳多得的那一种，入职门店后。,True,partial,,,,uncertainty,高重叠语音，内容或说话人归属不确定,,,多人同时说话，按项目规则标为不确定
R8008_M8013,R8008_M8013_seg0242,1597.600,1613.770,N_SPK8047,嗯。,True,partial,,,,uncertainty,高重叠语音，内容或说话人归属不确定,,,多人同时说话，按项目规则标为不确定
R8008_M8013,R8008_M8013_seg0242,1597.600,1613.770,N_SPK8048,哦。,True,partial,,,,uncertainty,高重叠语音，内容或说话人归属不确定,,,多人同时说话，按项目规则标为不确定
R8008_M8013,R8008_M8013_seg0243,1613.790,1615.930,N_SPK8047,对我们也可以借鉴吗。,False,none,,,,speaker_stance,认为对也可以借鉴吗,,,
R8008_M8013,R8008_M8013_seg0244,1616.190,1619.170,N_SPK8049,对他们也有根据那个。,True,partial,,,,uncertainty,高重叠语音，内容或说话人归属不确定,,,多人同时说话，按项目规则标为不确定
R8008_M8013,R8008_M8013_seg0244,1616.190,1619.170,N_SPK8048,对。,True,partial,,,,uncertainty,高重叠语音，内容或说话人归属不确定,,,多人同时说话，按项目规则标为不确定
R8008_M8013,R8008_M8013_seg0244,1616.190,1619.170,N_SPK8047,因为。,True,partial,,,,uncertainty,高重叠语音，内容或说话人归属不确定,,,多人同时说话，按项目规则标为不确定
R8008_M8013,R8008_M8013_seg0245,1620.700,1632.220,N_SPK8049,那个学历来分的嘛比如初中啊高中啊高级员工的。,True,partial,,,,uncertainty,高重叠语音，内容或说话人归属不确定,,,多人同时说话，按项目规则标为不确定
R8008_M8013,R8008_M8013_seg0245,1620.700,1632.220,N_SPK8048,嗯。,True,partial,,,,uncertainty,高重叠语音，内容或说话人归属不确定,,,多人同时说话，按项目规则标为不确定
R8008_M8013,R8008_M8013_seg0245,1620.700,1632.220,N_SPK8048,我觉得吧是这样子，大专学历的话一千一的底薪再加提成。,True,partial,,,,uncertainty,高重叠语音，内容或说话人归属不确定,,,多人同时说话，按项目规则标为不确定
R8008_M8013,R8008_M8013_seg0246,1633.470,1637.620,N_SPK8048,然后本科学历的话是一千三的底薪再加提成。,False,none,,,,speaker_stance,认为本科学历是一千三的底薪再加提成,,,
R8008_M8013,R8008_M8013_seg0247,1639.730,1653.020,N_SPK8048,转正，转正之后的话跟公司签订劳动合同然后购买社保之后，就可以晋升为事业部的经理或者公司的营销总监。,True,partial,,,,uncertainty,高重叠语音，内容或说话人归属不确定,,,多人同时说话，按项目规则标为不确定
R8008_M8013,R8008_M8013_seg0247,1639.730,1653.020,N_SPK8047,我觉得。,True,partial,,,,uncertainty,高重叠语音，内容或说话人归属不确定,,,多人同时说话，按项目规则标为不确定
R8008_M8013,R8008_M8013_seg0248,1653.020,1659.540,N_SPK8048,嗯营销那个试销售员的试用期大概到一到三个月吧。,False,none,,,,speaker_stance,认为营销试销售员的试用期大概到一到三个月吧,,,
R8008_M8013,R8008_M8013_seg0249,1660.220,1683.350,N_SPK8047,不是，但我感觉如果按那个学历来分工资的话有点有点阶级化，因为你如果大专学历。,True,partial,,,,uncertainty,高重叠语音，内容或说话人归属不确定,,,多人同时说话，按项目规则标为不确定
R8008_M8013,R8008_M8013_seg0249,1660.220,1683.350,N_SPK8049,嗯。,True,partial,,,,uncertainty,高重叠语音，内容或说话人归属不确定,,,多人同时说话，按项目规则标为不确定
R8008_M8013,R8008_M8013_seg0249,1660.220,1683.350,N_SPK8049,嗯。,True,partial,,,,uncertainty,高重叠语音，内容或说话人归属不确定,,,多人同时说话，按项目规则标为不确定
R8008_M8013,R8008_M8013_seg0249,1660.220,1683.350,N_SPK8049,这个就需要阶级化阶阶级化的吧，然后我看我。,True,partial,,,,uncertainty,高重叠语音，内容或说话人归属不确定,,,多人同时说话，按项目规则标为不确定
R8008_M8013,R8008_M8013_seg0249,1660.220,1683.350,N_SPK8047,但我觉得如果大专学历的比本科学历的要是劳动的多，那他们工资又比本科的少，这会不会有点不太公平。,True,partial,,,,uncertainty,高重叠语音，内容或说话人归属不确定,,,多人同时说话，按项目规则标为不确定
R8008_M8013,R8008_M8013_seg0249,1660.220,1683.350,N_SPK8049,我觉得我们工资开低了。,True,partial,,,,uncertainty,高重叠语音，内容或说话人归属不确定,,,多人同时说话，按项目规则标为不确定
R8008_M8013,R8008_M8013_seg0250,1684.370,1685.740,N_SPK8047,对一千一。,True,full,,,,uncertainty,高重叠语音，内容或说话人归属不确定,,,多人同时说话，按项目规则标为不确定
R8008_M8013,R8008_M8013_seg0250,1684.370,1685.740,N_SPK8049,他们。,True,full,,,,uncertainty,高重叠语音，内容或说话人归属不确定,,,多人同时说话，按项目规则标为不确定
R8008_M8013,R8008_M8013_seg0250,1684.370,1685.740,N_SPK8048,嗯。,True,full,,,,uncertainty,高重叠语音，内容或说话人归属不确定,,,多人同时说话，按项目规则标为不确定
R8008_M8013,R8008_M8013_seg0251,1686.070,1691.660,N_SPK8049,海底捞普通员工一个月最高可以拿到一W还包吃包住的。,False,none,,,,speaker_stance,认为海底捞普通员工一个月最高可以拿到一W还包吃包住的,,,
R8008_M8013,R8008_M8013_seg0252,1692.890,1714.190,N_SPK8048,这个包吃包住我们也可以对对对。,True,partial,,,,uncertainty,高重叠语音，内容或说话人归属不确定,,,多人同时说话，按项目规则标为不确定
R8008_M8013,R8008_M8013_seg0252,1692.890,1714.190,N_SPK8047,对包吃，对我们会给他们提供员工宿舍嘛。,True,partial,,,,uncertainty,高重叠语音，内容或说话人归属不确定,,,多人同时说话，按项目规则标为不确定
R8008_M8013,R8008_M8013_seg0252,1692.890,1714.190,N_SPK8048,对我们也可以提供，这个这个这个是这个是应该提供的我觉得。,True,partial,,,,uncertainty,高重叠语音，内容或说话人归属不确定,,,多人同时说话，按项目规则标为不确定
R8008_M8013,R8008_M8013_seg0252,1692.890,1714.190,N_SPK8049,而且我觉得我们招聘的话需要有一个很明确的价值观，就公司的价值观，比如说双手改变命运啊这种价值观，传递的很明显的那种。,True,partial,,,,uncertainty,高重叠语音，内容或说话人归属不确定,,,多人同时说话，按项目规则标为不确定
R8008_M8013,R8008_M8013_seg0252,1692.890,1714.190,N_SPK8047,确实。,True,partial,,,,uncertainty,高重叠语音，内容或说话人归属不确定,,,多人同时说话，按项目规则标为不确定
R8008_M8013,R8008_M8013_seg0252,1692.890,1714.190,N_SPK8048,嗯。,True,partial,,,,uncertainty,高重叠语音，内容或说话人归属不确定,,,多人同时说话，按项目规则标为不确定
R8008_M8013,R8008_M8013_seg0252,1692.890,1714.190,N_SPK8048,主要。,True,partial,,,,uncertainty,高重叠语音，内容或说话人归属不确定,,,多人同时说话，按项目规则标为不确定
R8008_M8013,R8008_M8013_seg0253,1714.370,1718.660,N_SPK8047,对。,True,partial,,,,uncertainty,高重叠语音，内容或说话人归属不确定,,,多人同时说话，按项目规则标为不确定
R8008_M8013,R8008_M8013_seg0253,1714.370,1718.660,N_SPK8048,主要是他，主要是他能够胜任这份工作。,True,partial,,,,uncertainty,高重叠语音，内容或说话人归属不确定,,,多人同时说话，按项目规则标为不确定
R8008_M8013,R8008_M8013_seg0254,1719.080,1724.100,N_SPK8049,要有正确的方向感嘛，公司给员工应该有个正确方向感确定。,False,none,,,,speaker_stance,认为要有正确的方向感嘛，公司给员工应该有个正确方向感确定,,,
R8008_M8013,R8008_M8013_seg0255,1724.990,1726.910,N_SPK8049,这个晋升的通道吧。,False,none,,,,speaker_stance,认为晋升的通道吧,,,
R8008_M8013,R8008_M8013_seg0256,1727.710,1728.440,N_SPK8048,嗯。,False,none,,,,speaker_stance,认为嗯,,,
R8008_M8013,R8008_M8013_seg0257,1728.770,1733.070,N_SPK8047,对我我觉得我们还得想一个我们公司的理念。,False,none,,,,speaker_stance,认为对我还得想一个公司的理念,,,
R8008_M8013,R8008_M8013_seg0258,1734.580,1736.830,N_SPK8047,对，公司的经营理念嘛。,False,none,,,,speaker_stance,认为对，公司的经营理念嘛,,,
R8008_M8013,R8008_M8013_seg0259,1736.970,1737.570,N_SPK8048,嗯。,False,none,,,,speaker_stance,认为嗯,,,
R8008_M8013,R8008_M8013_seg0260,1737.970,1739.520,N_SPK8049,嗯，这也是需要的。,False,none,,,,speaker_stance,认为这也是需要的,,,
R8008_M8013,R8008_M8013_seg0261,1740.150,1740.570,N_SPK8047,对。,False,none,,,,speaker_stance,认为对,,,
R8008_M8013,R8008_M8013_seg0262,1741.750,1749.010,N_SPK8049,我看他们的晋升通道是从管理线，技术线后三勤三线晋升那种。,True,partial,,,,uncertainty,高重叠语音，内容或说话人归属不确定,,,多人同时说话，按项目规则标为不确定
R8008_M8013,R8008_M8013_seg0262,1741.750,1749.010,N_SPK8048,嗯。,True,partial,,,,uncertainty,高重叠语音，内容或说话人归属不确定,,,多人同时说话，按项目规则标为不确定
R8008_M8013,R8008_M8013_seg0263,1751.260,1763.560,N_SPK8048,这个样子的。,True,partial,,,,uncertainty,高重叠语音，内容或说话人归属不确定,,,多人同时说话，按项目规则标为不确定
R8008_M8013,R8008_M8013_seg0263,1751.260,1763.560,N_SPK8047,那。,True,partial,,,,uncertainty,高重叠语音，内容或说话人归属不确定,,,多人同时说话，按项目规则标为不确定
R8008_M8013,R8008_M8013_seg0263,1751.260,1763.560,N_SPK8049,他们管理层好像都是从服务员做起的吧，公平精神吧就是一个机会均等的这种一种情况，让所有员工都感觉到公平了吧我觉得。,True,partial,,,,uncertainty,高重叠语音，内容或说话人归属不确定,,,多人同时说话，按项目规则标为不确定
R8008_M8013,R8008_M8013_seg0263,1751.260,1763.560,N_SPK8047,那也可以。,True,partial,,,,uncertainty,高重叠语音，内容或说话人归属不确定,,,多人同时说话，按项目规则标为不确定
R8008_M8013,R8008_M8013_seg0264,1763.570,1764.110,N_SPK8047,嗯。,False,none,,,,speaker_stance,认为嗯,,,
R8008_M8013,R8008_M8013_seg0265,1764.500,1771.120,N_SPK8049,机制应该是有的，但是公平性还是需要的，都是一个服务员的开始好吧。,False,none,,,,topic_transition,讨论机制应该是有的，但是公平性还是需要的，都是一个服务员的开始好吧,,,
R8008_M8013,R8008_M8013_seg0266,1771.420,1783.930,N_SPK8047,对，我觉得我们也可以这样子，让他们进来都先当这种服务员，然后再慢慢提升嘛再慢慢当上经理什么的。,True,partial,,,,uncertainty,高重叠语音，内容或说话人归属不确定,,,多人同时说话，按项目规则标为不确定
R8008_M8013,R8008_M8013_seg0266,1771.420,1783.930,N_SPK8048,这。,True,partial,,,,uncertainty,高重叠语音，内容或说话人归属不确定,,,多人同时说话，按项目规则标为不确定
R8008_M8013,R8008_M8013_seg0266,1771.420,1783.930,N_SPK8048,嗯。,True,partial,,,,uncertainty,高重叠语音，内容或说话人归属不确定,,,多人同时说话，按项目规则标为不确定
R8008_M8013,R8008_M8013_seg0266,1771.420,1783.930,N_SPK8049,对对对对对嗯。,True,partial,,,,uncertainty,高重叠语音，内容或说话人归属不确定,,,多人同时说话，按项目规则标为不确定
R8008_M8013,R8008_M8013_seg0267,1783.930,1790.390,N_SPK8047,这样他们积极性也比较高，就因为每个人都想往上爬嘛。,True,partial,,,,uncertainty,高重叠语音，内容或说话人归属不确定,,,多人同时说话，按项目规则标为不确定
R8008_M8013,R8008_M8013_seg0267,1783.930,1790.390,N_SPK8048,是的。,True,partial,,,,uncertainty,高重叠语音，内容或说话人归属不确定,,,多人同时说话，按项目规则标为不确定
R8008_M8013,R8008_M8013_seg0268,1790.600,1791.960,N_SPK8049,嗯，对对对对。,True,partial,,,,uncertainty,高重叠语音，内容或说话人归属不确定,,,多人同时说话，按项目规则标为不确定
R8008_M8013,R8008_M8013_seg0268,1790.600,1791.960,N_SPK8048,嗯。,True,partial,,,,uncertainty,高重叠语音，内容或说话人归属不确定,,,多人同时说话，按项目规则标为不确定
R8008_M8013,R8008_M8013_seg0269,1792.180,1792.630,N_SPK8047,对。,False,none,,,,speaker_stance,认为对,,,
R8008_M8013,R8008_M8013_seg0270,1794.320,1802.690,N_SPK8048,我觉得在他们就是试用期的时候就得跟他们讲一讲公司的规章制度什么的，让他们先提前适应一下。,True,partial,,,,uncertainty,高重叠语音，内容或说话人归属不确定,,,多人同时说话，按项目规则标为不确定
R8008_M8013,R8008_M8013_seg0270,1794.320,1802.690,N_SPK8049,嗯。,True,partial,,,,uncertainty,高重叠语音，内容或说话人归属不确定,,,多人同时说话，按项目规则标为不确定
R8008_M8013,R8008_M8013_seg0270,1794.320,1802.690,N_SPK8047,对。,True,partial,,,,uncertainty,高重叠语音，内容或说话人归属不确定,,,多人同时说话，按项目规则标为不确定
R8008_M8013,R8008_M8013_seg0271,1802.730,1811.380,N_SPK8049,对我觉得客户的需求有的挺重要的，有的时候客户，任何问题都可以向海底捞员工服务员提出请求的时候。,False,none,,,,speaker_stance,认为对客户的需求有的挺重要的，有的时候客户，任何问题都可以向海底捞员工服务员提出请求的时候,,,
R8008_M8013,R8008_M8013_seg0272,1812.510,1819.500,N_SPK8049,海底捞服务员需要在第一时间答应下来吧，这是挺挺不错的一个那个。,False,none,,,,speaker_stance,认为海底捞服务员需要在第一时间答应下来吧，这是挺挺不错的一个,,,
R8008_M8013,R8008_M8013_seg0273,1819.820,1820.420,N_SPK8047,嗯。,False,none,,,,speaker_stance,认为嗯,,,
R8008_M8013,R8008_M8013_seg0274,1820.430,1821.200,N_SPK8048,嗯对。,False,none,,,,speaker_stance,认为对,,,
R8008_M8013,R8008_M8013_seg0275,1821.630,1826.480,N_SPK8049,就可以尝试解决，带给客反馈给客客户嘛。,False,none,,,,speaker_stance,认为就可以尝试解决，带给客反馈给客客户嘛,,,
R8008_M8013,R8008_M8013_seg0276,1827.010,1832.740,N_SPK8048,嗯就那我们。,True,partial,,,,uncertainty,高重叠语音，内容或说话人归属不确定,,,多人同时说话，按项目规则标为不确定
R8008_M8013,R8008_M8013_seg0276,1827.010,1832.740,N_SPK8049,不能让客户感觉服务员是在搪塞嘛，就随便糊弄一下的。,True,partial,,,,uncertainty,高重叠语音，内容或说话人归属不确定,,,多人同时说话，按项目规则标为不确定
R8008_M8013,R8008_M8013_seg0277,1833.350,1839.790,N_SPK8048,嗯是的是的，嗯那我们这个招聘前期，我们自己需要准备一些什么东西呢？,False,none,,,,open_question,待确认是的是的，那招聘前期，自己需要准备一些什么东西呢？,,,
R8008_M8013,R8008_M8013_seg0278,1840.350,1855.180,N_SPK8047,说不定前期的话，我们自己我觉得如果要宣传推广的话，发传单嘛，你不就得印一点传单，然后设计那个，对设计广告再。,True,partial,,,,uncertainty,高重叠语音，内容或说话人归属不确定,,,多人同时说话，按项目规则标为不确定
R8008_M8013,R8008_M8013_seg0278,1840.350,1855.180,N_SPK8049,设计广告。,True,partial,,,,uncertainty,高重叠语音，内容或说话人归属不确定,,,多人同时说话，按项目规则标为不确定
R8008_M8013,R8008_M8013_seg0278,1840.350,1855.180,N_SPK8049,一个很好的广告词。,True,partial,,,,uncertainty,高重叠语音，内容或说话人归属不确定,,,多人同时说话，按项目规则标为不确定
R8008_M8013,R8008_M8013_seg0279,1855.440,1858.420,N_SPK8047,对，我们还得买那个抖音推广。,True,partial,,,,uncertainty,高重叠语音，内容或说话人归属不确定,,,多人同时说话，按项目规则标为不确定
R8008_M8013,R8008_M8013_seg0279,1855.440,1858.420,N_SPK8049,嗯。,True,partial,,,,uncertainty,高重叠语音，内容或说话人归属不确定,,,多人同时说话，按项目规则标为不确定
R8008_M8013,R8008_M8013_seg0280,1858.540,1866.800,N_SPK8048,嗯嗯嗯，我觉得我们需要确定一下这个人员的需求对吧，然后要清楚我们要招聘什么样子的人。,True,partial,,,,uncertainty,高重叠语音，内容或说话人归属不确定,,,多人同时说话，按项目规则标为不确定
R8008_M8013,R8008_M8013_seg0280,1858.540,1866.800,N_SPK8047,嗯。,True,partial,,,,uncertainty,高重叠语音，内容或说话人归属不确定,,,多人同时说话，按项目规则标为不确定
R8008_M8013,R8008_M8013_seg0281,1867.260,1867.620,N_SPK8047,对。,False,none,,,,speaker_stance,认为对,,,
R8008_M8013,R8008_M8013_seg0282,1868.510,1876.090,N_SPK8048,什么硬件软件这这这各各个方面都需要，都需要那个，去那个一下。,True,partial,,,,uncertainty,高重叠语音，内容或说话人归属不确定,,,多人同时说话，按项目规则标为不确定
R8008_M8013,R8008_M8013_seg0282,1868.510,1876.090,N_SPK8047,我觉得。,True,partial,,,,uncertainty,高重叠语音，内容或说话人归属不确定,,,多人同时说话，按项目规则标为不确定
R8008_M8013,R8008_M8013_seg0283,1876.400,1886.470,N_SPK8047,对我觉得工资是不是也得印在上面，因为现在很多人找找工作都，对找工作他们都先看工资嘛。嗯对。,True,partial,,,,uncertainty,高重叠语音，内容或说话人归属不确定,,,多人同时说话，按项目规则标为不确定
R8008_M8013,R8008_M8013_seg0283,1876.400,1886.470,N_SPK8049,嗯。,True,partial,,,,uncertainty,高重叠语音，内容或说话人归属不确定,,,多人同时说话，按项目规则标为不确定
R8008_M8013,R8008_M8013_seg0283,1876.400,1886.470,N_SPK8049,的确，服务需要那个。,True,partial,,,,uncertainty,高重叠语音，内容或说话人归属不确定,,,多人同时说话，按项目规则标为不确定
R8008_M8013,R8008_M8013_seg0283,1876.400,1886.470,N_SPK8049,还是不能太低了是吧。,True,partial,,,,uncertainty,高重叠语音，内容或说话人归属不确定,,,多人同时说话，按项目规则标为不确定
R8008_M8013,R8008_M8013_seg0283,1876.400,1886.470,N_SPK8048,嗯嗯。,True,partial,,,,uncertainty,高重叠语音，内容或说话人归属不确定,,,多人同时说话，按项目规则标为不确定
R8008_M8013,R8008_M8013_seg0284,1887.640,1894.510,N_SPK8047,然后工资加提成，提成就等他们来，做了之后我们再跟他们讲这件事情。,True,partial,,,,uncertainty,高重叠语音，内容或说话人归属不确定,,,多人同时说话，按项目规则标为不确定
R8008_M8013,R8008_M8013_seg0284,1887.640,1894.510,N_SPK8049,嗯对对对。,True,partial,,,,uncertainty,高重叠语音，内容或说话人归属不确定,,,多人同时说话，按项目规则标为不确定
R8008_M8013,R8008_M8013_seg0285,1894.850,1906.990,N_SPK8048,对对对，这种我们招聘，我们招聘渠道是有好多吧，我们可以网上招聘，现场招聘会。,True,partial,,,,uncertainty,高重叠语音，内容或说话人归属不确定,,,多人同时说话，按项目规则标为不确定
R8008_M8013,R8008_M8013_seg0285,1894.850,1906.990,N_SPK8049,对。,True,partial,,,,uncertainty,高重叠语音，内容或说话人归属不确定,,,多人同时说话，按项目规则标为不确定
R8008_M8013,R8008_M8013_seg0285,1894.850,1906.990,N_SPK8049,嗯。,True,partial,,,,uncertainty,高重叠语音，内容或说话人归属不确定,,,多人同时说话，按项目规则标为不确定
R8008_M8013,R8008_M8013_seg0286,1906.990,1909.930,N_SPK8048,现场招聘会我们可以举办一个。,False,none,,,,speaker_stance,认为现场招聘会可以举办一个,,,
R8008_M8013,R8008_M8013_seg0287,1910.260,1922.790,N_SPK8047,对那种小讲座样的那种，对。,True,partial,,,,uncertainty,高重叠语音，内容或说话人归属不确定,,,多人同时说话，按项目规则标为不确定
R8008_M8013,R8008_M8013_seg0287,1910.260,1922.790,N_SPK8049,嗯，小讲座一样的。,True,partial,,,,uncertainty,高重叠语音，内容或说话人归属不确定,,,多人同时说话，按项目规则标为不确定
R8008_M8013,R8008_M8013_seg0287,1910.260,1922.790,N_SPK8048,那个，对对对，小讲座一样的，然后就是给他们现场的时候发一点小礼物小那个，然后让他们就能更加了解一下。,True,partial,,,,uncertainty,高重叠语音，内容或说话人归属不确定,,,多人同时说话，按项目规则标为不确定
R8008_M8013,R8008_M8013_seg0287,1910.260,1922.790,N_SPK8047,嗯。,True,partial,,,,uncertainty,高重叠语音，内容或说话人归属不确定,,,多人同时说话，按项目规则标为不确定
R8008_M8013,R8008_M8013_seg0288,1923.290,1923.650,N_SPK8047,对。,False,none,,,,speaker_stance,认为对,,,
R8008_M8013,R8008_M8013_seg0289,1924.650,1954.840,N_SPK8047,然后这样子可以体现我们公司的亲和力。,True,partial,,,,uncertainty,高重叠语音，内容或说话人归属不确定,,,多人同时说话，按项目规则标为不确定
R8008_M8013,R8008_M8013_seg0289,1924.650,1954.840,N_SPK8048,对对对，这样子只要直接面对嘛，效率比较高一点，就然后这样的费用也比较低时效性，时效性的话，对对对，时效性也比较高。,True,partial,,,,uncertainty,高重叠语音，内容或说话人归属不确定,,,多人同时说话，按项目规则标为不确定
R8008_M8013,R8008_M8013_seg0289,1924.650,1954.840,N_SPK8047,对。,True,partial,,,,uncertainty,高重叠语音，内容或说话人归属不确定,,,多人同时说话，按项目规则标为不确定
R8008_M8013,R8008_M8013_seg0289,1924.650,1954.840,N_SPK8049,是。,True,partial,,,,uncertainty,高重叠语音，内容或说话人归属不确定,,,多人同时说话，按项目规则标为不确定
R8008_M8013,R8008_M8013_seg0289,1924.650,1954.840,N_SPK8049,时效性会比较高。,True,partial,,,,uncertainty,高重叠语音，内容或说话人归属不确定,,,多人同时说话，按项目规则标为不确定
R8008_M8013,R8008_M8013_seg0289,1924.650,1954.840,N_SPK8047,对而且，然后开这种讲座的话，就可以直接每个人座位上发一张我们的传单，像就人力就就不用那么多人去发传单。,True,partial,,,,uncertainty,高重叠语音，内容或说话人归属不确定,,,多人同时说话，按项目规则标为不确定
R8008_M8013,R8008_M8013_seg0289,1924.650,1954.840,N_SPK8048,对。,True,partial,,,,uncertainty,高重叠语音，内容或说话人归属不确定,,,多人同时说话，按项目规则标为不确定
R8008_M8013,R8008_M8013_seg0289,1924.650,1954.840,N_SPK8049,嗯，我觉得免费服务应该也比较增加吧。,True,partial,,,,uncertainty,高重叠语音，内容或说话人归属不确定,,,多人同时说话，按项目规则标为不确定
R8008_M8013,R8008_M8013_seg0290,1955.080,1955.380,N_SPK8048,对。,False,none,,,,speaker_stance,认为对,,,
R8008_M8013,R8008_M8013_seg0291,1955.720,1958.590,N_SPK8049,就能让人就完全体验一遍吧。,True,partial,,,,uncertainty,高重叠语音，内容或说话人归属不确定,,,多人同时说话，按项目规则标为不确定
R8008_M8013,R8008_M8013_seg0291,1955.720,1958.590,N_SPK8047,对。,True,partial,,,,uncertainty,高重叠语音，内容或说话人归属不确定,,,多人同时说话，按项目规则标为不确定
R8008_M8013,R8008_M8013_seg0292,1959.700,1963.040,N_SPK8049,然后。,True,partial,,,,uncertainty,高重叠语音，内容或说话人归属不确定,,,多人同时说话，按项目规则标为不确定
R8008_M8013,R8008_M8013_seg0292,1959.700,1963.040,N_SPK8048,嗯其实还可以那个嘛，内部推荐嘛对吧。,True,partial,,,,uncertainty,高重叠语音，内容或说话人归属不确定,,,多人同时说话，按项目规则标为不确定
R8008_M8013,R8008_M8013_seg0293,1963.360,1966.320,N_SPK8047,嗯，内部推荐也可以，就推荐你身边的人。,True,full,,,,uncertainty,高重叠语音，内容或说话人归属不确定,,,多人同时说话，按项目规则标为不确定
R8008_M8013,R8008_M8013_seg0293,1963.360,1966.320,N_SPK8049,对，比如说员员工。,True,full,,,,uncertainty,高重叠语音，内容或说话人归属不确定,,,多人同时说话，按项目规则标为不确定
R8008_M8013,R8008_M8013_seg0294,1967.200,1974.540,N_SPK8049,可以拉几个人过来吃饭，然后提成的那一种，就激励的吧那种，多劳多得激励的。,True,partial,,,,uncertainty,高重叠语音，内容或说话人归属不确定,,,多人同时说话，按项目规则标为不确定
R8008_M8013,R8008_M8013_seg0294,1967.200,1974.540,N_SPK8047,对。,True,partial,,,,uncertainty,高重叠语音，内容或说话人归属不确定,,,多人同时说话，按项目规则标为不确定
R8008_M8013,R8008_M8013_seg0295,1974.820,1978.870,N_SPK8048,嗯这样子的话，针对性比较强对吧。,True,partial,,,,uncertainty,高重叠语音，内容或说话人归属不确定,,,多人同时说话，按项目规则标为不确定
R8008_M8013,R8008_M8013_seg0295,1974.820,1978.870,N_SPK8049,对，针对性比较强。,True,partial,,,,uncertainty,高重叠语音，内容或说话人归属不确定,,,多人同时说话，按项目规则标为不确定
R8008_M8013,R8008_M8013_seg0295,1974.820,1978.870,N_SPK8047,确实。,True,partial,,,,uncertainty,高重叠语音，内容或说话人归属不确定,,,多人同时说话，按项目规则标为不确定
R8008_M8013,R8008_M8013_seg0296,1979.910,1991.400,N_SPK8048,然后嗯校园招聘嘛也可以，校园招聘也是很好的，那报纸招聘报纸。,True,partial,,,,uncertainty,高重叠语音，内容或说话人归属不确定,,,多人同时说话，按项目规则标为不确定
R8008_M8013,R8008_M8013_seg0296,1979.910,1991.400,N_SPK8047,对。,True,partial,,,,uncertainty,高重叠语音，内容或说话人归属不确定,,,多人同时说话，按项目规则标为不确定
R8008_M8013,R8008_M8013_seg0296,1979.910,1991.400,N_SPK8047,报纸，我觉得现在是没什么人看报纸。,True,partial,,,,uncertainty,高重叠语音，内容或说话人归属不确定,,,多人同时说话，按项目规则标为不确定
R8008_M8013,R8008_M8013_seg0296,1979.910,1991.400,N_SPK8049,嗯。,True,partial,,,,uncertainty,高重叠语音，内容或说话人归属不确定,,,多人同时说话，按项目规则标为不确定
R8008_M8013,R8008_M8013_seg0297,1991.610,2011.030,N_SPK8048,嗯，主要是我觉得，报纸可能覆盖的人群面比较广一点，就是。,True,partial,,,,uncertainty,高重叠语音，内容或说话人归属不确定,,,多人同时说话，按项目规则标为不确定
R8008_M8013,R8008_M8013_seg0297,1991.610,2011.030,N_SPK8047,对。,True,partial,,,,uncertainty,高重叠语音，内容或说话人归属不确定,,,多人同时说话，按项目规则标为不确定
R8008_M8013,R8008_M8013_seg0297,1991.610,2011.030,N_SPK8047,确实。,True,partial,,,,uncertainty,高重叠语音，内容或说话人归属不确定,,,多人同时说话，按项目规则标为不确定
R8008_M8013,R8008_M8013_seg0297,1991.610,2011.030,N_SPK8049,这一方面都是老，比如说电视上面那种，都是老年老年人喜欢相信的吧，就愿意相信的一个，我感觉现在年轻人，就不太愿意相信广告上，就那种电视上面的。,True,partial,,,,uncertainty,高重叠语音，内容或说话人归属不确定,,,多人同时说话，按项目规则标为不确定
R8008_M8013,R8008_M8013_seg0297,1991.610,2011.030,N_SPK8047,老人。,True,partial,,,,uncertainty,高重叠语音，内容或说话人归属不确定,,,多人同时说话，按项目规则标为不确定
R8008_M8013,R8008_M8013_seg0297,1991.610,2011.030,N_SPK8048,嗯。,True,partial,,,,uncertainty,高重叠语音，内容或说话人归属不确定,,,多人同时说话，按项目规则标为不确定
R8008_M8013,R8008_M8013_seg0297,1991.610,2011.030,N_SPK8048,嗯，是的是的。,True,partial,,,,uncertainty,高重叠语音，内容或说话人归属不确定,,,多人同时说话，按项目规则标为不确定
R8008_M8013,R8008_M8013_seg0297,1991.610,2011.030,N_SPK8047,对。,True,partial,,,,uncertainty,高重叠语音，内容或说话人归属不确定,,,多人同时说话，按项目规则标为不确定
R8008_M8013,R8008_M8013_seg0297,1991.610,2011.030,N_SPK8048,嗯。,True,partial,,,,uncertainty,高重叠语音，内容或说话人归属不确定,,,多人同时说话，按项目规则标为不确定
R8008_M8013,R8008_M8013_seg0298,2011.590,2022.940,N_SPK8048,嗯。,True,partial,,,,uncertainty,高重叠语音，内容或说话人归属不确定,,,多人同时说话，按项目规则标为不确定
R8008_M8013,R8008_M8013_seg0298,2011.590,2022.940,N_SPK8047,这我想到一个问题，就是我们招聘要求。,True,partial,,,,uncertainty,高重叠语音，内容或说话人归属不确定,,,多人同时说话，按项目规则标为不确定
R8008_M8013,R8008_M8013_seg0298,2011.590,2022.940,N_SPK8049,还是需要树立，还是需要树立口碑跟品牌形象的吧。,True,partial,,,,uncertainty,高重叠语音，内容或说话人归属不确定,,,多人同时说话，按项目规则标为不确定
R8008_M8013,R8008_M8013_seg0298,2011.590,2022.940,N_SPK8048,嗯。,True,partial,,,,uncertainty,高重叠语音，内容或说话人归属不确定,,,多人同时说话，按项目规则标为不确定
R8008_M8013,R8008_M8013_seg0298,2011.590,2022.940,N_SPK8047,对我们招聘要求是不是还得规定一下年龄限制啊。,True,partial,,,,uncertainty,高重叠语音，内容或说话人归属不确定,,,多人同时说话，按项目规则标为不确定
R8008_M8013,R8008_M8013_seg0299,2023.140,2034.210,N_SPK8049,呃对，年龄现在还是得规定一下子。,True,partial,,,,uncertainty,高重叠语音，内容或说话人归属不确定,,,多人同时说话，按项目规则标为不确定
R8008_M8013,R8008_M8013_seg0299,2023.140,2034.210,N_SPK8048,啊是。,True,partial,,,,uncertainty,高重叠语音，内容或说话人归属不确定,,,多人同时说话，按项目规则标为不确定
R8008_M8013,R8008_M8013_seg0299,2023.140,2034.210,N_SPK8047,对啊，我们就规定，额，二十一岁到五十五岁吧，可以吗？,True,partial,,,,uncertainty,高重叠语音，内容或说话人归属不确定,,,多人同时说话，按项目规则标为不确定
R8008_M8013,R8008_M8013_seg0299,2023.140,2034.210,N_SPK8048,嗯可以。,True,partial,,,,uncertainty,高重叠语音，内容或说话人归属不确定,,,多人同时说话，按项目规则标为不确定
R8008_M8013,R8008_M8013_seg0300,2034.890,2045.490,N_SPK8047,二十一到五十五岁这样子，那些未成年什么的，就不会来来来提交。,True,partial,,,,uncertainty,高重叠语音，内容或说话人归属不确定,,,多人同时说话，按项目规则标为不确定
R8008_M8013,R8008_M8013_seg0300,2034.890,2045.490,N_SPK8049,这个都是需要身份证的那种。,True,partial,,,,uncertainty,高重叠语音，内容或说话人归属不确定,,,多人同时说话，按项目规则标为不确定
R8008_M8013,R8008_M8013_seg0300,2034.890,2045.490,N_SPK8048,嗯。,True,partial,,,,uncertainty,高重叠语音，内容或说话人归属不确定,,,多人同时说话，按项目规则标为不确定
R8008_M8013,R8008_M8013_seg0301,2045.580,2047.480,N_SPK8047,对，身份证登记嘛。,False,none,,,,speaker_stance,认为对，身份证登记嘛,,,
R8008_M8013,R8008_M8013_seg0302,2047.490,2049.890,N_SPK8049,这个，都是可以的。,False,none,,,,speaker_stance,认为都是可以的,,,
R8008_M8013,R8008_M8013_seg0303,2050.860,2064.590,N_SPK8048,啊我们先，我们得先制定一个有效的那个招聘原则啊和标准。,True,partial,,,,uncertainty,高重叠语音，内容或说话人归属不确定,,,多人同时说话，按项目规则标为不确定
R8008_M8013,R8008_M8013_seg0303,2050.860,2064.590,N_SPK8047,嗯。,True,partial,,,,uncertainty,高重叠语音，内容或说话人归属不确定,,,多人同时说话，按项目规则标为不确定
R8008_M8013,R8008_M8013_seg0303,2050.860,2064.590,N_SPK8049,嗯对原则，原则挺重要的，不能打破国家的原则是吧。,True,partial,,,,uncertainty,高重叠语音，内容或说话人归属不确定,,,多人同时说话，按项目规则标为不确定
R8008_M8013,R8008_M8013_seg0303,2050.860,2064.590,N_SPK8048,对我们，我们要因事择人知事识人。,True,partial,,,,uncertainty,高重叠语音，内容或说话人归属不确定,,,多人同时说话，按项目规则标为不确定
R8008_M8013,R8008_M8013_seg0304,2064.920,2065.440,N_SPK8049,嗯。,False,none,,,,speaker_stance,认为嗯,,,
R8008_M8013,R8008_M8013_seg0305,2065.730,2079.410,N_SPK8047,我觉得我们得实事求是，就不能哭夸张的说我们公司怎么样怎么样，就我们是怎么样我们，对不要夸张化，要不然就会有点欺欺骗他们的感觉。,True,partial,,,,uncertainty,高重叠语音，内容或说话人归属不确定,,,多人同时说话，按项目规则标为不确定
R8008_M8013,R8008_M8013_seg0305,2065.730,2079.410,N_SPK8048,对对对。,True,partial,,,,uncertainty,高重叠语音，内容或说话人归属不确定,,,多人同时说话，按项目规则标为不确定
R8008_M8013,R8008_M8013_seg0305,2065.730,2079.410,N_SPK8048,嗯对。,True,partial,,,,uncertainty,高重叠语音，内容或说话人归属不确定,,,多人同时说话，按项目规则标为不确定
R8008_M8013,R8008_M8013_seg0305,2065.730,2079.410,N_SPK8049,对，不要太夸张化。,True,partial,,,,uncertainty,高重叠语音，内容或说话人归属不确定,,,多人同时说话，按项目规则标为不确定
R8008_M8013,R8008_M8013_seg0305,2065.730,2079.410,N_SPK8048,对。,True,partial,,,,uncertainty,高重叠语音，内容或说话人归属不确定,,,多人同时说话，按项目规则标为不确定
R8008_M8013,R8008_M8013_seg0305,2065.730,2079.410,N_SPK8048,我。,True,partial,,,,uncertainty,高重叠语音，内容或说话人归属不确定,,,多人同时说话，按项目规则标为不确定
R8008_M8013,R8008_M8013_seg0306,2080.330,2091.680,N_SPK8048,就人员招聘的时候，我们也不能说走后门什么的，不能凭一个人的喜好，以及自身对事物的理解，哦对人员进行选择和评价。,True,partial,,,,uncertainty,高重叠语音，内容或说话人归属不确定,,,多人同时说话，按项目规则标为不确定
R8008_M8013,R8008_M8013_seg0306,2080.330,2091.680,N_SPK8049,嗯。,True,partial,,,,uncertainty,高重叠语音，内容或说话人归属不确定,,,多人同时说话，按项目规则标为不确定
R8008_M8013,R8008_M8013_seg0306,2080.330,2091.680,N_SPK8047,对。,True,partial,,,,uncertainty,高重叠语音，内容或说话人归属不确定,,,多人同时说话，按项目规则标为不确定
R8008_M8013,R8008_M8013_seg0306,2080.330,2091.680,N_SPK8049,没有说走后门，要公平竞争。,True,partial,,,,uncertainty,高重叠语音，内容或说话人归属不确定,,,多人同时说话，按项目规则标为不确定
R8008_M8013,R8008_M8013_seg0307,2092.000,2108.520,N_SPK8047,对。,True,partial,,,,uncertainty,高重叠语音，内容或说话人归属不确定,,,多人同时说话，按项目规则标为不确定
R8008_M8013,R8008_M8013_seg0307,2092.000,2108.520,N_SPK8049,嗯公平竞争还是挺需要的。,True,partial,,,,uncertainty,高重叠语音，内容或说话人归属不确定,,,多人同时说话，按项目规则标为不确定
R8008_M8013,R8008_M8013_seg0307,2092.000,2108.520,N_SPK8048,要根据他们的实嗯实力跟水平来。,True,partial,,,,uncertainty,高重叠语音，内容或说话人归属不确定,,,多人同时说话，按项目规则标为不确定
R8008_M8013,R8008_M8013_seg0307,2092.000,2108.520,N_SPK8047,嗯，还有要杜绝这种贿赂的行为，贿赂高层啊然后直接让你来，这样就不行。,True,partial,,,,uncertainty,高重叠语音，内容或说话人归属不确定,,,多人同时说话，按项目规则标为不确定
R8008_M8013,R8008_M8013_seg0307,2092.000,2108.520,N_SPK8048,嗯嗯。,True,partial,,,,uncertainty,高重叠语音，内容或说话人归属不确定,,,多人同时说话，按项目规则标为不确定
R8008_M8013,R8008_M8013_seg0307,2092.000,2108.520,N_SPK8049,对。,True,partial,,,,uncertainty,高重叠语音，内容或说话人归属不确定,,,多人同时说话，按项目规则标为不确定
R8008_M8013,R8008_M8013_seg0307,2092.000,2108.520,N_SPK8049,贿赂者。,True,partial,,,,uncertainty,高重叠语音，内容或说话人归属不确定,,,多人同时说话，按项目规则标为不确定
R8008_M8013,R8008_M8013_seg0307,2092.000,2108.520,N_SPK8048,对对对，要公平对待每个人。,True,partial,,,,uncertainty,高重叠语音，内容或说话人归属不确定,,,多人同时说话，按项目规则标为不确定
R8008_M8013,R8008_M8013_seg0307,2092.000,2108.520,N_SPK8047,对，如果发现的话就有一定的惩罚制度。,True,partial,,,,uncertainty,高重叠语音，内容或说话人归属不确定,,,多人同时说话，按项目规则标为不确定
R8008_M8013,R8008_M8013_seg0308,2108.740,2109.310,N_SPK8048,嗯。,False,none,,,,speaker_stance,认为嗯,,,
R8008_M8013,R8008_M8013_seg0309,2110.450,2116.240,N_SPK8048,啊也不能宁缺毋滥吧，就不能为招人而招人要。,True,partial,,,,uncertainty,高重叠语音，内容或说话人归属不确定,,,多人同时说话，按项目规则标为不确定
R8008_M8013,R8008_M8013_seg0309,2110.450,2116.240,N_SPK8049,嗯。,True,partial,,,,uncertainty,高重叠语音，内容或说话人归属不确定,,,多人同时说话，按项目规则标为不确定
R8008_M8013,R8008_M8013_seg0309,2110.450,2116.240,N_SPK8047,嗯。,True,partial,,,,uncertainty,高重叠语音，内容或说话人归属不确定,,,多人同时说话，按项目规则标为不确定
R8008_M8013,R8008_M8013_seg0310,2117.460,2122.400,N_SPK8048,一定要选择标准对，一定要选择标准的人员，进行那个。,True,full,,,,uncertainty,高重叠语音，内容或说话人归属不确定,,,多人同时说话，按项目规则标为不确定
R8008_M8013,R8008_M8013_seg0310,2117.460,2122.400,N_SPK8049,精挑细选嘛，细细。,True,full,,,,uncertainty,高重叠语音，内容或说话人归属不确定,,,多人同时说话，按项目规则标为不确定
R8008_M8013,R8008_M8013_seg0310,2117.460,2122.400,N_SPK8049,细细细。,True,full,,,,uncertainty,高重叠语音，内容或说话人归属不确定,,,多人同时说话，按项目规则标为不确定
R8008_M8013,R8008_M8013_seg0311,2123.890,2137.190,N_SPK8047,对我然后我觉得，我们现在也可以扩大我们的行业规模，就可以做多方面的饮食，不仅仅是局限于我们这一个方面，比如说什么小吃街。,True,partial,,,,uncertainty,高重叠语音，内容或说话人归属不确定,,,多人同时说话，按项目规则标为不确定
R8008_M8013,R8008_M8013_seg0311,2123.890,2137.190,N_SPK8049,嗯。,True,partial,,,,uncertainty,高重叠语音，内容或说话人归属不确定,,,多人同时说话，按项目规则标为不确定
R8008_M8013,R8008_M8013_seg0311,2123.890,2137.190,N_SPK8048,嗯。,True,partial,,,,uncertainty,高重叠语音，内容或说话人归属不确定,,,多人同时说话，按项目规则标为不确定
R8008_M8013,R8008_M8013_seg0312,2137.970,2146.630,N_SPK8049,嗯。,True,partial,,,,uncertainty,高重叠语音，内容或说话人归属不确定,,,多人同时说话，按项目规则标为不确定
R8008_M8013,R8008_M8013_seg0312,2137.970,2146.630,N_SPK8047,美食广场，我感觉我们都可以扩张。对因为现在年轻人啊，就很喜欢吃东西。,True,partial,,,,uncertainty,高重叠语音，内容或说话人归属不确定,,,多人同时说话，按项目规则标为不确定
R8008_M8013,R8008_M8013_seg0312,2137.970,2146.630,N_SPK8048,嗯。,True,partial,,,,uncertainty,高重叠语音，内容或说话人归属不确定,,,多人同时说话，按项目规则标为不确定
R8008_M8013,R8008_M8013_seg0312,2137.970,2146.630,N_SPK8049,嗯。,True,partial,,,,uncertainty,高重叠语音，内容或说话人归属不确定,,,多人同时说话，按项目规则标为不确定
R8008_M8013,R8008_M8013_seg0312,2137.970,2146.630,N_SPK8048,可以可以。,True,partial,,,,uncertainty,高重叠语音，内容或说话人归属不确定,,,多人同时说话，按项目规则标为不确定
R8008_M8013,R8008_M8013_seg0313,2146.960,2155.490,N_SPK8048,嗯呃我们。,True,partial,,,,uncertainty,高重叠语音，内容或说话人归属不确定,,,多人同时说话，按项目规则标为不确定
R8008_M8013,R8008_M8013_seg0313,2146.960,2155.490,N_SPK8049,还是树立好自己的品牌形象的，是需要也不能太那个啥。,True,partial,,,,uncertainty,高重叠语音，内容或说话人归属不确定,,,多人同时说话，按项目规则标为不确定
R8008_M8013,R8008_M8013_seg0313,2146.960,2155.490,N_SPK8047,对，品牌形象得树立好。,True,partial,,,,uncertainty,高重叠语音，内容或说话人归属不确定,,,多人同时说话，按项目规则标为不确定
R8008_M8013,R8008_M8013_seg0314,2156.520,2170.140,N_SPK8048,哎我们还可以确立一下招聘过程，中那个访谈流程啊，内容跟相关测试题什么的，就避免我们这样子随便发问，他们答不上来。,True,partial,,,,uncertainty,高重叠语音，内容或说话人归属不确定,,,多人同时说话，按项目规则标为不确定
R8008_M8013,R8008_M8013_seg0314,2156.520,2170.140,N_SPK8047,嗯。,True,partial,,,,uncertainty,高重叠语音，内容或说话人归属不确定,,,多人同时说话，按项目规则标为不确定
R8008_M8013,R8008_M8013_seg0315,2170.140,2173.130,N_SPK8048,这样子就很尴尬让他们。,True,partial,,,,uncertainty,高重叠语音，内容或说话人归属不确定,,,多人同时说话，按项目规则标为不确定
R8008_M8013,R8008_M8013_seg0315,2170.140,2173.130,N_SPK8049,嗯。,True,partial,,,,uncertainty,高重叠语音，内容或说话人归属不确定,,,多人同时说话，按项目规则标为不确定
R8008_M8013,R8008_M8013_seg0315,2170.140,2173.130,N_SPK8047,对。,True,partial,,,,uncertainty,高重叠语音，内容或说话人归属不确定,,,多人同时说话，按项目规则标为不确定
R8008_M8013,R8008_M8013_seg0316,2173.640,2203.510,N_SPK8049,嗯。,True,partial,,,,uncertainty,高重叠语音，内容或说话人归属不确定,,,多人同时说话，按项目规则标为不确定
R8008_M8013,R8008_M8013_seg0316,2173.640,2203.510,N_SPK8047,我感觉也可以，给他们给过来招给过来面试的人，试吃我们公司的产品，这样他们就可能对我们公司就更感兴趣了嘛。,True,partial,,,,uncertainty,高重叠语音，内容或说话人归属不确定,,,多人同时说话，按项目规则标为不确定
R8008_M8013,R8008_M8013_seg0316,2173.640,2203.510,N_SPK8048,嗯。,True,partial,,,,uncertainty,高重叠语音，内容或说话人归属不确定,,,多人同时说话，按项目规则标为不确定
R8008_M8013,R8008_M8013_seg0316,2173.640,2203.510,N_SPK8048,对。,True,partial,,,,uncertainty,高重叠语音，内容或说话人归属不确定,,,多人同时说话，按项目规则标为不确定
R8008_M8013,R8008_M8013_seg0316,2173.640,2203.510,N_SPK8048,对对对，可以让他们现场，现场那个解说一下销售现场对我对我们销售那个，我们公司对餐饮我们。,True,partial,,,,uncertainty,高重叠语音，内容或说话人归属不确定,,,多人同时说话，按项目规则标为不确定
R8008_M8013,R8008_M8013_seg0316,2173.640,2203.510,N_SPK8049,嗯。,True,partial,,,,uncertainty,高重叠语音，内容或说话人归属不确定,,,多人同时说话，按项目规则标为不确定
R8008_M8013,R8008_M8013_seg0316,2173.640,2203.510,N_SPK8047,对。,True,partial,,,,uncertainty,高重叠语音，内容或说话人归属不确定,,,多人同时说话，按项目规则标为不确定
R8008_M8013,R8008_M8013_seg0316,2173.640,2203.510,N_SPK8047,对评价，对评价我们公司，这样我们自己也能就是改正我们的不足。,True,partial,,,,uncertainty,高重叠语音，内容或说话人归属不确定,,,多人同时说话，按项目规则标为不确定
R8008_M8013,R8008_M8013_seg0316,2173.640,2203.510,N_SPK8049,嗯。,True,partial,,,,uncertainty,高重叠语音，内容或说话人归属不确定,,,多人同时说话，按项目规则标为不确定
R8008_M8013,R8008_M8013_seg0316,2173.640,2203.510,N_SPK8048,对。,True,partial,,,,uncertainty,高重叠语音，内容或说话人归属不确定,,,多人同时说话，按项目规则标为不确定
R8008_M8013,R8008_M8013_seg0316,2173.640,2203.510,N_SPK8049,对。,True,partial,,,,uncertainty,高重叠语音，内容或说话人归属不确定,,,多人同时说话，按项目规则标为不确定
R8008_M8013,R8008_M8013_seg0317,2203.810,2205.460,N_SPK8048,对对对。,True,partial,,,,uncertainty,高重叠语音，内容或说话人归属不确定,,,多人同时说话，按项目规则标为不确定
R8008_M8013,R8008_M8013_seg0317,2203.810,2205.460,N_SPK8049,对改善自己不足。,True,partial,,,,uncertainty,高重叠语音，内容或说话人归属不确定,,,多人同时说话，按项目规则标为不确定
R8008_M8013,R8008_M8013_seg0318,2205.630,2217.300,N_SPK8048,嗯，然后招聘的话我们准备一些东西吧，只要准备一下好那个企业的宣传手册，然后相关的宣传物料。,True,partial,,,,uncertainty,高重叠语音，内容或说话人归属不确定,,,多人同时说话，按项目规则标为不确定
R8008_M8013,R8008_M8013_seg0318,2205.630,2217.300,N_SPK8047,对。,True,partial,,,,uncertainty,高重叠语音，内容或说话人归属不确定,,,多人同时说话，按项目规则标为不确定
R8008_M8013,R8008_M8013_seg0318,2205.630,2217.300,N_SPK8047,嗯。,True,partial,,,,uncertainty,高重叠语音，内容或说话人归属不确定,,,多人同时说话，按项目规则标为不确定
R8008_M8013,R8008_M8013_seg0318,2205.630,2217.300,N_SPK8047,对。,True,partial,,,,uncertainty,高重叠语音，内容或说话人归属不确定,,,多人同时说话，按项目规则标为不确定
R8008_M8013,R8008_M8013_seg0319,2217.300,2229.330,N_SPK8048,就展架呀POP呀什么的对对对，然后什么名片啊，应聘表测试题都得准备一下。,True,partial,,,,uncertainty,高重叠语音，内容或说话人归属不确定,,,多人同时说话，按项目规则标为不确定
R8008_M8013,R8008_M8013_seg0319,2217.300,2229.330,N_SPK8047,然后我们单子也得印好。,True,partial,,,,uncertainty,高重叠语音，内容或说话人归属不确定,,,多人同时说话，按项目规则标为不确定
R8008_M8013,R8008_M8013_seg0319,2217.300,2229.330,N_SPK8049,嗯。,True,partial,,,,uncertainty,高重叠语音，内容或说话人归属不确定,,,多人同时说话，按项目规则标为不确定
R8008_M8013,R8008_M8013_seg0319,2217.300,2229.330,N_SPK8049,嗯我觉得都挺不错的，那面试就这样吧。,True,partial,,,,uncertainty,高重叠语音，内容或说话人归属不确定,,,多人同时说话，按项目规则标为不确定
R8008_M8013,R8008_M8013_seg0320,2229.890,2233.480,N_SPK8048,啊那那这个讨论会就差不多可以结束了吧。,False,none,,,,speaker_stance,认为那那讨论会就差不多可以结束了吧,,,
R8008_M8013,R8008_M8013_seg0321,2233.690,2235.490,N_SPK8047,好好。,True,full,,,,uncertainty,高重叠语音，内容或说话人归属不确定,,,多人同时说话，按项目规则标为不确定
R8008_M8013,R8008_M8013_seg0321,2233.690,2235.490,N_SPK8049,就结束吧。,True,full,,,,uncertainty,高重叠语音，内容或说话人归属不确定,,,多人同时说话，按项目规则标为不确定
R8008_M8013,R8008_M8013_seg0321,2233.690,2235.490,N_SPK8048,啊，好的好的。,True,full,,,,uncertainty,高重叠语音，内容或说话人归属不确定,,,多人同时说话，按项目规则标为不确定
