meeting_id,segment_id,start_time,end_time,speaker,text,is_overlap,overlap_type,topic,decision,action_item,event_type,content,owner,deadline,uncertainty_note
R8009_M8019,R8009_M8019_seg0001,6.030,7.550,N_SPK8024,这个，就是。,False,none,,,,speaker_stance,认为就是,,,
R8009_M8019,R8009_M8019_seg0002,8.040,9.860,N_SPK8024,你找我，是什么事啊？,False,none,,,,open_question,待确认你找我，是什么事？,,,
R8009_M8019,R8009_M8019_seg0003,9.910,11.380,N_SPK8023,小蒋是这样的。,False,none,,,,speaker_stance,认为小蒋是这样的,,,
R8009_M8019,R8009_M8019_seg0004,11.610,15.990,N_SPK8023,啊，今天叫你过来，就是关于留学生交流会这个。,False,none,,,,topic_transition,讨论今天叫你过来，就是关于留学生交流会,,,
R8009_M8019,R8009_M8019_seg0005,15.990,16.970,N_SPK8023,这个流程。,False,none,,,,speaker_stance,认为流程,,,
R8009_M8019,R8009_M8019_seg0006,17.700,21.040,N_SPK8023,呃，就是说看你有什么想法，怎么规划的。,False,none,,,,speaker_stance,认为看你有什么想法，怎么规划的,,,
R8009_M8019,R8009_M8019_seg0007,21.040,23.240,N_SPK8023,我们彼此交流一下。,True,full,,,,uncertainty,高重叠语音，内容或说话人归属不确定,,,多人同时说话，按项目规则标为不确定
R8009_M8019,R8009_M8019_seg0007,21.040,23.240,N_SPK8024,就是。,True,full,,,,uncertainty,高重叠语音，内容或说话人归属不确定,,,多人同时说话，按项目规则标为不确定
R8009_M8019,R8009_M8019_seg0007,21.040,23.240,N_SPK8024,是不是。,True,full,,,,uncertainty,高重叠语音，内容或说话人归属不确定,,,多人同时说话，按项目规则标为不确定
R8009_M8019,R8009_M8019_seg0008,23.240,25.280,N_SPK8024,是不是，就是世界一家亲？,False,none,,,,open_question,待确认是不是，就是世界一家亲？,,,
R8009_M8019,R8009_M8019_seg0009,25.280,28.040,N_SPK8024,和让你更好的懂我，就这两个主题嘛。,True,partial,,,,uncertainty,高重叠语音，内容或说话人归属不确定,,,多人同时说话，按项目规则标为不确定
R8009_M8019,R8009_M8019_seg0009,25.280,28.040,N_SPK8023,呃，对对对。,True,partial,,,,uncertainty,高重叠语音，内容或说话人归属不确定,,,多人同时说话，按项目规则标为不确定
R8009_M8019,R8009_M8019_seg0010,29.160,30.410,N_SPK8024,我觉得的话。,False,none,,,,speaker_stance,认为我觉得的话,,,
R8009_M8019,R8009_M8019_seg0011,31.460,33.190,N_SPK8024,首先，世界一家亲。,False,none,,,,topic_transition,讨论首先，世界一家亲,,,
R8009_M8019,R8009_M8019_seg0012,33.190,34.490,N_SPK8024,主要就是说的是。,False,none,,,,speaker_stance,认为主要的是,,,
R8009_M8019,R8009_M8019_seg0013,35.700,37.670,N_SPK8024,让就是就是全世界。,False,none,,,,speaker_stance,认为让就是就是全世界,,,
R8009_M8019,R8009_M8019_seg0014,38.400,42.290,N_SPK8024,就是，反正就是让他们更好了解我们，就是。,False,none,,,,speaker_stance,认为就是，反正就是让他们更好了解，就是,,,
R8009_M8019,R8009_M8019_seg0015,43.080,46.400,N_SPK8024,就是，就是给人一种世界和平，就是反正是。,False,none,,,,speaker_stance,认为就是，就是给人一种世界和平，就是反正是,,,
R8009_M8019,R8009_M8019_seg0016,46.770,47.660,N_SPK8024,所有的事。,False,none,,,,speaker_stance,认为所有的事,,,
R8009_M8019,R8009_M8019_seg0017,49.380,50.970,N_SPK8024,就是所有就是都是。,False,none,,,,speaker_stance,认为就是所有就是都是,,,
R8009_M8019,R8009_M8019_seg0018,51.140,52.180,N_SPK8024,非常好的，就是。,False,none,,,,speaker_stance,认为非常好的，就是,,,
R8009_M8019,R8009_M8019_seg0019,52.180,53.880,N_SPK8024,让你更好的懂我。,False,none,,,,speaker_stance,认为让你更好的懂我,,,
R8009_M8019,R8009_M8019_seg0020,53.880,55.880,N_SPK8024,就是，让你知道。,False,none,,,,speaker_stance,认为就是，让你知道,,,
R8009_M8019,R8009_M8019_seg0021,55.880,61.040,N_SPK8024,我们国家就是，就是让你们很好的。,True,full,,,,uncertainty,高重叠语音，内容或说话人归属不确定,,,多人同时说话，按项目规则标为不确定
R8009_M8019,R8009_M8019_seg0021,55.880,61.040,N_SPK8023,因为我这边。,True,full,,,,uncertainty,高重叠语音，内容或说话人归属不确定,,,多人同时说话，按项目规则标为不确定
R8009_M8019,R8009_M8019_seg0021,55.880,61.040,N_SPK8023,之之前，你们来之前我就。,True,full,,,,uncertainty,高重叠语音，内容或说话人归属不确定,,,多人同时说话，按项目规则标为不确定
R8009_M8019,R8009_M8019_seg0021,55.880,61.040,N_SPK8024,了解。,True,full,,,,uncertainty,高重叠语音，内容或说话人归属不确定,,,多人同时说话，按项目规则标为不确定
R8009_M8019,R8009_M8019_seg0022,61.040,62.840,N_SPK8023,自己就琢磨了一下。,False,none,,,,speaker_stance,认为自己就琢磨了,,,
R8009_M8019,R8009_M8019_seg0023,62.840,68.170,N_SPK8023,就是说我感觉哈这个主题世界一家亲，我感觉跟。,False,none,,,,speaker_stance,认为哈主题世界一家亲，跟,,,
R8009_M8019,R8009_M8019_seg0024,68.820,70.430,N_SPK8023,贴近我们留学生。,False,none,,,,speaker_stance,认为贴近留学生,,,
R8009_M8019,R8009_M8019_seg0025,70.990,72.830,N_SPK8023,你觉得怎么样。,False,none,,,,speaker_stance,认为你觉得怎么样,,,
R8009_M8019,R8009_M8019_seg0026,74.250,74.960,N_SPK8024,我觉得。,False,none,,,,speaker_stance,认为我觉得,,,
R8009_M8019,R8009_M8019_seg0027,75.860,77.630,N_SPK8024,我觉得让你更好的懂我，要好一些。,False,none,,,,speaker_stance,认为让你更好的懂我，要好一些,,,
R8009_M8019,R8009_M8019_seg0028,78.000,79.920,N_SPK8024,就是让你更好的懂我。,False,none,,,,speaker_stance,认为就是让你更好的懂我,,,
R8009_M8019,R8009_M8019_seg0029,79.920,80.570,N_SPK8024,就是。,False,none,,,,speaker_stance,认为就是,,,
R8009_M8019,R8009_M8019_seg0030,81.090,82.990,N_SPK8024,让你更好的懂我。,False,none,,,,speaker_stance,认为让你更好的懂我,,,
R8009_M8019,R8009_M8019_seg0031,82.990,85.790,N_SPK8024,懂我中国，就是让你更好的懂中国。,False,none,,,,speaker_stance,认为懂我中国，就是让你更好的懂中国,,,
R8009_M8019,R8009_M8019_seg0032,86.260,86.940,N_SPK8024,就是。,False,none,,,,speaker_stance,认为就是,,,
R8009_M8019,R8009_M8019_seg0033,86.940,87.860,N_SPK8024,让那些。,False,none,,,,speaker_stance,认为让那些,,,
R8009_M8019,R8009_M8019_seg0034,88.490,90.530,N_SPK8024,我，就是外国的一些学生。,False,none,,,,speaker_stance,认为我，就是外国的一些学生,,,
R8009_M8019,R8009_M8019_seg0035,90.960,96.680,N_SPK8024,让他们更好的了解我们的中国，这个更贴近一点，更贴切一些，我觉得。,False,none,,,,speaker_stance,认为让他们更好的了解的中国，更贴近一点，更贴切一些,,,
R8009_M8019,R8009_M8019_seg0036,97.320,98.420,N_SPK8024,就是让他们。,False,none,,,,speaker_stance,认为就是让他们,,,
R8009_M8019,R8009_M8019_seg0037,98.730,100.910,N_SPK8024,了解中国，我觉得这个主题要好一些。,False,none,,,,speaker_stance,认为了解中国，主题要好一些,,,
R8009_M8019,R8009_M8019_seg0038,101.610,102.770,N_SPK8023,嗯，可以。,False,none,,,,speaker_stance,认为可以,,,
R8009_M8019,R8009_M8019_seg0039,103.170,104.210,N_SPK8023,但是。,False,none,,,,speaker_stance,认为但是,,,
R8009_M8019,R8009_M8019_seg0040,104.730,106.030,N_SPK8023,这个具体。,False,none,,,,speaker_stance,认为具体,,,
R8009_M8019,R8009_M8019_seg0041,106.030,111.390,N_SPK8023,你是有什么规划？他具体只是怎么样的一个流程。,False,none,,,,speaker_stance,认为你是有什么规划？他具体只是怎么样的一个流程,,,
R8009_M8019,R8009_M8019_seg0042,111.390,112.400,N_SPK8023,怎么安排。,False,none,,,,action_item,跟进怎么安排,uncertain,,
R8009_M8019,R8009_M8019_seg0043,112.400,113.280,N_SPK8023,你。,False,none,,,,speaker_stance,认为你,,,
R8009_M8019,R8009_M8019_seg0044,113.700,114.660,N_SPK8023,说一说，看看。,False,none,,,,speaker_stance,认为说一说，看看,,,
R8009_M8019,R8009_M8019_seg0045,115.170,116.650,N_SPK8024,我觉得就是。,False,none,,,,speaker_stance,认为就是,,,
R8009_M8019,R8009_M8019_seg0046,116.650,119.960,N_SPK8024,这个活动不是在下，下周举行吗？,False,none,,,,open_question,待确认活动不是在下，下周举行吗？,,,
R8009_M8019,R8009_M8019_seg0047,120.360,122.570,N_SPK8024,我觉得就是在下周要好一些。,False,none,,,,speaker_stance,认为就是在下周要好一些,,,
R8009_M8019,R8009_M8019_seg0048,123.570,125.590,N_SPK8024,嗯，周末我觉得应该选。,False,none,,,,speaker_stance,认为周末应该选,,,
R8009_M8019,R8009_M8019_seg0049,125.590,127.280,N_SPK8024,我觉得就是要周末吧。,False,none,,,,speaker_stance,认为就是要周末吧,,,
R8009_M8019,R8009_M8019_seg0050,127.740,128.690,N_SPK8024,那下周。,False,none,,,,speaker_stance,认为那下周,,,
R8009_M8019,R8009_M8019_seg0051,128.690,130.180,N_SPK8024,下周是不是有。,False,none,,,,disagreement,存在分歧下周是不是有,,,
R8009_M8019,R8009_M8019_seg0052,130.180,133.070,N_SPK8024,下周是不是有节日啊，是不是有什么节假日啊？,False,none,,,,open_question,待确认下周是不是有节日，是不是有什么节假日？,,,
R8009_M8019,R8009_M8019_seg0053,133.070,134.090,N_SPK8024,中秋节是吧？,False,none,,,,open_question,待确认中秋节是吧？,,,
R8009_M8019,R8009_M8019_seg0054,134.090,140.960,N_SPK8023,呃，有一个中秋节对对对中秋节。,True,partial,,,,uncertainty,高重叠语音，内容或说话人归属不确定,,,多人同时说话，按项目规则标为不确定
R8009_M8019,R8009_M8019_seg0054,134.090,140.960,N_SPK8024,那就是那那我就不选周末，就选中秋节，反正中秋节大家都有时间对吧？,True,partial,,,,uncertainty,高重叠语音，内容或说话人归属不确定,,,多人同时说话，按项目规则标为不确定
R8009_M8019,R8009_M8019_seg0055,141.300,142.550,N_SPK8024,这样话要好一些。,False,none,,,,speaker_stance,认为这样话要好一些,,,
R8009_M8019,R8009_M8019_seg0056,143.280,145.460,N_SPK8024,中秋节大家都放假嘛，都有时间。,False,none,,,,speaker_stance,认为中秋节都放假嘛，都有时间,,,
R8009_M8019,R8009_M8019_seg0057,146.340,147.290,N_SPK8024,这样。,False,none,,,,speaker_stance,认为这样,,,
R8009_M8019,R8009_M8019_seg0058,147.290,152.640,N_SPK8024,举办这个时间的话，来的人会多一些。,True,full,,,,uncertainty,高重叠语音，内容或说话人归属不确定,,,多人同时说话，按项目规则标为不确定
R8009_M8019,R8009_M8019_seg0058,147.290,152.640,N_SPK8023,因为，这边就是。,True,full,,,,uncertainty,高重叠语音，内容或说话人归属不确定,,,多人同时说话，按项目规则标为不确定
R8009_M8019,R8009_M8019_seg0058,147.290,152.640,N_SPK8024,来人会多一些。,True,full,,,,uncertainty,高重叠语音，内容或说话人归属不确定,,,多人同时说话，按项目规则标为不确定
R8009_M8019,R8009_M8019_seg0058,147.290,152.640,N_SPK8023,中秋节的话，我就是说啊。,True,full,,,,uncertainty,高重叠语音，内容或说话人归属不确定,,,多人同时说话，按项目规则标为不确定
R8009_M8019,R8009_M8019_seg0059,152.640,155.600,N_SPK8023,啊，你安排在中秋节那天的话哈。,False,none,,,,action_item,跟进你安排在中秋节那天哈,uncertain,,
R8009_M8019,R8009_M8019_seg0060,155.860,159.290,N_SPK8023,行因为我就是建议，就是搞一些有特色的哈。,False,none,,,,speaker_stance,认为行因为我就是建议，就是搞一些有特色的哈,,,
R8009_M8019,R8009_M8019_seg0061,159.330,160.040,N_SPK8024,我觉得。,False,none,,,,speaker_stance,认为我觉得,,,
R8009_M8019,R8009_M8019_seg0062,160.040,161.780,N_SPK8024,既然是中秋节的话。,False,none,,,,speaker_stance,认为既然是中秋节,,,
R8009_M8019,R8009_M8019_seg0063,161.780,164.960,N_SPK8024,中秋节不是，我们可以安排到晚上。,False,none,,,,action_item,跟进中秋节不是，可以安排到晚上,uncertain,,
R8009_M8019,R8009_M8019_seg0064,165.600,167.210,N_SPK8024,晚上，就是说一个。,False,none,,,,speaker_stance,认为晚上，一个,,,
R8009_M8019,R8009_M8019_seg0065,167.210,168.580,N_SPK8024,留学生交流会。,False,none,,,,speaker_stance,认为留学生交流会,,,
R8009_M8019,R8009_M8019_seg0066,168.580,173.030,N_SPK8024,也可以是，留学生晚会是不是，交流晚留学生交流晚会。,False,none,,,,disagreement,存在分歧也可以是，留学生晚会是不是，交流晚留学生交流晚会,,,
R8009_M8019,R8009_M8019_seg0067,173.690,174.560,N_SPK8024,觉怎么样？,False,none,,,,open_question,待确认觉怎么样？,,,
R8009_M8019,R8009_M8019_seg0068,174.690,177.740,N_SPK8023,对留学生交流晚会他最重要哈，就是说。,False,none,,,,speaker_stance,认为对留学生交流晚会他最重要哈,,,
R8009_M8019,R8009_M8019_seg0069,178.060,179.420,N_SPK8023,要体现出。,False,none,,,,speaker_stance,认为要体现出,,,
R8009_M8019,R8009_M8019_seg0070,179.880,183.520,N_SPK8023,一个特色什么特色就是我们中国，让就是留学生。,False,none,,,,speaker_stance,认为一个特色什么特色就是中国，让就是留学生,,,
R8009_M8019,R8009_M8019_seg0071,184.020,184.940,N_SPK8023,啊。,False,none,,,,speaker_stance,认为啊,,,
R8009_M8019,R8009_M8019_seg0072,184.940,186.340,N_SPK8023,在中国人。,False,none,,,,speaker_stance,认为在中国人,,,
R8009_M8019,R8009_M8019_seg0073,186.340,187.430,N_SPK8023,体现。,False,none,,,,speaker_stance,认为体现,,,
R8009_M8019,R8009_M8019_seg0074,187.430,194.410,N_SPK8023,我们中国一些文化。,True,partial,,,,uncertainty,高重叠语音，内容或说话人归属不确定,,,多人同时说话，按项目规则标为不确定
R8009_M8019,R8009_M8019_seg0074,187.430,194.410,N_SPK8024,这。,True,partial,,,,uncertainty,高重叠语音，内容或说话人归属不确定,,,多人同时说话，按项目规则标为不确定
R8009_M8019,R8009_M8019_seg0074,187.430,194.410,N_SPK8024,可以啊。,True,partial,,,,uncertainty,高重叠语音，内容或说话人归属不确定,,,多人同时说话，按项目规则标为不确定
R8009_M8019,R8009_M8019_seg0074,187.430,194.410,N_SPK8024,你你想嘛，就是中秋节选在中秋节，中秋节是中国传统节日嘛。,True,partial,,,,uncertainty,高重叠语音，内容或说话人归属不确定,,,多人同时说话，按项目规则标为不确定
R8009_M8019,R8009_M8019_seg0075,194.410,196.620,N_SPK8024,就像那些外国，外国学生。,False,none,,,,speaker_stance,认为就像那些外国，外国学生,,,
R8009_M8019,R8009_M8019_seg0076,196.620,197.360,N_SPK8024,外国人。,False,none,,,,speaker_stance,认为外国人,,,
R8009_M8019,R8009_M8019_seg0077,197.850,198.620,N_SPK8024,就是。,False,none,,,,speaker_stance,认为就是,,,
R8009_M8019,R8009_M8019_seg0078,199.890,205.590,N_SPK8024,就是身临其境，就是更好的了解我们，这是中国传统节日，让他们知道。,False,none,,,,speaker_stance,认为就是身临其境，就是更好的了解，这是中国传统节日，让他们知道,,,
R8009_M8019,R8009_M8019_seg0079,205.590,209.570,N_SPK8024,我们这些。,True,full,,,,uncertainty,高重叠语音，内容或说话人归属不确定,,,多人同时说话，按项目规则标为不确定
R8009_M8019,R8009_M8019_seg0079,205.590,209.570,N_SPK8023,对这个是可以的。,True,full,,,,uncertainty,高重叠语音，内容或说话人归属不确定,,,多人同时说话，按项目规则标为不确定
R8009_M8019,R8009_M8019_seg0079,205.590,209.570,N_SPK8024,传统习俗什么，吃月饼。,True,full,,,,uncertainty,高重叠语音，内容或说话人归属不确定,,,多人同时说话，按项目规则标为不确定
R8009_M8019,R8009_M8019_seg0079,205.590,209.570,N_SPK8023,就是在这个中秋节。,True,full,,,,uncertainty,高重叠语音，内容或说话人归属不确定,,,多人同时说话，按项目规则标为不确定
R8009_M8019,R8009_M8019_seg0080,209.820,211.360,N_SPK8024,嗯。,True,partial,,,,uncertainty,高重叠语音，内容或说话人归属不确定,,,多人同时说话，按项目规则标为不确定
R8009_M8019,R8009_M8019_seg0080,209.820,211.360,N_SPK8023,我的意思是中秋节。,True,partial,,,,uncertainty,高重叠语音，内容或说话人归属不确定,,,多人同时说话，按项目规则标为不确定
R8009_M8019,R8009_M8019_seg0081,211.360,212.660,N_SPK8023,然后你就是。,False,none,,,,speaker_stance,认为你就是,,,
R8009_M8019,R8009_M8019_seg0082,213.210,217.610,N_SPK8023,要达到就是说让他们更了解我们中国，就是说还需要。,False,none,,,,speaker_stance,认为要达到让他们更了解中国，还需要,,,
R8009_M8019,R8009_M8019_seg0083,217.950,221.070,N_SPK8023,呃，有些活动的安排，对了吧。,True,full,,,,uncertainty,高重叠语音，内容或说话人归属不确定,,,多人同时说话，按项目规则标为不确定
R8009_M8019,R8009_M8019_seg0083,217.950,221.070,N_SPK8024,我的意思是。,True,full,,,,uncertainty,高重叠语音，内容或说话人归属不确定,,,多人同时说话，按项目规则标为不确定
R8009_M8019,R8009_M8019_seg0083,217.950,221.070,N_SPK8024,在晚会的时候。给他们。,True,full,,,,uncertainty,高重叠语音，内容或说话人归属不确定,,,多人同时说话，按项目规则标为不确定
R8009_M8019,R8009_M8019_seg0084,221.520,224.840,N_SPK8024,先在晚会的时候，给他们介绍一下这些。,False,none,,,,speaker_stance,认为先在晚会的时候，给他们介绍这些,,,
R8009_M8019,R8009_M8019_seg0085,224.840,226.450,N_SPK8024,我们中秋节。,False,none,,,,speaker_stance,认为中秋节,,,
R8009_M8019,R8009_M8019_seg0086,226.450,227.450,N_SPK8024,的来历。,False,none,,,,speaker_stance,认为的来历,,,
R8009_M8019,R8009_M8019_seg0087,227.970,229.370,N_SPK8024,中秋节，就是。,False,none,,,,speaker_stance,认为中秋节，就是,,,
R8009_M8019,R8009_M8019_seg0088,229.740,231.770,N_SPK8024,中秋节是怎么。,False,none,,,,speaker_stance,认为中秋节是怎么,,,
R8009_M8019,R8009_M8019_seg0089,232.140,235.400,N_SPK8024,就是来历，说吃月饼这些习俗是怎么来的。,False,none,,,,speaker_stance,认为就是来历，说吃月饼这些习俗是怎么来的,,,
R8009_M8019,R8009_M8019_seg0090,235.400,236.450,N_SPK8024,可以告诉他们。,False,none,,,,speaker_stance,认为可以告诉他们,,,
R8009_M8019,R8009_M8019_seg0091,237.720,238.460,N_SPK8024,你觉得怎么样？,False,none,,,,open_question,待确认你觉得怎么样？,,,
R8009_M8019,R8009_M8019_seg0092,239.400,240.470,N_SPK8023,嗯，可以。,False,none,,,,speaker_stance,认为可以,,,
R8009_M8019,R8009_M8019_seg0093,240.780,242.170,N_SPK8023,还有一个就是说。,False,none,,,,speaker_stance,认为还有一个,,,
R8009_M8019,R8009_M8019_seg0094,242.170,243.240,N_SPK8023,那个地点。,False,none,,,,speaker_stance,认为地点,,,
R8009_M8019,R8009_M8019_seg0095,243.240,245.330,N_SPK8023,在哪里比较更合适。,False,none,,,,speaker_stance,认为在哪里比较更合适,,,
R8009_M8019,R8009_M8019_seg0096,245.670,246.760,N_SPK8023,你。,False,none,,,,speaker_stance,认为你,,,
R8009_M8019,R8009_M8019_seg0097,246.760,248.050,N_SPK8023,自己想过，没有。,False,none,,,,speaker_stance,认为自己想过，没有,,,
R8009_M8019,R8009_M8019_seg0098,248.050,249.890,N_SPK8023,哪个地点，比较合适。,False,none,,,,speaker_stance,认为哪个地点，比较合适,,,
R8009_M8019,R8009_M8019_seg0099,251.230,252.930,N_SPK8024,我觉得可以选在。,False,none,,,,speaker_stance,认为可以选在,,,
R8009_M8019,R8009_M8019_seg0100,252.930,254.120,N_SPK8024,就选学校。,False,none,,,,speaker_stance,认为就选学校,,,
R8009_M8019,R8009_M8019_seg0101,254.120,254.930,N_SPK8024,怎么样？,False,none,,,,open_question,待确认怎么样？,,,
R8009_M8019,R8009_M8019_seg0102,254.930,256.430,N_SPK8024,或者社会的话我觉得。,False,none,,,,speaker_stance,认为或者社会,,,
R8009_M8019,R8009_M8019_seg0103,258.480,260.170,N_SPK8024,就选学校我觉得比较好一点。,False,none,,,,speaker_stance,认为就选学校比较好一点,,,
R8009_M8019,R8009_M8019_seg0104,260.310,263.810,N_SPK8023,呃，学校我因为之前也想过这个问题。,False,none,,,,speaker_stance,认为学校我因为之前也想过问题,,,
R8009_M8019,R8009_M8019_seg0105,263.810,266.230,N_SPK8023,就是说学校毕竟就是说。,False,none,,,,speaker_stance,认为学校毕竟,,,
R8009_M8019,R8009_M8019_seg0106,266.230,267.260,N_SPK8023,要更好。,False,none,,,,speaker_stance,认为要更好,,,
R8009_M8019,R8009_M8019_seg0107,267.260,271.070,N_SPK8023,因为学校毕竟每天都生活在学校，更贴近生活。,False,none,,,,speaker_stance,认为因为学校毕竟每天都生活在学校，更贴近生活,,,
R8009_M8019,R8009_M8019_seg0108,271.770,272.790,N_SPK8023,要好得多。,False,none,,,,speaker_stance,认为要好得多,,,
R8009_M8019,R8009_M8019_seg0109,272.790,274.250,N_SPK8023,因为社会啊。,False,none,,,,speaker_stance,认为因为社会,,,
R8009_M8019,R8009_M8019_seg0110,274.250,276.820,N_SPK8023,我感觉就相对要复杂一些。,True,partial,,,,uncertainty,高重叠语音，内容或说话人归属不确定,,,多人同时说话，按项目规则标为不确定
R8009_M8019,R8009_M8019_seg0110,274.250,276.820,N_SPK8024,对。,True,partial,,,,uncertainty,高重叠语音，内容或说话人归属不确定,,,多人同时说话，按项目规则标为不确定
R8009_M8019,R8009_M8019_seg0111,276.820,277.510,N_SPK8023,对吧。,False,none,,,,speaker_stance,认为对吧,,,
R8009_M8019,R8009_M8019_seg0112,277.510,280.130,N_SPK8023,如果学校给生活也好，安排。,True,partial,,,,uncertainty,高重叠语音，内容或说话人归属不确定,,,多人同时说话，按项目规则标为不确定
R8009_M8019,R8009_M8019_seg0112,277.510,280.130,N_SPK8024,但是。,True,partial,,,,uncertainty,高重叠语音，内容或说话人归属不确定,,,多人同时说话，按项目规则标为不确定
R8009_M8019,R8009_M8019_seg0113,280.320,282.320,N_SPK8024,但是的话，我们这些。,False,none,,,,speaker_stance,认为但是，这些,,,
R8009_M8019,R8009_M8019_seg0114,283.110,286.550,N_SPK8024,我们这个留学生交流会，也可也有一些。,False,none,,,,speaker_stance,认为留学生交流会，也可也有一些,,,
R8009_M8019,R8009_M8019_seg0115,287.100,290.630,N_SPK8024,校外的是外国，外国人也可以参，也要来参加。,False,none,,,,speaker_stance,认为校外的是外国，外国人也可以参，也要来参加,,,
R8009_M8019,R8009_M8019_seg0116,291.150,292.600,N_SPK8024,社会上的话。,False,none,,,,speaker_stance,认为社会上,,,
R8009_M8019,R8009_M8019_seg0117,292.600,298.360,N_SPK8024,学生。,True,partial,,,,uncertainty,高重叠语音，内容或说话人归属不确定,,,多人同时说话，按项目规则标为不确定
R8009_M8019,R8009_M8019_seg0117,292.600,298.360,N_SPK8023,但是这边就是说。,True,partial,,,,uncertainty,高重叠语音，内容或说话人归属不确定,,,多人同时说话，按项目规则标为不确定
R8009_M8019,R8009_M8019_seg0117,292.600,298.360,N_SPK8024,这样都可以来。,True,partial,,,,uncertainty,高重叠语音，内容或说话人归属不确定,,,多人同时说话，按项目规则标为不确定
R8009_M8019,R8009_M8019_seg0117,292.600,298.360,N_SPK8023,我刚刚你来之前选了一个问题，关于。,True,partial,,,,uncertainty,高重叠语音，内容或说话人归属不确定,,,多人同时说话，按项目规则标为不确定
R8009_M8019,R8009_M8019_seg0118,298.360,300.380,N_SPK8023,这个留学生交流会。,False,none,,,,speaker_stance,认为留学生交流会,,,
R8009_M8019,R8009_M8019_seg0119,300.380,304.190,N_SPK8023,就是人员的安排，就是说里面人手就是。,False,none,,,,action_item,跟进就是人员的安排，里面人手就是,uncertain,,
R8009_M8019,R8009_M8019_seg0120,304.740,306.020,N_SPK8023,够不够的情况。,False,none,,,,speaker_stance,认为够不够的情况,,,
R8009_M8019,R8009_M8019_seg0121,306.360,313.130,N_SPK8023,其实需要支援啊，需要怎么样的你自己。,True,partial,,,,uncertainty,高重叠语音，内容或说话人归属不确定,,,多人同时说话，按项目规则标为不确定
R8009_M8019,R8009_M8019_seg0121,306.360,313.130,N_SPK8024,人手，我觉得。,True,partial,,,,uncertainty,高重叠语音，内容或说话人归属不确定,,,多人同时说话，按项目规则标为不确定
R8009_M8019,R8009_M8019_seg0121,306.360,313.130,N_SPK8024,人手既然是外国嘛，既然是外国。,True,partial,,,,uncertainty,高重叠语音，内容或说话人归属不确定,,,多人同时说话，按项目规则标为不确定
R8009_M8019,R8009_M8019_seg0122,313.130,314.990,N_SPK8024,就是那些外国留学生。,False,none,,,,speaker_stance,认为就是那些外国留学生,,,
R8009_M8019,R8009_M8019_seg0123,315.690,316.820,N_SPK8024,我想的是。,False,none,,,,speaker_stance,认为我想的是,,,
R8009_M8019,R8009_M8019_seg0124,317.970,320.810,N_SPK8024,要一名比较好的一些个翻译。,False,none,,,,speaker_stance,认为要一名比较好的一些个翻译,,,
R8009_M8019,R8009_M8019_seg0125,322.110,324.320,N_SPK8024,有一些英语不是特别好的学生。,False,none,,,,disagreement,存在分歧有一些英语不是特别好的学生,,,
R8009_M8019,R8009_M8019_seg0126,324.810,325.730,N_SPK8024,就可以。,False,none,,,,speaker_stance,认为就可以,,,
R8009_M8019,R8009_M8019_seg0127,326.550,329.150,N_SPK8024,也能知道外国人在说什么。,True,partial,,,,uncertainty,高重叠语音，内容或说话人归属不确定,,,多人同时说话，按项目规则标为不确定
R8009_M8019,R8009_M8019_seg0127,326.550,329.150,N_SPK8023,翻译啊。,True,partial,,,,uncertainty,高重叠语音，内容或说话人归属不确定,,,多人同时说话，按项目规则标为不确定
R8009_M8019,R8009_M8019_seg0128,329.470,329.940,N_SPK8024,对。,False,none,,,,speaker_stance,认为对,,,
R8009_M8019,R8009_M8019_seg0129,329.940,334.800,N_SPK8024,一定要一个比较精通比较好的翻译。,True,full,,,,uncertainty,高重叠语音，内容或说话人归属不确定,,,多人同时说话，按项目规则标为不确定
R8009_M8019,R8009_M8019_seg0129,329.940,334.800,N_SPK8023,哎呀，你说这翻译这块就那个就是小宋。,True,full,,,,uncertainty,高重叠语音，内容或说话人归属不确定,,,多人同时说话，按项目规则标为不确定
R8009_M8019,R8009_M8019_seg0130,334.800,337.970,N_SPK8023,啊，小宋老师应该不错，你看行不行。,False,none,,,,speaker_stance,认为小宋老师应该不错，你看行不行,,,
R8009_M8019,R8009_M8019_seg0131,338.130,340.230,N_SPK8024,小宋老师。,True,partial,,,,uncertainty,高重叠语音，内容或说话人归属不确定,,,多人同时说话，按项目规则标为不确定
R8009_M8019,R8009_M8019_seg0131,338.130,340.230,N_SPK8023,反，啊小宋老师啊。,True,partial,,,,uncertainty,高重叠语音，内容或说话人归属不确定,,,多人同时说话，按项目规则标为不确定
R8009_M8019,R8009_M8019_seg0132,340.230,344.140,N_SPK8023,小宋老师这边，到时候我和他沟通一下，就是在。,False,none,,,,speaker_stance,认为小宋老师这边，到时候我和他沟通，就是在,,,
R8009_M8019,R8009_M8019_seg0133,344.140,346.570,N_SPK8023,就是留学生交流会这个。,False,none,,,,speaker_stance,认为就是留学生交流会,,,
R8009_M8019,R8009_M8019_seg0134,346.570,348.110,N_SPK8023,就叫他。,False,none,,,,speaker_stance,认为就叫他,,,
R8009_M8019,R8009_M8019_seg0135,348.660,350.570,N_SPK8023,就是说配合你们一下。,False,none,,,,speaker_stance,认为配合你们,,,
R8009_M8019,R8009_M8019_seg0136,350.850,354.780,N_SPK8024,宋老师啊？,True,partial,,,,uncertainty,高重叠语音，内容或说话人归属不确定,,,多人同时说话，按项目规则标为不确定
R8009_M8019,R8009_M8019_seg0136,350.850,354.780,N_SPK8023,我觉得啊松老师应该说是最好，如果是外面的。,True,partial,,,,uncertainty,高重叠语音，内容或说话人归属不确定,,,多人同时说话，按项目规则标为不确定
R8009_M8019,R8009_M8019_seg0137,355.200,356.320,N_SPK8023,大家就是说。,False,none,,,,speaker_stance,认为大家就是说,,,
R8009_M8019,R8009_M8019_seg0138,356.320,358.610,N_SPK8023,配合起来的个默契哈，没有。,False,none,,,,speaker_stance,认为配合起来的个默契哈，没有,,,
R8009_M8019,R8009_M8019_seg0139,359.070,363.290,N_SPK8023,多大默契，因为毕竟是学校老师这样更贴近我，感觉更好。,False,none,,,,speaker_stance,认为多大默契，因为毕竟是学校老师这样更贴近我，感觉更好,,,
R8009_M8019,R8009_M8019_seg0140,363.630,368.240,N_SPK8023,但是这边，我就是到时候。,True,partial,,,,uncertainty,高重叠语音，内容或说话人归属不确定,,,多人同时说话，按项目规则标为不确定
R8009_M8019,R8009_M8019_seg0140,363.630,368.240,N_SPK8024,可以。,True,partial,,,,uncertainty,高重叠语音，内容或说话人归属不确定,,,多人同时说话，按项目规则标为不确定
R8009_M8019,R8009_M8019_seg0140,363.630,368.240,N_SPK8024,就宋，就宋老师。,True,partial,,,,uncertainty,高重叠语音，内容或说话人归属不确定,,,多人同时说话，按项目规则标为不确定
R8009_M8019,R8009_M8019_seg0140,363.630,368.240,N_SPK8023,对对对，到时候我这边跟。,True,partial,,,,uncertainty,高重叠语音，内容或说话人归属不确定,,,多人同时说话，按项目规则标为不确定
R8009_M8019,R8009_M8019_seg0141,368.640,376.580,N_SPK8023,那个小宋老师沟通一下，就是说你们这个小蒋，你们这个留学生交流会叫他就是说协助一下。,False,none,,,,speaker_stance,认为小宋老师沟通，你们小蒋，你们留学生交流会叫他协助,,,
R8009_M8019,R8009_M8019_seg0142,376.890,388.050,N_SPK8024,就是协助，就是需要他做翻译嘛，他。,True,partial,,,,uncertainty,高重叠语音，内容或说话人归属不确定,,,多人同时说话，按项目规则标为不确定
R8009_M8019,R8009_M8019_seg0142,376.890,388.050,N_SPK8023,协助你们一下，对对对。,True,partial,,,,uncertainty,高重叠语音，内容或说话人归属不确定,,,多人同时说话，按项目规则标为不确定
R8009_M8019,R8009_M8019_seg0142,376.890,388.050,N_SPK8023,对，协助你们一下。,True,partial,,,,uncertainty,高重叠语音，内容或说话人归属不确定,,,多人同时说话，按项目规则标为不确定
R8009_M8019,R8009_M8019_seg0142,376.890,388.050,N_SPK8024,他翻译还是可以，他，他毕竟是英语老师嘛。,True,partial,,,,uncertainty,高重叠语音，内容或说话人归属不确定,,,多人同时说话，按项目规则标为不确定
R8009_M8019,R8009_M8019_seg0142,376.890,388.050,N_SPK8023,对对对，他毕竟是老师对对这样对以后就是工作啊这种协调也更好。,True,partial,,,,uncertainty,高重叠语音，内容或说话人归属不确定,,,多人同时说话，按项目规则标为不确定
R8009_M8019,R8009_M8019_seg0143,388.050,389.880,N_SPK8023,他们就是更。,False,none,,,,speaker_stance,认为他们就是更,,,
R8009_M8019,R8009_M8019_seg0144,389.880,394.040,N_SPK8023,呃，更熟悉跟大家可以获取，我感觉这个翻译这个。,False,none,,,,speaker_stance,认为更熟悉跟可以获取，翻译,,,
R8009_M8019,R8009_M8019_seg0145,394.800,397.460,N_SPK8023,就暂时，定成这个到时候。,False,none,,,,speaker_stance,认为就暂时，定成到时候,,,
R8009_M8019,R8009_M8019_seg0146,397.460,398.750,N_SPK8023,小宋老师好吧。,False,none,,,,speaker_stance,认为小宋老师好吧,,,
R8009_M8019,R8009_M8019_seg0147,398.750,400.870,N_SPK8023,这边我去。,True,partial,,,,uncertainty,高重叠语音，内容或说话人归属不确定,,,多人同时说话，按项目规则标为不确定
R8009_M8019,R8009_M8019_seg0147,398.750,400.870,N_SPK8024,可是想一下。,True,partial,,,,uncertainty,高重叠语音，内容或说话人归属不确定,,,多人同时说话，按项目规则标为不确定
R8009_M8019,R8009_M8019_seg0148,400.870,402.480,N_SPK8024,要是在社会的话。,False,none,,,,speaker_stance,认为要是在社会,,,
R8009_M8019,R8009_M8019_seg0149,402.480,403.600,N_SPK8024,社会。,False,none,,,,speaker_stance,认为社会,,,
R8009_M8019,R8009_M8019_seg0150,403.600,405.230,N_SPK8024,会不会更好一些？,False,none,,,,open_question,待确认会不会更好一些？,,,
R8009_M8019,R8009_M8019_seg0151,406.740,408.650,N_SPK8024,社会的优点在于。,False,none,,,,speaker_stance,认为社会的优点在于,,,
R8009_M8019,R8009_M8019_seg0152,410.400,412.580,N_SPK8023,但是社会有个问题在里面。,True,partial,,,,uncertainty,高重叠语音，内容或说话人归属不确定,,,多人同时说话，按项目规则标为不确定
R8009_M8019,R8009_M8019_seg0152,410.400,412.580,N_SPK8024,我们可以在。,True,partial,,,,uncertainty,高重叠语音，内容或说话人归属不确定,,,多人同时说话，按项目规则标为不确定
R8009_M8019,R8009_M8019_seg0153,412.580,416.390,N_SPK8023,呃，社会就是具体的位置哈，还有一个地点哈。,False,none,,,,speaker_stance,认为社会就是具体的位置哈，还有一个地点哈,,,
R8009_M8019,R8009_M8019_seg0154,416.390,422.440,N_SPK8023,我感觉就是说。,True,partial,,,,uncertainty,高重叠语音，内容或说话人归属不确定,,,多人同时说话，按项目规则标为不确定
R8009_M8019,R8009_M8019_seg0154,416.390,422.440,N_SPK8024,位置不就，社会的一个。,True,partial,,,,uncertainty,高重叠语音，内容或说话人归属不确定,,,多人同时说话，按项目规则标为不确定
R8009_M8019,R8009_M8019_seg0154,416.390,422.440,N_SPK8023,不怎么好安排，怎么。,True,partial,,,,uncertainty,高重叠语音，内容或说话人归属不确定,,,多人同时说话，按项目规则标为不确定
R8009_M8019,R8009_M8019_seg0154,416.390,422.440,N_SPK8024,一个。,True,partial,,,,uncertainty,高重叠语音，内容或说话人归属不确定,,,多人同时说话，按项目规则标为不确定
R8009_M8019,R8009_M8019_seg0155,422.440,423.910,N_SPK8024,缺点就是。,False,none,,,,speaker_stance,认为缺点就是,,,
R8009_M8019,R8009_M8019_seg0156,423.910,425.060,N_SPK8024,位置不好安排。,False,none,,,,action_item,跟进位置不好安排,uncertain,,
R8009_M8019,R8009_M8019_seg0157,425.610,426.230,N_SPK8023,对。,False,none,,,,speaker_stance,认为对,,,
R8009_M8019,R8009_M8019_seg0158,426.230,428.290,N_SPK8023,因为毕竟就是说。,False,none,,,,speaker_stance,认为因为毕竟,,,
R8009_M8019,R8009_M8019_seg0159,428.290,431.350,N_SPK8023,呃，大家其实生活在学校知道吧。,False,none,,,,speaker_stance,认为生活在学校知道吧,,,
R8009_M8019,R8009_M8019_seg0160,431.350,437.360,N_SPK8023,因为在学校，我感觉更贴近他们的生活，还有一个，就是相对来说更好安排。,False,none,,,,action_item,跟进因为在学校，更贴近他们的生活，还有一个，就是相对来说更好安排,uncertain,,
R8009_M8019,R8009_M8019_seg0161,438.710,439.580,N_SPK8023,在这里。,False,none,,,,speaker_stance,认为在这里,,,
R8009_M8019,R8009_M8019_seg0162,439.580,441.830,N_SPK8023,啊社会啊，不是不可以。,False,none,,,,disagreement,存在分歧社会，不是不可以,,,
R8009_M8019,R8009_M8019_seg0163,441.830,443.850,N_SPK8023,但是相对于来说哈。,False,none,,,,speaker_stance,认为但是相对于来说哈,,,
R8009_M8019,R8009_M8019_seg0164,443.850,445.850,N_SPK8023,就是学校。,False,none,,,,speaker_stance,认为就是学校,,,
R8009_M8019,R8009_M8019_seg0165,446.280,447.920,N_SPK8023,你要更好一些。,False,none,,,,speaker_stance,认为你要更好一些,,,
R8009_M8019,R8009_M8019_seg0166,447.920,449.750,N_SPK8023,毕竟我们就是说。,False,none,,,,speaker_stance,认为毕竟,,,
R8009_M8019,R8009_M8019_seg0167,450.150,452.810,N_SPK8023,呃，对于这个留学生的交流会。,False,none,,,,speaker_stance,认为对于留学生的交流会,,,
R8009_M8019,R8009_M8019_seg0168,452.810,453.670,N_SPK8023,来说。,False,none,,,,speaker_stance,认为来说,,,
R8009_M8019,R8009_M8019_seg0169,453.670,460.290,N_SPK8023,要更好，因为毕竟是。,True,full,,,,uncertainty,高重叠语音，内容或说话人归属不确定,,,多人同时说话，按项目规则标为不确定
R8009_M8019,R8009_M8019_seg0169,453.670,460.290,N_SPK8024,对。,True,full,,,,uncertainty,高重叠语音，内容或说话人归属不确定,,,多人同时说话，按项目规则标为不确定
R8009_M8019,R8009_M8019_seg0169,453.670,460.290,N_SPK8024,就学校就学校，我觉得学校也好。,True,full,,,,uncertainty,高重叠语音，内容或说话人归属不确定,,,多人同时说话，按项目规则标为不确定
R8009_M8019,R8009_M8019_seg0169,453.670,460.290,N_SPK8023,嗯，好吧。,True,full,,,,uncertainty,高重叠语音，内容或说话人归属不确定,,,多人同时说话，按项目规则标为不确定
R8009_M8019,R8009_M8019_seg0169,453.670,460.290,N_SPK8023,然后学校哦行行行，这边就是说。,True,full,,,,uncertainty,高重叠语音，内容或说话人归属不确定,,,多人同时说话，按项目规则标为不确定
R8009_M8019,R8009_M8019_seg0169,453.670,460.290,N_SPK8024,学校也好宣传一些。,True,full,,,,uncertainty,高重叠语音，内容或说话人归属不确定,,,多人同时说话，按项目规则标为不确定
R8009_M8019,R8009_M8019_seg0170,460.290,465.750,N_SPK8023,地点我们就定在学校，我就感觉更更好一些。,True,partial,,,,uncertainty,高重叠语音，内容或说话人归属不确定,,,多人同时说话，按项目规则标为不确定
R8009_M8019,R8009_M8019_seg0170,460.290,465.750,N_SPK8024,嗯。,True,partial,,,,uncertainty,高重叠语音，内容或说话人归属不确定,,,多人同时说话，按项目规则标为不确定
R8009_M8019,R8009_M8019_seg0170,460.290,465.750,N_SPK8024,对，学校，学校也好宣传一些。,True,partial,,,,uncertainty,高重叠语音，内容或说话人归属不确定,,,多人同时说话，按项目规则标为不确定
R8009_M8019,R8009_M8019_seg0170,460.290,465.750,N_SPK8023,就是。,True,partial,,,,uncertainty,高重叠语音，内容或说话人归属不确定,,,多人同时说话，按项目规则标为不确定
R8009_M8019,R8009_M8019_seg0171,465.750,466.260,N_SPK8024,你想。,False,none,,,,speaker_stance,认为你想,,,
R8009_M8019,R8009_M8019_seg0172,466.740,468.110,N_SPK8024,在社会的话。,False,none,,,,speaker_stance,认为在社会,,,
R8009_M8019,R8009_M8019_seg0173,468.810,470.930,N_SPK8024,那些外面，在学校我们可以。,False,none,,,,speaker_stance,认为那些外面，在学校可以,,,
R8009_M8019,R8009_M8019_seg0174,471.900,473.750,N_SPK8024,让那些学生。,False,none,,,,speaker_stance,认为让那些学生,,,
R8009_M8019,R8009_M8019_seg0175,473.750,475.660,N_SPK8024,比如说我们学校不是有学生会吗？,False,none,,,,open_question,待确认比如说学校不是有学生会吗？,,,
R8009_M8019,R8009_M8019_seg0176,475.660,477.430,N_SPK8024,就让那些学生会的人。,False,none,,,,speaker_stance,认为就让那些学生会的人,,,
R8009_M8019,R8009_M8019_seg0177,477.430,478.400,N_SPK8024,来。,False,none,,,,speaker_stance,认为来,,,
R8009_M8019,R8009_M8019_seg0178,478.740,488.770,N_SPK8024,去各个班级可去宣传。,True,partial,,,,uncertainty,高重叠语音，内容或说话人归属不确定,,,多人同时说话，按项目规则标为不确定
R8009_M8019,R8009_M8019_seg0178,478.740,488.770,N_SPK8023,因为在学校，首先留学生交流会哈，除了这个会然后还有其他就是学校还是学习，其他的学生都能够及时。,True,partial,,,,uncertainty,高重叠语音，内容或说话人归属不确定,,,多人同时说话，按项目规则标为不确定
R8009_M8019,R8009_M8019_seg0178,478.740,488.770,N_SPK8024,这样，或者是。,True,partial,,,,uncertainty,高重叠语音，内容或说话人归属不确定,,,多人同时说话，按项目规则标为不确定
R8009_M8019,R8009_M8019_seg0179,488.770,490.870,N_SPK8023,感受到好，我们就是说。,False,none,,,,speaker_stance,认为感受到好,,,
R8009_M8019,R8009_M8019_seg0180,490.870,492.070,N_SPK8023,比较重视。,False,none,,,,speaker_stance,认为比较重视,,,
R8009_M8019,R8009_M8019_seg0181,492.070,493.610,N_SPK8023,啊，这个交流会。,False,none,,,,speaker_stance,认为交流会,,,
R8009_M8019,R8009_M8019_seg0182,493.610,495.770,N_SPK8023,然后你说世界各地的学生哈。,False,none,,,,speaker_stance,认为你说世界各地的学生哈,,,
R8009_M8019,R8009_M8019_seg0183,495.770,498.590,N_SPK8023,就是也体会到一种家的感觉对吧？,True,partial,,,,uncertainty,高重叠语音，内容或说话人归属不确定,,,多人同时说话，按项目规则标为不确定
R8009_M8019,R8009_M8019_seg0183,495.770,498.590,N_SPK8024,正好。,True,partial,,,,uncertainty,高重叠语音，内容或说话人归属不确定,,,多人同时说话，按项目规则标为不确定
R8009_M8019,R8009_M8019_seg0184,499.410,499.970,N_SPK8024,这样。,False,none,,,,speaker_stance,认为这样,,,
R8009_M8019,R8009_M8019_seg0185,500.520,503.240,N_SPK8024,到时候，我们不是说中秋晚会。,False,none,,,,disagreement,存在分歧到时候，不是说中秋晚会,,,
R8009_M8019,R8009_M8019_seg0186,503.580,505.460,N_SPK8024,就是和交流会一起嘛。,False,none,,,,speaker_stance,认为就是和交流会一起嘛,,,
R8009_M8019,R8009_M8019_seg0187,505.460,507.700,N_SPK8024,正好我们可以中秋晚会跟。,False,none,,,,speaker_stance,认为正好可以中秋晚会跟,,,
R8009_M8019,R8009_M8019_seg0188,507.700,508.940,N_SPK8024,我们是不是可以。,False,none,,,,disagreement,存在分歧是不是可以,,,
R8009_M8019,R8009_M8019_seg0189,508.940,511.610,N_SPK8024,中秋晚会跟交流会都放在一起。,False,none,,,,speaker_stance,认为中秋晚会跟交流会都放在一起,,,
R8009_M8019,R8009_M8019_seg0190,512.910,516.840,N_SPK8023,呃，中秋晚会跟交流会。,True,partial,,,,uncertainty,高重叠语音，内容或说话人归属不确定,,,多人同时说话，按项目规则标为不确定
R8009_M8019,R8009_M8019_seg0190,512.910,516.840,N_SPK8024,那那些外国。,True,partial,,,,uncertainty,高重叠语音，内容或说话人归属不确定,,,多人同时说话，按项目规则标为不确定
R8009_M8019,R8009_M8019_seg0191,516.840,520.710,N_SPK8024,我们不是中中秋晚会不是有活动吗，不是有表演？,True,full,,,,uncertainty,高重叠语音，内容或说话人归属不确定,,,多人同时说话，按项目规则标为不确定
R8009_M8019,R8009_M8019_seg0191,516.840,520.710,N_SPK8023,外国友人，对。,True,full,,,,uncertainty,高重叠语音，内容或说话人归属不确定,,,多人同时说话，按项目规则标为不确定
R8009_M8019,R8009_M8019_seg0191,516.840,520.710,N_SPK8023,有活动。,True,full,,,,uncertainty,高重叠语音，内容或说话人归属不确定,,,多人同时说话，按项目规则标为不确定
R8009_M8019,R8009_M8019_seg0192,520.710,521.650,N_SPK8024,让那些。,False,none,,,,speaker_stance,认为让那些,,,
R8009_M8019,R8009_M8019_seg0193,521.650,522.710,N_SPK8024,外国。,False,none,,,,speaker_stance,认为外国,,,
R8009_M8019,R8009_M8019_seg0194,523.080,525.980,N_SPK8024,那些外国留学生，他们也可以看到我们的表演。,False,none,,,,speaker_stance,认为那些外国留学生，他们也可以看到的表演,,,
R8009_M8019,R8009_M8019_seg0195,526.500,528.380,N_SPK8024,让他们体会到一种这种。,False,none,,,,speaker_stance,认为让他们体会到一种这种,,,
R8009_M8019,R8009_M8019_seg0196,528.900,529.580,N_SPK8024,气氛。,False,none,,,,speaker_stance,认为气氛,,,
R8009_M8019,R8009_M8019_seg0197,530.040,531.590,N_SPK8023,呃，这个是可以的。,True,full,,,,uncertainty,高重叠语音，内容或说话人归属不确定,,,多人同时说话，按项目规则标为不确定
R8009_M8019,R8009_M8019_seg0197,530.040,531.590,N_SPK8024,身临其境的气氛。,True,full,,,,uncertainty,高重叠语音，内容或说话人归属不确定,,,多人同时说话，按项目规则标为不确定
R8009_M8019,R8009_M8019_seg0198,531.590,537.770,N_SPK8023,然后还有一个，就是说这个交流会到时候有些活动哈，活动就是说能够体现我们中国。,False,none,,,,speaker_stance,认为还有一个，交流会到时候有些活动哈，活动能够体现中国,,,
R8009_M8019,R8009_M8019_seg0199,537.770,538.430,N_SPK8023,特色。,False,none,,,,speaker_stance,认为特色,,,
R8009_M8019,R8009_M8019_seg0200,538.770,542.180,N_SPK8023,然后就是说也让他们哈，更能够。,False,none,,,,speaker_stance,认为也让他们哈，更能够,,,
R8009_M8019,R8009_M8019_seg0201,542.550,544.400,N_SPK8023,就是说对这个活动。,False,none,,,,speaker_stance,认为对活动,,,
R8009_M8019,R8009_M8019_seg0202,544.400,545.570,N_SPK8023,得有新鲜感。,False,none,,,,speaker_stance,认为得有新鲜感,,,
R8009_M8019,R8009_M8019_seg0203,546.230,547.040,N_SPK8023,嗯。,False,none,,,,speaker_stance,认为嗯,,,
R8009_M8019,R8009_M8019_seg0204,547.040,548.210,N_SPK8023,能够就是说。,False,none,,,,speaker_stance,认为能够,,,
R8009_M8019,R8009_M8019_seg0205,548.700,549.790,N_SPK8023,就让他们。,False,none,,,,speaker_stance,认为就让他们,,,
R8009_M8019,R8009_M8019_seg0206,549.790,553.130,N_SPK8023,就是主动来参加这个活动，有哪些活动你？,False,none,,,,open_question,待确认就是主动来参加活动，有哪些活动你？,,,
R8009_M8019,R8009_M8019_seg0207,553.130,554.510,N_SPK8023,就是说有没有，其实。,False,none,,,,speaker_stance,认为有没有,,,
R8009_M8019,R8009_M8019_seg0208,554.510,556.610,N_SPK8023,这些活动的想法，我的安排啊。,False,none,,,,action_item,跟进这些活动的想法，我的安排,uncertain,,
R8009_M8019,R8009_M8019_seg0209,558.060,559.070,N_SPK8024,活动。,False,none,,,,speaker_stance,认为活动,,,
R8009_M8019,R8009_M8019_seg0210,559.380,560.210,N_SPK8024,安排。,False,none,,,,action_item,跟进该片段内容,uncertain,,
R8009_M8019,R8009_M8019_seg0211,560.880,562.250,N_SPK8024,我说的就是。,False,none,,,,speaker_stance,认为我说的就是,,,
R8009_M8019,R8009_M8019_seg0212,562.860,566.120,N_SPK8024,先让他们那些留学生来一个自我介绍。,False,none,,,,speaker_stance,认为先让他们那些留学生来一个自我介绍,,,
R8009_M8019,R8009_M8019_seg0213,566.820,568.470,N_SPK8024,他们介绍一下。,False,none,,,,speaker_stance,认为他们介绍,,,
R8009_M8019,R8009_M8019_seg0214,568.470,570.770,N_SPK8024,他们国家有哪些。,False,none,,,,speaker_stance,认为他们国家有哪些,,,
R8009_M8019,R8009_M8019_seg0215,571.460,574.420,N_SPK8023,呃，这个是不错。,True,full,,,,uncertainty,高重叠语音，内容或说话人归属不确定,,,多人同时说话，按项目规则标为不确定
R8009_M8019,R8009_M8019_seg0215,571.460,574.420,N_SPK8024,好的。,True,full,,,,uncertainty,高重叠语音，内容或说话人归属不确定,,,多人同时说话，按项目规则标为不确定
R8009_M8019,R8009_M8019_seg0215,571.460,574.420,N_SPK8024,有哪些好的东西。,True,full,,,,uncertainty,高重叠语音，内容或说话人归属不确定,,,多人同时说话，按项目规则标为不确定
R8009_M8019,R8009_M8019_seg0215,571.460,574.420,N_SPK8023,你这个想法不错。,True,full,,,,uncertainty,高重叠语音，内容或说话人归属不确定,,,多人同时说话，按项目规则标为不确定
R8009_M8019,R8009_M8019_seg0216,574.420,591.140,N_SPK8023,因为首先就是说。,True,full,,,,uncertainty,高重叠语音，内容或说话人归属不确定,,,多人同时说话，按项目规则标为不确定
R8009_M8019,R8009_M8019_seg0216,574.420,591.140,N_SPK8024,呃。,True,full,,,,uncertainty,高重叠语音，内容或说话人归属不确定,,,多人同时说话，按项目规则标为不确定
R8009_M8019,R8009_M8019_seg0216,574.420,591.140,N_SPK8024,不光让那些。,True,full,,,,uncertainty,高重叠语音，内容或说话人归属不确定,,,多人同时说话，按项目规则标为不确定
R8009_M8019,R8009_M8019_seg0216,574.420,591.140,N_SPK8023,对对对。,True,full,,,,uncertainty,高重叠语音，内容或说话人归属不确定,,,多人同时说话，按项目规则标为不确定
R8009_M8019,R8009_M8019_seg0216,574.420,591.140,N_SPK8024,不光让那些外国人了解我们。,True,full,,,,uncertainty,高重叠语音，内容或说话人归属不确定,,,多人同时说话，按项目规则标为不确定
R8009_M8019,R8009_M8019_seg0216,574.420,591.140,N_SPK8023,了解我们中国，然后我们也就是了解每个国家的学生。,True,full,,,,uncertainty,高重叠语音，内容或说话人归属不确定,,,多人同时说话，按项目规则标为不确定
R8009_M8019,R8009_M8019_seg0216,574.420,591.140,N_SPK8024,的。,True,full,,,,uncertainty,高重叠语音，内容或说话人归属不确定,,,多人同时说话，按项目规则标为不确定
R8009_M8019,R8009_M8019_seg0216,574.420,591.140,N_SPK8024,了解我们中国学生，我们中国学生也可以去了解那些外国学生，那外国人。,True,full,,,,uncertainty,高重叠语音，内容或说话人归属不确定,,,多人同时说话，按项目规则标为不确定
R8009_M8019,R8009_M8019_seg0216,574.420,591.140,N_SPK8023,他们的一些文化。,True,full,,,,uncertainty,高重叠语音，内容或说话人归属不确定,,,多人同时说话，按项目规则标为不确定
R8009_M8019,R8009_M8019_seg0216,574.420,591.140,N_SPK8024,那。,True,full,,,,uncertainty,高重叠语音，内容或说话人归属不确定,,,多人同时说话，按项目规则标为不确定
R8009_M8019,R8009_M8019_seg0216,574.420,591.140,N_SPK8023,对吧，他们的艺术。,True,full,,,,uncertainty,高重叠语音，内容或说话人归属不确定,,,多人同时说话，按项目规则标为不确定
R8009_M8019,R8009_M8019_seg0216,574.420,591.140,N_SPK8024,然后我们这些中国学生，我们这些中国学生也可以。,True,full,,,,uncertainty,高重叠语音，内容或说话人归属不确定,,,多人同时说话，按项目规则标为不确定
R8009_M8019,R8009_M8019_seg0216,574.420,591.140,N_SPK8023,嗯，不错不错。,True,full,,,,uncertainty,高重叠语音，内容或说话人归属不确定,,,多人同时说话，按项目规则标为不确定
R8009_M8019,R8009_M8019_seg0216,574.420,591.140,N_SPK8024,很好了解到那些外国留学生的。,True,full,,,,uncertainty,高重叠语音，内容或说话人归属不确定,,,多人同时说话，按项目规则标为不确定
R8009_M8019,R8009_M8019_seg0216,574.420,591.140,N_SPK8023,这个事，挺好的。,True,full,,,,uncertainty,高重叠语音，内容或说话人归属不确定,,,多人同时说话，按项目规则标为不确定
R8009_M8019,R8009_M8019_seg0217,591.140,593.360,N_SPK8024,一些。,True,full,,,,uncertainty,高重叠语音，内容或说话人归属不确定,,,多人同时说话，按项目规则标为不确定
R8009_M8019,R8009_M8019_seg0217,591.140,593.360,N_SPK8023,这个。,True,full,,,,uncertainty,高重叠语音，内容或说话人归属不确定,,,多人同时说话，按项目规则标为不确定
R8009_M8019,R8009_M8019_seg0217,591.140,593.360,N_SPK8023,互相了解。,True,full,,,,uncertainty,高重叠语音，内容或说话人归属不确定,,,多人同时说话，按项目规则标为不确定
R8009_M8019,R8009_M8019_seg0217,591.140,593.360,N_SPK8024,想法。,True,full,,,,uncertainty,高重叠语音，内容或说话人归属不确定,,,多人同时说话，按项目规则标为不确定
R8009_M8019,R8009_M8019_seg0218,593.360,595.100,N_SPK8023,给他就是说。,False,none,,,,speaker_stance,认为给他,,,
R8009_M8019,R8009_M8019_seg0219,595.100,596.000,N_SPK8023,彼此。,False,none,,,,speaker_stance,认为彼此,,,
R8009_M8019,R8009_M8019_seg0220,596.000,596.940,N_SPK8023,都要。,False,none,,,,speaker_stance,认为都要,,,
R8009_M8019,R8009_M8019_seg0221,596.940,597.700,N_SPK8023,国家。,False,none,,,,speaker_stance,认为国家,,,
R8009_M8019,R8009_M8019_seg0222,597.700,598.720,N_SPK8023,的文化。,False,none,,,,speaker_stance,认为的文化,,,
R8009_M8019,R8009_M8019_seg0223,598.720,599.620,N_SPK8023,学习。,False,none,,,,speaker_stance,认为学习,,,
R8009_M8019,R8009_M8019_seg0224,599.620,602.420,N_SPK8023,是可以的，这个是很好的。,False,none,,,,speaker_stance,认为是可以的，是很好的,,,
R8009_M8019,R8009_M8019_seg0225,603.720,605.720,N_SPK8024,我觉得，到时候还可以。,False,none,,,,speaker_stance,认为到时候还可以,,,
R8009_M8019,R8009_M8019_seg0226,607.260,609.980,N_SPK8024,让那些，不是中秋节嘛？,False,none,,,,open_question,待确认让那些，不是中秋节嘛？,,,
R8009_M8019,R8009_M8019_seg0227,610.470,611.420,N_SPK8024,中秋晚会。,False,none,,,,speaker_stance,认为中秋晚会,,,
R8009_M8019,R8009_M8019_seg0228,611.660,612.750,N_SPK8024,我们可以用去看。,False,none,,,,speaker_stance,认为可以用去看,,,
R8009_M8019,R8009_M8019_seg0229,612.750,613.610,N_SPK8024,让学校。,False,none,,,,speaker_stance,认为让学校,,,
R8009_M8019,R8009_M8019_seg0230,614.070,616.100,N_SPK8024,出钱，就是出点经费。,False,none,,,,speaker_stance,认为出钱，就是出点经费,,,
R8009_M8019,R8009_M8019_seg0231,616.410,618.650,N_SPK8024,我们去买。,True,partial,,,,uncertainty,高重叠语音，内容或说话人归属不确定,,,多人同时说话，按项目规则标为不确定
R8009_M8019,R8009_M8019_seg0231,616.410,618.650,N_SPK8023,这边。,True,partial,,,,uncertainty,高重叠语音，内容或说话人归属不确定,,,多人同时说话，按项目规则标为不确定
R8009_M8019,R8009_M8019_seg0231,616.410,618.650,N_SPK8024,买月饼。,True,partial,,,,uncertainty,高重叠语音，内容或说话人归属不确定,,,多人同时说话，按项目规则标为不确定
R8009_M8019,R8009_M8019_seg0232,618.650,627.110,N_SPK8024,月饼。,True,full,,,,uncertainty,高重叠语音，内容或说话人归属不确定,,,多人同时说话，按项目规则标为不确定
R8009_M8019,R8009_M8019_seg0232,618.650,627.110,N_SPK8023,嗯，这边那个。,True,full,,,,uncertainty,高重叠语音，内容或说话人归属不确定,,,多人同时说话，按项目规则标为不确定
R8009_M8019,R8009_M8019_seg0232,618.650,627.110,N_SPK8024,给每个人都发一个月饼。,True,full,,,,uncertainty,高重叠语音，内容或说话人归属不确定,,,多人同时说话，按项目规则标为不确定
R8009_M8019,R8009_M8019_seg0232,618.650,627.110,N_SPK8023,就是。,True,full,,,,uncertainty,高重叠语音，内容或说话人归属不确定,,,多人同时说话，按项目规则标为不确定
R8009_M8019,R8009_M8019_seg0232,618.650,627.110,N_SPK8023,呃，月饼就是说经费的问题，这边是可能没问题的，这边我就是说会。,True,full,,,,uncertainty,高重叠语音，内容或说话人归属不确定,,,多人同时说话，按项目规则标为不确定
R8009_M8019,R8009_M8019_seg0232,618.650,627.110,N_SPK8024,中秋节要吃月饼嘛。,True,full,,,,uncertainty,高重叠语音，内容或说话人归属不确定,,,多人同时说话，按项目规则标为不确定
R8009_M8019,R8009_M8019_seg0232,618.650,627.110,N_SPK8024,这是习俗。,True,full,,,,uncertainty,高重叠语音，内容或说话人归属不确定,,,多人同时说话，按项目规则标为不确定
R8009_M8019,R8009_M8019_seg0233,627.480,631.030,N_SPK8023,就是包括经费这方面，还有一个月饼的问。,False,none,,,,speaker_stance,认为就是包括经费这方面，还有一个月饼的问,,,
R8009_M8019,R8009_M8019_seg0234,631.030,632.780,N_SPK8023,题这边会，给你们。,False,none,,,,speaker_stance,认为题这边会，给你们,,,
R8009_M8019,R8009_M8019_seg0235,633.270,635.880,N_SPK8023,呃，配合好，然后就是说。,False,none,,,,speaker_stance,认为配合好,,,
R8009_M8019,R8009_M8019_seg0236,635.880,638.660,N_SPK8023,让你们这次就是，留学生交流会哈。,False,none,,,,speaker_stance,认为让你们这次就是，留学生交流会哈,,,
R8009_M8019,R8009_M8019_seg0237,639.090,642.280,N_SPK8023,呃，做的更圆满，就是需要我们配合的。,False,none,,,,speaker_stance,认为做的更圆满，就是需要配合的,,,
R8009_M8019,R8009_M8019_seg0238,642.280,643.790,N_SPK8023,呃，没问题的。,True,full,,,,uncertainty,高重叠语音，内容或说话人归属不确定,,,多人同时说话，按项目规则标为不确定
R8009_M8019,R8009_M8019_seg0238,642.280,643.790,N_SPK8024,刚好。,True,full,,,,uncertainty,高重叠语音，内容或说话人归属不确定,,,多人同时说话，按项目规则标为不确定
R8009_M8019,R8009_M8019_seg0238,642.280,643.790,N_SPK8024,也可以这样。,True,full,,,,uncertainty,高重叠语音，内容或说话人归属不确定,,,多人同时说话，按项目规则标为不确定
R8009_M8019,R8009_M8019_seg0239,644.280,646.380,N_SPK8024,为了更好的展现。,False,none,,,,speaker_stance,认为为了更好的展现,,,
R8009_M8019,R8009_M8019_seg0240,646.380,647.810,N_SPK8024,展示中国文化。,False,none,,,,speaker_stance,认为展示中国文化,,,
R8009_M8019,R8009_M8019_seg0241,648.300,652.130,N_SPK8024,我们可以让学习部的人举行一个活动，中秋节嘛！,False,none,,,,speaker_stance,认为可以让学习部的人举行一个活动，中秋节嘛！,,,
R8009_M8019,R8009_M8019_seg0242,652.530,656.210,N_SPK8024,古代中秋节是怎么过的嘛，就是赏月。,False,none,,,,speaker_stance,认为古代中秋节是怎么过的嘛，就是赏月,,,
R8009_M8019,R8009_M8019_seg0243,657.120,658.390,N_SPK8024,就是，对诗。,False,none,,,,speaker_stance,认为就是，对诗,,,
R8009_M8019,R8009_M8019_seg0244,658.390,660.660,N_SPK8024,我们可以让那些学习部，学习部的。,False,none,,,,speaker_stance,认为可以让那些学习部，学习部的,,,
R8009_M8019,R8009_M8019_seg0245,660.660,662.630,N_SPK8024,啊不是，看他们。,False,none,,,,disagreement,存在分歧不是，看他们,,,
R8009_M8019,R8009_M8019_seg0246,662.630,667.540,N_SPK8024,学生会的学习部表演一个节目，就是对诗。,True,partial,,,,uncertainty,高重叠语音，内容或说话人归属不确定,,,多人同时说话，按项目规则标为不确定
R8009_M8019,R8009_M8019_seg0246,662.630,667.540,N_SPK8023,小品可不可以。,True,partial,,,,uncertainty,高重叠语音，内容或说话人归属不确定,,,多人同时说话，按项目规则标为不确定
R8009_M8019,R8009_M8019_seg0247,667.540,673.470,N_SPK8023,唉，你说的这个问题。,True,partial,,,,uncertainty,高重叠语音，内容或说话人归属不确定,,,多人同时说话，按项目规则标为不确定
R8009_M8019,R8009_M8019_seg0247,667.540,673.470,N_SPK8024,不。,True,partial,,,,uncertainty,高重叠语音，内容或说话人归属不确定,,,多人同时说话，按项目规则标为不确定
R8009_M8019,R8009_M8019_seg0247,667.540,673.470,N_SPK8024,呃，对诗，就是让他们。,True,partial,,,,uncertainty,高重叠语音，内容或说话人归属不确定,,,多人同时说话，按项目规则标为不确定
R8009_M8019,R8009_M8019_seg0247,667.540,673.470,N_SPK8023,对哦哟哟，对诗就是那种场景对诗中秋。,True,partial,,,,uncertainty,高重叠语音，内容或说话人归属不确定,,,多人同时说话，按项目规则标为不确定
R8009_M8019,R8009_M8019_seg0248,673.470,676.550,N_SPK8023,是不是这种情况啊？,True,partial,,,,uncertainty,高重叠语音，内容或说话人归属不确定,,,多人同时说话，按项目规则标为不确定
R8009_M8019,R8009_M8019_seg0248,673.470,676.550,N_SPK8024,就是，刚好可以让那些。,True,partial,,,,uncertainty,高重叠语音，内容或说话人归属不确定,,,多人同时说话，按项目规则标为不确定
R8009_M8019,R8009_M8019_seg0249,677.130,678.050,N_SPK8024,外国人。,False,none,,,,speaker_stance,认为外国人,,,
R8009_M8019,R8009_M8019_seg0250,678.540,680.540,N_SPK8024,不光让他们了解到。,False,none,,,,speaker_stance,认为不光让他们了解到,,,
R8009_M8019,R8009_M8019_seg0251,681.000,685.710,N_SPK8024,我们现在的那些，邀活动。,True,full,,,,uncertainty,高重叠语音，内容或说话人归属不确定,,,多人同时说话，按项目规则标为不确定
R8009_M8019,R8009_M8019_seg0251,681.000,685.710,N_SPK8023,但是这个就是说最好喔。,True,full,,,,uncertainty,高重叠语音，内容或说话人归属不确定,,,多人同时说话，按项目规则标为不确定
R8009_M8019,R8009_M8019_seg0251,681.000,685.710,N_SPK8024,让他们更。,True,full,,,,uncertainty,高重叠语音，内容或说话人归属不确定,,,多人同时说话，按项目规则标为不确定
R8009_M8019,R8009_M8019_seg0251,681.000,685.710,N_SPK8023,让他们亲临，自己来。,True,full,,,,uncertainty,高重叠语音，内容或说话人归属不确定,,,多人同时说话，按项目规则标为不确定
R8009_M8019,R8009_M8019_seg0252,685.710,686.750,N_SPK8023,就是说。,False,none,,,,speaker_stance,认为就是说,,,
R8009_M8019,R8009_M8019_seg0253,687.390,690.290,N_SPK8023,表演，是不是这样的。,True,partial,,,,uncertainty,高重叠语音，内容或说话人归属不确定,,,多人同时说话，按项目规则标为不确定
R8009_M8019,R8009_M8019_seg0253,687.390,690.290,N_SPK8024,对，让他们。,True,partial,,,,uncertainty,高重叠语音，内容或说话人归属不确定,,,多人同时说话，按项目规则标为不确定
R8009_M8019,R8009_M8019_seg0254,690.290,696.560,N_SPK8024,最好的话，我想的是让那些他们。,True,full,,,,uncertainty,高重叠语音，内容或说话人归属不确定,,,多人同时说话，按项目规则标为不确定
R8009_M8019,R8009_M8019_seg0254,690.290,696.560,N_SPK8023,更能，更能体现我们，他自己。,True,full,,,,uncertainty,高重叠语音，内容或说话人归属不确定,,,多人同时说话，按项目规则标为不确定
R8009_M8019,R8009_M8019_seg0254,690.290,696.560,N_SPK8024,穿，让他们穿。,True,full,,,,uncertainty,高重叠语音，内容或说话人归属不确定,,,多人同时说话，按项目规则标为不确定
R8009_M8019,R8009_M8019_seg0254,690.290,696.560,N_SPK8023,身临其境的感觉。,True,full,,,,uncertainty,高重叠语音，内容或说话人归属不确定,,,多人同时说话，按项目规则标为不确定
R8009_M8019,R8009_M8019_seg0254,690.290,696.560,N_SPK8024,对。,True,full,,,,uncertainty,高重叠语音，内容或说话人归属不确定,,,多人同时说话，按项目规则标为不确定
R8009_M8019,R8009_M8019_seg0254,690.290,696.560,N_SPK8024,让他们穿汉服。,True,full,,,,uncertainty,高重叠语音，内容或说话人归属不确定,,,多人同时说话，按项目规则标为不确定
R8009_M8019,R8009_M8019_seg0255,697.080,700.730,N_SPK8024,那个表演这个活动，让他们让刚好让那些外国人。,False,none,,,,speaker_stance,认为表演活动，让他们让刚好让那些外国人,,,
R8009_M8019,R8009_M8019_seg0256,701.400,702.440,N_SPK8024,了解到。,False,none,,,,speaker_stance,认为了解到,,,
R8009_M8019,R8009_M8019_seg0257,703.290,704.750,N_SPK8024,我们中国这些。,False,none,,,,speaker_stance,认为中国这些,,,
R8009_M8019,R8009_M8019_seg0258,705.390,709.940,N_SPK8024,习俗嘛，像他们有一种身临其境，让他们感觉在古代一样。,False,none,,,,speaker_stance,认为习俗嘛，像他们有一种身临其境，让他们感觉在古代一样,,,
R8009_M8019,R8009_M8019_seg0259,709.980,716.150,N_SPK8023,唉可以，还有一个就是说关于这边就是说之前你说的一个经费，这个是我们。,True,partial,,,,uncertainty,高重叠语音，内容或说话人归属不确定,,,多人同时说话，按项目规则标为不确定
R8009_M8019,R8009_M8019_seg0259,709.980,716.150,N_SPK8024,正好可以给他，可以给他们这种感觉。,True,partial,,,,uncertainty,高重叠语音，内容或说话人归属不确定,,,多人同时说话，按项目规则标为不确定
R8009_M8019,R8009_M8019_seg0260,716.150,728.600,N_SPK8023,这边会安排还有个月饼还有一个衣服，这方面就是说，到时候你就要。,True,partial,,,,uncertainty,高重叠语音，内容或说话人归属不确定,,,多人同时说话，按项目规则标为不确定
R8009_M8019,R8009_M8019_seg0260,716.150,728.600,N_SPK8024,也是，也也也需要经费，我们去。,True,partial,,,,uncertainty,高重叠语音，内容或说话人归属不确定,,,多人同时说话，按项目规则标为不确定
R8009_M8019,R8009_M8019_seg0260,716.150,728.600,N_SPK8023,就要费心对对对看怎么样，就是说去租去租还是借和方便这边就是说服装哈。,True,partial,,,,uncertainty,高重叠语音，内容或说话人归属不确定,,,多人同时说话，按项目规则标为不确定
R8009_M8019,R8009_M8019_seg0260,716.150,728.600,N_SPK8024,我们可以去租。,True,partial,,,,uncertainty,高重叠语音，内容或说话人归属不确定,,,多人同时说话，按项目规则标为不确定
R8009_M8019,R8009_M8019_seg0260,716.150,728.600,N_SPK8024,呃。,True,partial,,,,uncertainty,高重叠语音，内容或说话人归属不确定,,,多人同时说话，按项目规则标为不确定
R8009_M8019,R8009_M8019_seg0261,728.970,731.580,N_SPK8023,的数量或者怎么样，这个就要你。,False,none,,,,speaker_stance,认为的数量或者怎么样，就要你,,,
R8009_M8019,R8009_M8019_seg0262,731.580,733.090,N_SPK8023,多费心继续。,False,none,,,,speaker_stance,认为多费心继续,,,
R8009_M8019,R8009_M8019_seg0263,733.090,734.470,N_SPK8023,筹划一下。,False,none,,,,speaker_stance,认为筹划,,,
R8009_M8019,R8009_M8019_seg0264,734.470,735.650,N_SPK8023,这相关的。,False,none,,,,speaker_stance,认为这相关的,,,
R8009_M8019,R8009_M8019_seg0265,736.740,737.890,N_SPK8024,刚好还有。,False,none,,,,speaker_stance,认为刚好还有,,,
R8009_M8019,R8009_M8019_seg0266,737.890,740.840,N_SPK8024,像中秋晚会，还可以来个诗朗诵。,False,none,,,,speaker_stance,认为像中秋晚会，还可以来个诗朗诵,,,
R8009_M8019,R8009_M8019_seg0267,742.020,742.970,N_SPK8024,诗朗诵。,False,none,,,,speaker_stance,认为诗朗诵,,,
R8009_M8019,R8009_M8019_seg0268,742.970,743.720,N_SPK8024,就像。,False,none,,,,speaker_stance,认为就像,,,
R8009_M8019,R8009_M8019_seg0269,744.330,745.430,N_SPK8024,苏轼的。,False,none,,,,speaker_stance,认为苏轼的,,,
R8009_M8019,R8009_M8019_seg0270,745.800,747.770,N_SPK8024,那个，苏轼的那首诗。,False,none,,,,speaker_stance,认为苏轼的那首诗,,,
R8009_M8019,R8009_M8019_seg0271,749.370,750.650,N_SPK8023,还有就是。,True,full,,,,uncertainty,高重叠语音，内容或说话人归属不确定,,,多人同时说话，按项目规则标为不确定
R8009_M8019,R8009_M8019_seg0271,749.370,750.650,N_SPK8024,水调歌头。,True,full,,,,uncertainty,高重叠语音，内容或说话人归属不确定,,,多人同时说话，按项目规则标为不确定
R8009_M8019,R8009_M8019_seg0272,751.110,752.180,N_SPK8024,作诗朗诵。,False,none,,,,speaker_stance,认为作诗朗诵,,,
R8009_M8019,R8009_M8019_seg0273,752.610,754.340,N_SPK8023,可以，诗朗诵也是。,True,partial,,,,uncertainty,高重叠语音，内容或说话人归属不确定,,,多人同时说话，按项目规则标为不确定
R8009_M8019,R8009_M8019_seg0273,752.610,754.340,N_SPK8024,可以。,True,partial,,,,uncertainty,高重叠语音，内容或说话人归属不确定,,,多人同时说话，按项目规则标为不确定
R8009_M8019,R8009_M8019_seg0274,755.310,760.080,N_SPK8023,包括就是说人员的安排，这边就是说人员大概，你觉得就是说。,False,none,,,,action_item,跟进包括人员的安排，这边人员大概，你觉得,uncertain,,
R8009_M8019,R8009_M8019_seg0275,760.080,765.250,N_SPK8023,尤其是交流会这边也需要多少人，就是布置啊方面的人员。,False,none,,,,speaker_stance,认为尤其是交流会这边也需要多少人，就是布置方面的人员,,,
R8009_M8019,R8009_M8019_seg0276,765.250,766.340,N_SPK8023,就是说。,False,none,,,,speaker_stance,认为就是说,,,
R8009_M8019,R8009_M8019_seg0277,767.160,771.530,N_SPK8023,大概。,True,partial,,,,uncertainty,高重叠语音，内容或说话人归属不确定,,,多人同时说话，按项目规则标为不确定
R8009_M8019,R8009_M8019_seg0277,767.160,771.530,N_SPK8024,布置的话，就是让学生会来布置这个学生会那么多人。,True,partial,,,,uncertainty,高重叠语音，内容或说话人归属不确定,,,多人同时说话，按项目规则标为不确定
R8009_M8019,R8009_M8019_seg0278,771.530,773.000,N_SPK8024,他们来布置。,False,none,,,,speaker_stance,认为他们来布置,,,
R8009_M8019,R8009_M8019_seg0279,773.730,775.550,N_SPK8024,交流会的话，我觉得。,False,none,,,,speaker_stance,认为交流会,,,
R8009_M8019,R8009_M8019_seg0280,777.690,779.390,N_SPK8024,让体育部。,False,none,,,,speaker_stance,认为让体育部,,,
R8009_M8019,R8009_M8019_seg0281,780.150,781.340,N_SPK8024,和组织部来布置。,False,none,,,,speaker_stance,认为和组织部来布置,,,
R8009_M8019,R8009_M8019_seg0282,781.770,782.360,N_SPK8024,刚好。,False,none,,,,speaker_stance,认为刚好,,,
R8009_M8019,R8009_M8019_seg0283,782.700,786.380,N_SPK8024,差不多让他们选四十多个人，四十多个人来布置现场。,False,none,,,,speaker_stance,认为差不多让他们选四十多个人，四十多个人来布置现场,,,
R8009_M8019,R8009_M8019_seg0284,786.540,789.840,N_SPK8023,这个应该是，可能没多大问题。,True,partial,,,,uncertainty,高重叠语音，内容或说话人归属不确定,,,多人同时说话，按项目规则标为不确定
R8009_M8019,R8009_M8019_seg0284,786.540,789.840,N_SPK8024,你觉得怎么样？,True,partial,,,,uncertainty,高重叠语音，内容或说话人归属不确定,,,多人同时说话，按项目规则标为不确定
R8009_M8019,R8009_M8019_seg0285,789.840,794.070,N_SPK8023,啊，到时候就是说这个张老师嘛，体育的张老师这边。,False,none,,,,speaker_stance,认为到时候张老师嘛，体育的张老师这边,,,
R8009_M8019,R8009_M8019_seg0286,794.070,797.090,N_SPK8023,我跟他说一下具体的情况，好不好。,False,none,,,,topic_transition,讨论我跟他说具体的情况，好不好,,,
R8009_M8019,R8009_M8019_seg0287,797.090,799.970,N_SPK8023,就是包括支持我们留学生交流会。,False,none,,,,speaker_stance,认为就是包括支持留学生交流会,,,
R8009_M8019,R8009_M8019_seg0288,799.970,802.490,N_SPK8023,也是一个很重大的一个会议，为啥。,False,none,,,,speaker_stance,认为也是一个很重大的一个会议，为啥,,,
R8009_M8019,R8009_M8019_seg0289,802.490,806.870,N_SPK8023,就是说世界各地的学生。,True,partial,,,,uncertainty,高重叠语音，内容或说话人归属不确定,,,多人同时说话，按项目规则标为不确定
R8009_M8019,R8009_M8019_seg0289,802.490,806.870,N_SPK8024,交流会，还有一点很重要。,True,partial,,,,uncertainty,高重叠语音，内容或说话人归属不确定,,,多人同时说话，按项目规则标为不确定
R8009_M8019,R8009_M8019_seg0289,802.490,806.870,N_SPK8023,对不对。,True,partial,,,,uncertainty,高重叠语音，内容或说话人归属不确定,,,多人同时说话，按项目规则标为不确定
R8009_M8019,R8009_M8019_seg0290,808.260,812.020,N_SPK8024,交流会的主持人，交既然交流会跟中秋节晚会。,False,none,,,,speaker_stance,认为交流会的主持人，交既然交流会跟中秋节晚会,,,
R8009_M8019,R8009_M8019_seg0291,812.020,813.230,N_SPK8024,中秋晚会一起过。,False,none,,,,speaker_stance,认为中秋晚会一起过,,,
R8009_M8019,R8009_M8019_seg0292,813.230,815.070,N_SPK8024,那交流会就不用选主持人了。,False,none,,,,speaker_stance,认为那交流会就不用选主持人了,,,
R8009_M8019,R8009_M8019_seg0293,815.070,816.560,N_SPK8024,就让中秋晚会的主持人。,False,none,,,,speaker_stance,认为就让中秋晚会的主持人,,,
R8009_M8019,R8009_M8019_seg0294,817.110,819.110,N_SPK8024,中秋晚会是广播部。,False,none,,,,speaker_stance,认为中秋晚会是广播部,,,
R8009_M8019,R8009_M8019_seg0295,819.540,821.240,N_SPK8024,广播部负责的，这些主持人。,False,none,,,,action_item,跟进广播部负责的，这些主持人,uncertain,,
R8009_M8019,R8009_M8019_seg0296,821.730,823.910,N_SPK8024,还是，原来那几个主持人。,False,none,,,,speaker_stance,认为还是，原来那几个主持人,,,
R8009_M8019,R8009_M8019_seg0297,823.910,825.210,N_SPK8024,我觉得就挺不错。,False,none,,,,speaker_stance,认为就挺不错,,,
R8009_M8019,R8009_M8019_seg0298,825.990,831.410,N_SPK8023,对对，因为就是去年也是他们因为组织的一个相当不错。,False,none,,,,speaker_stance,认为对对，因为就是去年也是他们因为组织的一个相当不错,,,
R8009_M8019,R8009_M8019_seg0299,831.410,833.650,N_SPK8023,因为加上这次，就不是。,False,none,,,,disagreement,存在分歧因为加上这次，就不是,,,
R8009_M8019,R8009_M8019_seg0300,833.650,834.620,N_SPK8023,单一的。,False,none,,,,speaker_stance,认为单一的,,,
R8009_M8019,R8009_M8019_seg0301,835.400,837.410,N_SPK8023,啊，中秋了，就是说。,False,none,,,,speaker_stance,认为中秋了,,,
R8009_M8019,R8009_M8019_seg0302,837.750,850.490,N_SPK8023,呃，加上留学生这个交流会应该是。,True,partial,,,,uncertainty,高重叠语音，内容或说话人归属不确定,,,多人同时说话，按项目规则标为不确定
R8009_M8019,R8009_M8019_seg0302,837.750,850.490,N_SPK8024,这次我们。,True,partial,,,,uncertainty,高重叠语音，内容或说话人归属不确定,,,多人同时说话，按项目规则标为不确定
R8009_M8019,R8009_M8019_seg0302,837.750,850.490,N_SPK8023,两个大会一起。,True,partial,,,,uncertainty,高重叠语音，内容或说话人归属不确定,,,多人同时说话，按项目规则标为不确定
R8009_M8019,R8009_M8019_seg0302,837.750,850.490,N_SPK8024,这次我们这个。,True,partial,,,,uncertainty,高重叠语音，内容或说话人归属不确定,,,多人同时说话，按项目规则标为不确定
R8009_M8019,R8009_M8019_seg0302,837.750,850.490,N_SPK8023,对两个大会一起的话，这个情况就我们就要做得更细心一点。,True,partial,,,,uncertainty,高重叠语音，内容或说话人归属不确定,,,多人同时说话，按项目规则标为不确定
R8009_M8019,R8009_M8019_seg0302,837.750,850.490,N_SPK8024,可以这么说。,True,partial,,,,uncertainty,高重叠语音，内容或说话人归属不确定,,,多人同时说话，按项目规则标为不确定
R8009_M8019,R8009_M8019_seg0302,837.750,850.490,N_SPK8024,可以这么说，中秋晚会是次要。,True,partial,,,,uncertainty,高重叠语音，内容或说话人归属不确定,,,多人同时说话，按项目规则标为不确定
R8009_M8019,R8009_M8019_seg0302,837.750,850.490,N_SPK8023,做得更好一点。,True,partial,,,,uncertainty,高重叠语音，内容或说话人归属不确定,,,多人同时说话，按项目规则标为不确定
R8009_M8019,R8009_M8019_seg0303,850.490,852.340,N_SPK8024,最主要的还是留学生交流会。,False,none,,,,speaker_stance,认为最主要的还是留学生交流会,,,
R8009_M8019,R8009_M8019_seg0304,852.340,853.670,N_SPK8024,就是要让那那些。,False,none,,,,speaker_stance,认为就是要让那那些,,,
R8009_M8019,R8009_M8019_seg0305,853.670,854.600,N_SPK8024,留学生。,False,none,,,,speaker_stance,认为留学生,,,
R8009_M8019,R8009_M8019_seg0306,855.090,869.250,N_SPK8024,外国人知道我们中国，中国人是什么样的，中国传统文化是什么样的。,True,full,,,,uncertainty,高重叠语音，内容或说话人归属不确定,,,多人同时说话，按项目规则标为不确定
R8009_M8019,R8009_M8019_seg0306,855.090,869.250,N_SPK8023,最主要。,True,full,,,,uncertainty,高重叠语音，内容或说话人归属不确定,,,多人同时说话，按项目规则标为不确定
R8009_M8019,R8009_M8019_seg0306,855.090,869.250,N_SPK8023,主题，我们的这个这次的达到的目的主题。,True,full,,,,uncertainty,高重叠语音，内容或说话人归属不确定,,,多人同时说话，按项目规则标为不确定
R8009_M8019,R8009_M8019_seg0306,855.090,869.250,N_SPK8024,要让他们知道我们这个中秋节的好，让他们知道我们中国传统文化的好。,True,full,,,,uncertainty,高重叠语音，内容或说话人归属不确定,,,多人同时说话，按项目规则标为不确定
R8009_M8019,R8009_M8019_seg0306,855.090,869.250,N_SPK8023,主。,True,full,,,,uncertainty,高重叠语音，内容或说话人归属不确定,,,多人同时说话，按项目规则标为不确定
R8009_M8019,R8009_M8019_seg0306,855.090,869.250,N_SPK8023,中国的文化。,True,full,,,,uncertainty,高重叠语音，内容或说话人归属不确定,,,多人同时说话，按项目规则标为不确定
R8009_M8019,R8009_M8019_seg0306,855.090,869.250,N_SPK8023,对对对中国的文化，中国就是说文化，我。,True,full,,,,uncertainty,高重叠语音，内容或说话人归属不确定,,,多人同时说话，按项目规则标为不确定
R8009_M8019,R8009_M8019_seg0307,869.970,872.690,N_SPK8023,还有中国的一些风俗习惯。,False,none,,,,speaker_stance,认为还有中国的一些风俗习惯,,,
R8009_M8019,R8009_M8019_seg0308,874.200,875.030,N_SPK8023,其次。,False,none,,,,speaker_stance,认为其次,,,
R8009_M8019,R8009_M8019_seg0309,875.690,878.560,N_SPK8023,你还一个，就是体现我们这个学校。,False,none,,,,speaker_stance,认为你还一个，就是体现学校,,,
R8009_M8019,R8009_M8019_seg0310,879.060,880.690,N_SPK8023,啊，就是说。,False,none,,,,speaker_stance,认为啊，就是说,,,
R8009_M8019,R8009_M8019_seg0311,880.690,881.860,N_SPK8023,就跟他们。,False,none,,,,speaker_stance,认为就跟他们,,,
R8009_M8019,R8009_M8019_seg0312,881.860,884.840,N_SPK8023,身临其境，在家也能够感觉温馨。,False,none,,,,speaker_stance,认为身临其境，在家也能够感觉温馨,,,
R8009_M8019,R8009_M8019_seg0313,885.300,885.860,N_SPK8023,对吧。,False,none,,,,speaker_stance,认为对吧,,,
R8009_M8019,R8009_M8019_seg0314,886.470,893.360,N_SPK8023,呃，人员方面你说的四十个人是这边，到时候我跟张老师体育的张老师这边协调一下。,False,none,,,,speaker_stance,认为人员方面你说的四十个人是这边，到时候我跟张老师体育的张老师这边协调,,,
R8009_M8019,R8009_M8019_seg0315,893.790,895.860,N_SPK8023,呃，尽量配合一下因为。,False,none,,,,speaker_stance,认为尽量配合因为,,,
R8009_M8019,R8009_M8019_seg0316,896.340,898.360,N_SPK8023,因为布置留学交流会这边。,False,none,,,,speaker_stance,认为因为布置留学交流会这边,,,
R8009_M8019,R8009_M8019_seg0317,898.360,899.750,N_SPK8023,需要布置会场。,False,none,,,,speaker_stance,认为需要布置会场,,,
R8009_M8019,R8009_M8019_seg0318,900.240,903.050,N_SPK8023,呃，人员方面肯定足够给你安排。,False,none,,,,action_item,跟进人员方面肯定足够给你安排,uncertain,,
R8009_M8019,R8009_M8019_seg0319,904.350,905.700,N_SPK8023,然后地点。,True,partial,,,,uncertainty,高重叠语音，内容或说话人归属不确定,,,多人同时说话，按项目规则标为不确定
R8009_M8019,R8009_M8019_seg0319,904.350,905.700,N_SPK8024,对。,True,partial,,,,uncertainty,高重叠语音，内容或说话人归属不确定,,,多人同时说话，按项目规则标为不确定
R8009_M8019,R8009_M8019_seg0320,905.700,909.160,N_SPK8023,嗯，你认为在哪里比较更合适。,False,none,,,,speaker_stance,认为你认为在哪里比较更合适,,,
R8009_M8019,R8009_M8019_seg0321,909.160,911.780,N_SPK8023,学校的哪个地方，比较更合适。,False,none,,,,speaker_stance,认为学校的哪个地方，比较更合适,,,
R8009_M8019,R8009_M8019_seg0322,912.720,913.550,N_SPK8024,地点。,False,none,,,,speaker_stance,认为地点,,,
R8009_M8019,R8009_M8019_seg0323,914.820,916.250,N_SPK8024,室内活动是吧？,False,none,,,,open_question,待确认室内活动是吧？,,,
R8009_M8019,R8009_M8019_seg0324,917.730,920.030,N_SPK8024,但是，我觉得室内活动室又不太好。,False,none,,,,speaker_stance,认为但是，室内活动室又不太好,,,
R8009_M8019,R8009_M8019_seg0325,920.460,921.260,N_SPK8024,操场。,False,none,,,,speaker_stance,认为操场,,,
R8009_M8019,R8009_M8019_seg0326,921.260,922.360,N_SPK8024,操场怎么样？,False,none,,,,open_question,待确认操场怎么样？,,,
R8009_M8019,R8009_M8019_seg0327,922.360,924.380,N_SPK8024,刚好，操场是露天的。,False,none,,,,speaker_stance,认为刚好，操场是露天的,,,
R8009_M8019,R8009_M8019_seg0328,924.930,926.870,N_SPK8024,中秋节，顺便还可以赏月。,False,none,,,,speaker_stance,认为中秋节，顺便还可以赏月,,,
R8009_M8019,R8009_M8019_seg0329,927.810,930.140,N_SPK8023,呃，操场这个地方我看一下。,False,none,,,,topic_transition,讨论操场地方我看,,,
R8009_M8019,R8009_M8019_seg0330,930.450,931.320,N_SPK8023,操场。,False,none,,,,speaker_stance,认为操场,,,
R8009_M8019,R8009_M8019_seg0331,931.320,933.590,N_SPK8023,哦，操场这边刚刚才翻新好。,False,none,,,,speaker_stance,认为哦，操场这边刚刚才翻新好,,,
R8009_M8019,R8009_M8019_seg0332,933.590,934.720,N_SPK8023,还是不错的。,False,none,,,,speaker_stance,认为还是不错的,,,
R8009_M8019,R8009_M8019_seg0333,934.720,936.430,N_SPK8023,呃，操场这个地方。,False,none,,,,speaker_stance,认为操场地方,,,
R8009_M8019,R8009_M8019_seg0334,936.430,937.670,N_SPK8023,啊位置啊。,False,none,,,,speaker_stance,认为位置,,,
R8009_M8019,R8009_M8019_seg0335,938.130,939.470,N_SPK8023,各方面还是挺好。,False,none,,,,speaker_stance,认为各方面还是挺好,,,
R8009_M8019,R8009_M8019_seg0336,939.870,941.930,N_SPK8023,这边就定在操场吧。,False,none,,,,speaker_stance,认为这边就定在操场吧,,,
R8009_M8019,R8009_M8019_seg0337,942.510,945.590,N_SPK8023,可以的。,True,partial,,,,uncertainty,高重叠语音，内容或说话人归属不确定,,,多人同时说话，按项目规则标为不确定
R8009_M8019,R8009_M8019_seg0337,942.510,945.590,N_SPK8024,操场。,True,partial,,,,uncertainty,高重叠语音，内容或说话人归属不确定,,,多人同时说话，按项目规则标为不确定
R8009_M8019,R8009_M8019_seg0337,942.510,945.590,N_SPK8023,唉，对。,True,partial,,,,uncertainty,高重叠语音，内容或说话人归属不确定,,,多人同时说话，按项目规则标为不确定
R8009_M8019,R8009_M8019_seg0337,942.510,945.590,N_SPK8024,像，主要是操场。,True,partial,,,,uncertainty,高重叠语音，内容或说话人归属不确定,,,多人同时说话，按项目规则标为不确定
R8009_M8019,R8009_M8019_seg0338,946.260,947.540,N_SPK8024,一是露天。,False,none,,,,speaker_stance,认为一是露天,,,
R8009_M8019,R8009_M8019_seg0339,947.540,948.920,N_SPK8024,二是所有人都在一起。,False,none,,,,speaker_stance,认为二是所有人都在一起,,,
R8009_M8019,R8009_M8019_seg0340,949.350,951.760,N_SPK8024,这样的话，给人一种非常热闹的感觉。,False,none,,,,speaker_stance,认为这样，给人一种非常热闹的感觉,,,
R8009_M8019,R8009_M8019_seg0341,951.760,956.020,N_SPK8024,然后，一定要给人一种一定要给他们一种非常热闹的感觉。,False,none,,,,speaker_stance,认为一定要给人一种一定要给他们一种非常热闹的感觉,,,
R8009_M8019,R8009_M8019_seg0342,956.020,956.960,N_SPK8024,而且。,False,none,,,,speaker_stance,认为而且,,,
R8009_M8019,R8009_M8019_seg0343,957.480,965.780,N_SPK8024,这样的话也非常非常浪漫，这样让那些外国人。,True,partial,,,,uncertainty,高重叠语音，内容或说话人归属不确定,,,多人同时说话，按项目规则标为不确定
R8009_M8019,R8009_M8019_seg0343,957.480,965.780,N_SPK8023,对对对对对。,True,partial,,,,uncertainty,高重叠语音，内容或说话人归属不确定,,,多人同时说话，按项目规则标为不确定
R8009_M8019,R8009_M8019_seg0343,957.480,965.780,N_SPK8023,最主要是，因为这个留学生交流会啊这次，交流会又。,True,partial,,,,uncertainty,高重叠语音，内容或说话人归属不确定,,,多人同时说话，按项目规则标为不确定
R8009_M8019,R8009_M8019_seg0344,965.780,966.970,N_SPK8023,恰恰是在。,False,none,,,,speaker_stance,认为恰恰是在,,,
R8009_M8019,R8009_M8019_seg0345,966.970,968.120,N_SPK8023,呃，中秋。,False,none,,,,speaker_stance,认为中秋,,,
R8009_M8019,R8009_M8019_seg0346,968.120,971.300,N_SPK8023,就是说不是单一的交流会议，一加上也是节日。,False,none,,,,disagreement,存在分歧不是单一的交流会议，一加上也是节日,,,
R8009_M8019,R8009_M8019_seg0347,972.030,973.120,N_SPK8023,法定的节。,False,none,,,,speaker_stance,认为法定的节,,,
R8009_M8019,R8009_M8019_seg0348,973.120,975.140,N_SPK8023,节假日知道吧，就是说。,False,none,,,,speaker_stance,认为节假日知道吧,,,
R8009_M8019,R8009_M8019_seg0349,975.140,977.000,N_SPK8023,意，意义很重大。,False,none,,,,speaker_stance,认为意，意义很重大,,,
R8009_M8019,R8009_M8019_seg0350,977.610,980.150,N_SPK8024,但是。,True,full,,,,uncertainty,高重叠语音，内容或说话人归属不确定,,,多人同时说话，按项目规则标为不确定
R8009_M8019,R8009_M8019_seg0350,977.610,980.150,N_SPK8023,因为很重大事。,True,full,,,,uncertainty,高重叠语音，内容或说话人归属不确定,,,多人同时说话，按项目规则标为不确定
R8009_M8019,R8009_M8019_seg0350,977.610,980.150,N_SPK8024,但是要想一下。,True,full,,,,uncertainty,高重叠语音，内容或说话人归属不确定,,,多人同时说话，按项目规则标为不确定
R8009_M8019,R8009_M8019_seg0351,980.760,983.750,N_SPK8024,先我们，我们做一个A计划做一个B计划。,False,none,,,,speaker_stance,认为先，做一个A计划做一个B计划,,,
R8009_M8019,R8009_M8019_seg0352,983.750,985.310,N_SPK8024,A计划就是在操场。,False,none,,,,speaker_stance,认为A计划就是在操场,,,
R8009_M8019,R8009_M8019_seg0353,985.680,988.730,N_SPK8024,B计划就是万一有一些，像下雨什么的。,False,none,,,,speaker_stance,认为B计划就是万一有一些，像下雨什么的,,,
R8009_M8019,R8009_M8019_seg0354,989.910,991.790,N_SPK8024,就可以在室内活动室。,False,none,,,,speaker_stance,认为就可以在室内活动室,,,
R8009_M8019,R8009_M8019_seg0355,992.430,994.420,N_SPK8024,做两个我们做两个方案。,False,none,,,,speaker_stance,认为做两个做两个方案,,,
R8009_M8019,R8009_M8019_seg0356,995.460,996.140,N_SPK8023,唉，对。,False,none,,,,speaker_stance,认为唉，对,,,
R8009_M8019,R8009_M8019_seg0357,997.320,1000.640,N_SPK8023,如果是下雨的情况的话，就照那个。,False,none,,,,speaker_stance,认为如果是下雨的情况，就照,,,
R8009_M8019,R8009_M8019_seg0358,1001.580,1002.950,N_SPK8023,呃，室内。,False,none,,,,speaker_stance,认为室内,,,
R8009_M8019,R8009_M8019_seg0359,1003.680,1004.600,N_SPK8023,室内。,False,none,,,,speaker_stance,认为室内,,,
R8009_M8019,R8009_M8019_seg0360,1004.600,1005.710,N_SPK8023,室内可以。,False,none,,,,speaker_stance,认为室内可以,,,
R8009_M8019,R8009_M8019_seg0361,1006.050,1012.230,N_SPK8023,然后就是说不下雨的情况，但是如果下雨也没有多大关系，我们这边有雨篷嘛。,False,none,,,,speaker_stance,认为不下雨的情况，但是如果下雨也没有多大关系，这边有雨篷嘛,,,
R8009_M8019,R8009_M8019_seg0362,1012.800,1014.310,N_SPK8024,不雨棚就不需要了。,True,full,,,,uncertainty,高重叠语音，内容或说话人归属不确定,,,多人同时说话，按项目规则标为不确定
R8009_M8019,R8009_M8019_seg0362,1012.800,1014.310,N_SPK8023,这边你。,True,full,,,,uncertainty,高重叠语音，内容或说话人归属不确定,,,多人同时说话，按项目规则标为不确定
R8009_M8019,R8009_M8019_seg0363,1014.310,1017.490,N_SPK8024,我们选在操场的目的是什么嘛？就是。,False,none,,,,speaker_stance,认为选在操场的目的是什么嘛？就是,,,
R8009_M8019,R8009_M8019_seg0364,1017.490,1018.520,N_SPK8024,让他们。,False,none,,,,speaker_stance,认为让他们,,,
R8009_M8019,R8009_M8019_seg0365,1019.190,1021.180,N_SPK8024,意思就是，说白了就是。,False,none,,,,speaker_stance,认为意思就是，说白了就是,,,
R8009_M8019,R8009_M8019_seg0366,1021.180,1022.210,N_SPK8024,可以赏月。,False,none,,,,speaker_stance,认为可以赏月,,,
R8009_M8019,R8009_M8019_seg0367,1022.550,1029.370,N_SPK8024,但是用大用，用大棚的话就就不需要了。,True,partial,,,,uncertainty,高重叠语音，内容或说话人归属不确定,,,多人同时说话，按项目规则标为不确定
R8009_M8019,R8009_M8019_seg0367,1022.550,1029.370,N_SPK8023,因为。,True,partial,,,,uncertainty,高重叠语音，内容或说话人归属不确定,,,多人同时说话，按项目规则标为不确定
R8009_M8019,R8009_M8019_seg0367,1022.550,1029.370,N_SPK8023,在操场这边，因为之前我就是最主要我如果选择一给你。,True,partial,,,,uncertainty,高重叠语音，内容或说话人归属不确定,,,多人同时说话，按项目规则标为不确定
R8009_M8019,R8009_M8019_seg0368,1029.370,1031.810,N_SPK8023,锁定在操场是最好，因为毕竟。,False,none,,,,speaker_stance,认为锁定在操场是最好，因为毕竟,,,
R8009_M8019,R8009_M8019_seg0369,1031.810,1034.880,N_SPK8023,这个留学生交流会知道吧，一个交流。,False,none,,,,speaker_stance,认为留学生交流会知道吧，一个交流,,,
R8009_M8019,R8009_M8019_seg0370,1034.880,1036.390,N_SPK8023,还有一个，就是说我们。,False,none,,,,speaker_stance,认为还有一个,,,
R8009_M8019,R8009_M8019_seg0371,1036.390,1040.270,N_SPK8023,呃，要安排一些活动对吧活动就是说活动。,False,none,,,,action_item,跟进要安排一些活动对吧活动活动,uncertain,,
R8009_M8019,R8009_M8019_seg0372,1041.780,1047.380,N_SPK8023,地方就是说规模大一点，空旷一点，然后就是说有绿就是开展一个活动。,False,none,,,,speaker_stance,认为地方规模大一点，空旷一点，有绿就是开展一个活动,,,
R8009_M8019,R8009_M8019_seg0373,1048.110,1050.140,N_SPK8023,这样得一个气氛，更好一些。,False,none,,,,speaker_stance,认为这样得一个气氛，更好一些,,,
R8009_M8019,R8009_M8019_seg0374,1051.140,1054.130,N_SPK8023,所以说操操场，是我们第一的选择。,False,none,,,,speaker_stance,认为所以说操操场，是第一的选择,,,
R8009_M8019,R8009_M8019_seg0375,1054.130,1055.360,N_SPK8023,在这，在这里。,False,none,,,,speaker_stance,认为在这，在这里,,,
R8009_M8019,R8009_M8019_seg0376,1055.550,1056.170,N_SPK8024,也行。,False,none,,,,speaker_stance,认为也行,,,
R8009_M8019,R8009_M8019_seg0377,1056.300,1060.430,N_SPK8023,还一个刚刚我们其实交流。,True,partial,,,,uncertainty,高重叠语音，内容或说话人归属不确定,,,多人同时说话，按项目规则标为不确定
R8009_M8019,R8009_M8019_seg0377,1056.300,1060.430,N_SPK8024,我们既。,True,partial,,,,uncertainty,高重叠语音，内容或说话人归属不确定,,,多人同时说话，按项目规则标为不确定
R8009_M8019,R8009_M8019_seg0377,1056.300,1060.430,N_SPK8024,既然是留学生交流会，我们把那几个留学生。,True,partial,,,,uncertainty,高重叠语音，内容或说话人归属不确定,,,多人同时说话，按项目规则标为不确定
R8009_M8019,R8009_M8019_seg0378,1061.310,1061.930,N_SPK8024,再找。,False,none,,,,speaker_stance,认为再找,,,
R8009_M8019,R8009_M8019_seg0379,1062.410,1065.140,N_SPK8024,再让我们学校找几个，优秀的学生代表。,False,none,,,,speaker_stance,认为再让学校找几个，优秀的学生代表,,,
R8009_M8019,R8009_M8019_seg0380,1066.380,1068.740,N_SPK8024,当然也叫上一些老师，我们可以。,False,none,,,,speaker_stance,认为当然也叫上一些老师，可以,,,
R8009_M8019,R8009_M8019_seg0381,1069.440,1071.100,N_SPK8024,在晚会之前。,False,none,,,,speaker_stance,认为在晚会之前,,,
R8009_M8019,R8009_M8019_seg0382,1071.100,1073.150,N_SPK8024,我们去吃一个我们去聚餐。,False,none,,,,speaker_stance,认为去吃一个去聚餐,,,
R8009_M8019,R8009_M8019_seg0383,1073.580,1074.560,N_SPK8024,去吃一个饭。,False,none,,,,speaker_stance,认为去吃一个饭,,,
R8009_M8019,R8009_M8019_seg0384,1075.020,1076.000,N_SPK8024,那就是。,False,none,,,,speaker_stance,认为那就是,,,
R8009_M8019,R8009_M8019_seg0385,1076.400,1079.660,N_SPK8024,可以来，就是去吃中餐让那些外国人。,False,none,,,,speaker_stance,认为可以来，就是去吃中餐让那些外国人,,,
R8009_M8019,R8009_M8019_seg0386,1080.900,1084.220,N_SPK8024,尝一下我们中国菜。,True,partial,,,,uncertainty,高重叠语音，内容或说话人归属不确定,,,多人同时说话，按项目规则标为不确定
R8009_M8019,R8009_M8019_seg0386,1080.900,1084.220,N_SPK8023,可以但是这个在集体。,True,partial,,,,uncertainty,高重叠语音，内容或说话人归属不确定,,,多人同时说话，按项目规则标为不确定
R8009_M8019,R8009_M8019_seg0387,1084.560,1087.340,N_SPK8023,这个前提之下，就是说要就是说。,False,none,,,,speaker_stance,认为前提之下，要,,,
R8009_M8019,R8009_M8019_seg0388,1087.980,1090.610,N_SPK8023,多跟他们沟通一下，就是他们大。,False,none,,,,speaker_stance,认为多跟他们沟通，就是他们大,,,
R8009_M8019,R8009_M8019_seg0389,1090.610,1094.980,N_SPK8023,大概你的意思就是说，因为每个人他的风俗习惯不一样。,False,none,,,,speaker_stance,认为大概你的意思，因为每个人他的风俗习惯不一样,,,
R8009_M8019,R8009_M8019_seg0390,1094.980,1096.640,N_SPK8023,但是，今年确实能够。,False,none,,,,speaker_stance,认为但是，今年确实能够,,,
R8009_M8019,R8009_M8019_seg0391,1096.640,1113.370,N_SPK8023,这边你安排就是我们中国特色钱女士的就是说中餐，是最好的特色啊那种。,True,partial,,,,uncertainty,高重叠语音，内容或说话人归属不确定,,,多人同时说话，按项目规则标为不确定
R8009_M8019,R8009_M8019_seg0391,1096.640,1113.370,N_SPK8024,一定要中餐，中餐才能体会让他们就是。,True,partial,,,,uncertainty,高重叠语音，内容或说话人归属不确定,,,多人同时说话，按项目规则标为不确定
R8009_M8019,R8009_M8019_seg0391,1096.640,1113.370,N_SPK8023,对对对更能体，最主要体现我们的中国的文化。,True,partial,,,,uncertainty,高重叠语音，内容或说话人归属不确定,,,多人同时说话，按项目规则标为不确定
R8009_M8019,R8009_M8019_seg0391,1096.640,1113.370,N_SPK8024,就是体验。,True,partial,,,,uncertainty,高重叠语音，内容或说话人归属不确定,,,多人同时说话，按项目规则标为不确定
R8009_M8019,R8009_M8019_seg0391,1096.640,1113.370,N_SPK8024,中国，我们中国的生活。,True,partial,,,,uncertainty,高重叠语音，内容或说话人归属不确定,,,多人同时说话，按项目规则标为不确定
R8009_M8019,R8009_M8019_seg0391,1096.640,1113.370,N_SPK8023,中国的生活中国的文化和我们融为一体。,True,partial,,,,uncertainty,高重叠语音，内容或说话人归属不确定,,,多人同时说话，按项目规则标为不确定
R8009_M8019,R8009_M8019_seg0391,1096.640,1113.370,N_SPK8024,什么样的。,True,partial,,,,uncertainty,高重叠语音，内容或说话人归属不确定,,,多人同时说话，按项目规则标为不确定
R8009_M8019,R8009_M8019_seg0392,1113.370,1114.580,N_SPK8023,这个我们目的。,False,none,,,,speaker_stance,认为目的,,,
R8009_M8019,R8009_M8019_seg0393,1114.580,1115.770,N_SPK8023,就是这样。,False,none,,,,speaker_stance,认为就是这样,,,
R8009_M8019,R8009_M8019_seg0394,1115.770,1118.030,N_SPK8023,然后咧，他就更懂我们。,False,none,,,,speaker_stance,认为咧，他就更懂,,,
R8009_M8019,R8009_M8019_seg0395,1118.460,1119.300,N_SPK8023,中国。,False,none,,,,speaker_stance,认为中国,,,
R8009_M8019,R8009_M8019_seg0396,1119.300,1121.320,N_SPK8023,然后也懂我们这个。,False,none,,,,speaker_stance,认为也懂,,,
R8009_M8019,R8009_M8019_seg0397,1121.320,1123.050,N_SPK8023,就是学校哈，为什么。,False,none,,,,speaker_stance,认为就是学校哈，为什么,,,
R8009_M8019,R8009_M8019_seg0398,1123.050,1126.600,N_SPK8023,就是弄这个，留学生交流会出来。,False,none,,,,speaker_stance,认为就是弄，留学生交流会出来,,,
R8009_M8019,R8009_M8019_seg0399,1126.600,1128.380,N_SPK8023,就是让大家哈，能够。,False,none,,,,speaker_stance,认为就是让哈，能够,,,
R8009_M8019,R8009_M8019_seg0400,1128.380,1130.560,N_SPK8023,感受到，不同的文化。,False,none,,,,speaker_stance,认为感受到，不同的文化,,,
R8009_M8019,R8009_M8019_seg0401,1130.560,1131.740,N_SPK8023,不同的一种。,False,none,,,,speaker_stance,认为不同的一种,,,
R8009_M8019,R8009_M8019_seg0402,1132.110,1136.200,N_SPK8023,家的感觉，一种亲情。,True,partial,,,,uncertainty,高重叠语音，内容或说话人归属不确定,,,多人同时说话，按项目规则标为不确定
R8009_M8019,R8009_M8019_seg0402,1132.110,1136.200,N_SPK8024,这次我们活动的主旨，就在于。,True,partial,,,,uncertainty,高重叠语音，内容或说话人归属不确定,,,多人同时说话，按项目规则标为不确定
R8009_M8019,R8009_M8019_seg0403,1136.200,1141.430,N_SPK8024,增进增进我们之间，我们学校，我们中国人我们中国跟。,False,none,,,,speaker_stance,认为增进增进之间，学校，中国人中国跟,,,
R8009_M8019,R8009_M8019_seg0404,1141.980,1143.670,N_SPK8024,外国的一种。,False,none,,,,speaker_stance,认为外国的一种,,,
R8009_M8019,R8009_M8019_seg0405,1143.670,1144.910,N_SPK8024,增进交流。,False,none,,,,speaker_stance,认为增进交流,,,
R8009_M8019,R8009_M8019_seg0406,1145.340,1147.550,N_SPK8023,对增进交流，一个就是说。,True,partial,,,,uncertainty,高重叠语音，内容或说话人归属不确定,,,多人同时说话，按项目规则标为不确定
R8009_M8019,R8009_M8019_seg0406,1145.340,1147.550,N_SPK8024,就是。,True,partial,,,,uncertainty,高重叠语音，内容或说话人归属不确定,,,多人同时说话，按项目规则标为不确定
R8009_M8019,R8009_M8019_seg0407,1147.920,1148.630,N_SPK8023,交流。,False,none,,,,speaker_stance,认为交流,,,
R8009_M8019,R8009_M8019_seg0408,1148.970,1153.880,N_SPK8023,增进交流的同时，就是说让他们更懂我们同时让我们也。,False,none,,,,speaker_stance,认为增进交流的同时，让他们更懂同时让也,,,
R8009_M8019,R8009_M8019_seg0409,1153.880,1154.520,N_SPK8023,懂。,False,none,,,,speaker_stance,认为懂,,,
R8009_M8019,R8009_M8019_seg0410,1154.520,1155.860,N_SPK8023,其他国家。,False,none,,,,speaker_stance,认为其他国家,,,
R8009_M8019,R8009_M8019_seg0411,1155.860,1159.910,N_SPK8023,且相互了解，相互的促进这种感情友谊。,False,none,,,,speaker_stance,认为且相互了解，相互的促进这种感情友谊,,,
R8009_M8019,R8009_M8019_seg0412,1161.570,1164.430,N_SPK8023,这个是一个，比较主要的目的。,False,none,,,,speaker_stance,认为是一个，比较主要的目的,,,
R8009_M8019,R8009_M8019_seg0413,1164.430,1165.460,N_SPK8023,就是。,False,none,,,,speaker_stance,认为就是,,,
R8009_M8019,R8009_M8019_seg0414,1165.770,1168.700,N_SPK8023,刚刚我们在，交流这个情况下。,False,none,,,,speaker_stance,认为刚刚在，交流情况下,,,
R8009_M8019,R8009_M8019_seg0415,1168.700,1169.860,N_SPK8023,就是说。,False,none,,,,speaker_stance,认为就是说,,,
R8009_M8019,R8009_M8019_seg0416,1169.860,1170.980,N_SPK8023,一个。,False,none,,,,speaker_stance,认为一个,,,
R8009_M8019,R8009_M8019_seg0417,1170.980,1173.610,N_SPK8023,一是中秋节，二一个就是说。,False,none,,,,speaker_stance,认为一是中秋节，二一个,,,
R8009_M8019,R8009_M8019_seg0418,1173.610,1176.790,N_SPK8023,相关的一些节目之前你说的对诗这种。,False,none,,,,speaker_stance,认为相关的一些节目之前你说的对诗这种,,,
R8009_M8019,R8009_M8019_seg0419,1176.790,1178.960,N_SPK8023,呃是比较好的，因为。,False,none,,,,speaker_stance,认为是比较好的，因为,,,
R8009_M8019,R8009_M8019_seg0420,1179.960,1182.890,N_SPK8024,对，诗的一定要选诗，选诗就选。,True,partial,,,,uncertainty,高重叠语音，内容或说话人归属不确定,,,多人同时说话，按项目规则标为不确定
R8009_M8019,R8009_M8019_seg0420,1179.960,1182.890,N_SPK8023,对诗是。,True,partial,,,,uncertainty,高重叠语音，内容或说话人归属不确定,,,多人同时说话，按项目规则标为不确定
R8009_M8019,R8009_M8019_seg0421,1183.650,1185.950,N_SPK8024,跟月亮，跟中秋有关的。,False,none,,,,speaker_stance,认为跟月亮，跟中秋有关的,,,
R8009_M8019,R8009_M8019_seg0422,1185.950,1186.700,N_SPK8024,诗。,False,none,,,,speaker_stance,认为诗,,,
R8009_M8019,R8009_M8019_seg0423,1187.430,1188.260,N_SPK8023,可以。,True,full,,,,uncertainty,高重叠语音，内容或说话人归属不确定,,,多人同时说话，按项目规则标为不确定
R8009_M8019,R8009_M8019_seg0423,1187.430,1188.260,N_SPK8024,比如说。,True,full,,,,uncertainty,高重叠语音，内容或说话人归属不确定,,,多人同时说话，按项目规则标为不确定
R8009_M8019,R8009_M8019_seg0424,1188.600,1190.410,N_SPK8024,李白的静夜诗。,False,none,,,,speaker_stance,认为李白的静夜诗,,,
R8009_M8019,R8009_M8019_seg0425,1190.410,1192.220,N_SPK8024,或者是那个。,False,none,,,,speaker_stance,认为或者是,,,
R8009_M8019,R8009_M8019_seg0426,1193.340,1193.840,N_SPK8024,就是。,False,none,,,,speaker_stance,认为就是,,,
R8009_M8019,R8009_M8019_seg0427,1195.230,1197.610,N_SPK8024,苏轼的那个，水调歌头。,False,none,,,,speaker_stance,认为苏轼的，水调歌头,,,
R8009_M8019,R8009_M8019_seg0428,1197.610,1199.990,N_SPK8024,这都是经，非常经典的。,False,none,,,,speaker_stance,认为这都是经，非常经典的,,,
R8009_M8019,R8009_M8019_seg0429,1200.630,1203.470,N_SPK8024,中秋节中秋诗。,True,partial,,,,uncertainty,高重叠语音，内容或说话人归属不确定,,,多人同时说话，按项目规则标为不确定
R8009_M8019,R8009_M8019_seg0429,1200.630,1203.470,N_SPK8023,唉，对诗可以，但是我。,True,partial,,,,uncertainty,高重叠语音，内容或说话人归属不确定,,,多人同时说话，按项目规则标为不确定
R8009_M8019,R8009_M8019_seg0430,1203.470,1205.830,N_SPK8023,呃，觉得就是说，除了对诗。,False,none,,,,speaker_stance,认为觉得，除了对诗,,,
R8009_M8019,R8009_M8019_seg0431,1205.830,1206.920,N_SPK8023,比如说。,False,none,,,,speaker_stance,认为比如说,,,
R8009_M8019,R8009_M8019_seg0432,1206.920,1208.410,N_SPK8023,也有自己安排。,False,none,,,,action_item,跟进也有自己安排,uncertain,,
R8009_M8019,R8009_M8019_seg0433,1208.410,1208.880,N_SPK8023,比如。,False,none,,,,speaker_stance,认为比如,,,
R8009_M8019,R8009_M8019_seg0434,1208.880,1211.090,N_SPK8023,唱歌啊，小品之类节目你。,False,none,,,,speaker_stance,认为唱歌，小品之类节目你,,,
R8009_M8019,R8009_M8019_seg0435,1211.090,1212.650,N_SPK8023,你认为这个。,False,none,,,,speaker_stance,认为你认为,,,
R8009_M8019,R8009_M8019_seg0436,1212.650,1213.980,N_SPK8023,可不可行啊。,False,none,,,,speaker_stance,认为可不可行,,,
R8009_M8019,R8009_M8019_seg0437,1215.030,1215.980,N_SPK8024,小品。,False,none,,,,speaker_stance,认为小品,,,
R8009_M8019,R8009_M8019_seg0438,1216.620,1217.320,N_SPK8024,也行。,False,none,,,,speaker_stance,认为也行,,,
R8009_M8019,R8009_M8019_seg0439,1217.320,1217.990,N_SPK8024,可行。,False,none,,,,speaker_stance,认为可行,,,
R8009_M8019,R8009_M8019_seg0440,1218.660,1219.220,N_SPK8024,可行。,False,none,,,,speaker_stance,认为可行,,,
R8009_M8019,R8009_M8019_seg0441,1219.920,1220.780,N_SPK8024,就让他们。,False,none,,,,speaker_stance,认为就让他们,,,
R8009_M8019,R8009_M8019_seg0442,1221.660,1224.130,N_SPK8024,可，虽然是在中秋节，举行。,False,none,,,,speaker_stance,认为可，虽然是在中秋节，举行,,,
R8009_M8019,R8009_M8019_seg0443,1224.130,1225.070,N_SPK8024,但不一定。,False,none,,,,speaker_stance,认为但不一定,,,
R8009_M8019,R8009_M8019_seg0444,1225.070,1226.690,N_SPK8024,只让他们了解。,False,none,,,,speaker_stance,认为只让他们了解,,,
R8009_M8019,R8009_M8019_seg0445,1227.330,1228.310,N_SPK8024,中秋。,False,none,,,,speaker_stance,认为中秋,,,
R8009_M8019,R8009_M8019_seg0446,1228.310,1230.300,N_SPK8024,中秋节的这些习俗。,False,none,,,,speaker_stance,认为中秋节的这些习俗,,,
R8009_M8019,R8009_M8019_seg0447,1230.300,1231.460,N_SPK8024,也可以让他们知道。,False,none,,,,speaker_stance,认为也可以让他们知道,,,
R8009_M8019,R8009_M8019_seg0448,1231.770,1233.310,N_SPK8024,我们中国其他的习俗。,False,none,,,,speaker_stance,认为中国其他的习俗,,,
R8009_M8019,R8009_M8019_seg0449,1233.310,1237.160,N_SPK8024,不一定。,True,partial,,,,uncertainty,高重叠语音，内容或说话人归属不确定,,,多人同时说话，按项目规则标为不确定
R8009_M8019,R8009_M8019_seg0449,1233.310,1237.160,N_SPK8023,对。,True,partial,,,,uncertainty,高重叠语音，内容或说话人归属不确定,,,多人同时说话，按项目规则标为不确定
R8009_M8019,R8009_M8019_seg0449,1233.310,1237.160,N_SPK8024,虽然在中秋节。,True,partial,,,,uncertainty,高重叠语音，内容或说话人归属不确定,,,多人同时说话，按项目规则标为不确定
R8009_M8019,R8009_M8019_seg0449,1233.310,1237.160,N_SPK8023,因为是。,True,partial,,,,uncertainty,高重叠语音，内容或说话人归属不确定,,,多人同时说话，按项目规则标为不确定
R8009_M8019,R8009_M8019_seg0449,1233.310,1237.160,N_SPK8023,因为我们这个。,True,partial,,,,uncertainty,高重叠语音，内容或说话人归属不确定,,,多人同时说话，按项目规则标为不确定
R8009_M8019,R8009_M8019_seg0450,1237.160,1240.130,N_SPK8023,留学生交流会，一个是交流交流。,False,none,,,,speaker_stance,认为留学生交流会，一个是交流交流,,,
R8009_M8019,R8009_M8019_seg0451,1240.350,1248.060,N_SPK8024,只要是我们中国好的传统文化，我们都可以分享给他们。,True,full,,,,uncertainty,高重叠语音，内容或说话人归属不确定,,,多人同时说话，按项目规则标为不确定
R8009_M8019,R8009_M8019_seg0451,1240.350,1248.060,N_SPK8023,每个，要求我们中国好的。,True,full,,,,uncertainty,高重叠语音，内容或说话人归属不确定,,,多人同时说话，按项目规则标为不确定
R8009_M8019,R8009_M8019_seg0451,1240.350,1248.060,N_SPK8023,好多文化好的风俗习惯，让他们了解。,True,full,,,,uncertainty,高重叠语音，内容或说话人归属不确定,,,多人同时说话，按项目规则标为不确定
R8009_M8019,R8009_M8019_seg0451,1240.350,1248.060,N_SPK8024,都可以分享给他们。,True,full,,,,uncertainty,高重叠语音，内容或说话人归属不确定,,,多人同时说话，按项目规则标为不确定
R8009_M8019,R8009_M8019_seg0452,1248.060,1250.170,N_SPK8023,因为中秋节是，因为。,False,none,,,,speaker_stance,认为因为中秋节是，因为,,,
R8009_M8019,R8009_M8019_seg0453,1250.170,1256.470,N_SPK8023,那天刚刚是中秋节知道吧，因为很多节假日知道吧，端午节啊什么节都有最主要是。,True,partial,,,,uncertainty,高重叠语音，内容或说话人归属不确定,,,多人同时说话，按项目规则标为不确定
R8009_M8019,R8009_M8019_seg0453,1250.170,1256.470,N_SPK8024,啊。,True,partial,,,,uncertainty,高重叠语音，内容或说话人归属不确定,,,多人同时说话，按项目规则标为不确定
R8009_M8019,R8009_M8019_seg0454,1256.470,1257.640,N_SPK8023,了解他们。,False,none,,,,speaker_stance,认为了解他们,,,
R8009_M8019,R8009_M8019_seg0455,1257.640,1258.360,N_SPK8023,让我。,False,none,,,,speaker_stance,认为让我,,,
R8009_M8019,R8009_M8019_seg0456,1258.360,1259.120,N_SPK8023,我们。,False,none,,,,speaker_stance,认为我们,,,
R8009_M8019,R8009_M8019_seg0457,1259.120,1261.400,N_SPK8023,也了解其他各个世界各地。,False,none,,,,speaker_stance,认为也了解其他各个世界各地,,,
R8009_M8019,R8009_M8019_seg0458,1261.800,1265.180,N_SPK8023,让留学生也了解我们中国的风俗习惯。,False,none,,,,speaker_stance,认为让留学生也了解中国的风俗习惯,,,
R8009_M8019,R8009_M8019_seg0459,1265.760,1266.520,N_SPK8023,你是。,False,none,,,,speaker_stance,认为你是,,,
R8009_M8019,R8009_M8019_seg0460,1266.520,1269.080,N_SPK8023,然后人情世故啊，那是。,True,partial,,,,uncertainty,高重叠语音，内容或说话人归属不确定,,,多人同时说话，按项目规则标为不确定
R8009_M8019,R8009_M8019_seg0460,1266.520,1269.080,N_SPK8024,对。,True,partial,,,,uncertainty,高重叠语音，内容或说话人归属不确定,,,多人同时说话，按项目规则标为不确定
R8009_M8019,R8009_M8019_seg0461,1269.780,1272.980,N_SPK8024,对对，如果。,True,partial,,,,uncertainty,高重叠语音，内容或说话人归属不确定,,,多人同时说话，按项目规则标为不确定
R8009_M8019,R8009_M8019_seg0461,1269.780,1272.980,N_SPK8023,文化。,True,partial,,,,uncertainty,高重叠语音，内容或说话人归属不确定,,,多人同时说话，按项目规则标为不确定
R8009_M8019,R8009_M8019_seg0461,1269.780,1272.980,N_SPK8024,如果你说这样好不好？,True,partial,,,,uncertainty,高重叠语音，内容或说话人归属不确定,,,多人同时说话，按项目规则标为不确定
R8009_M8019,R8009_M8019_seg0462,1273.740,1274.870,N_SPK8024,聚餐的话。,False,none,,,,speaker_stance,认为聚餐,,,
R8009_M8019,R8009_M8019_seg0463,1275.210,1277.450,N_SPK8024,经费已经是，经经费是一个。,False,none,,,,speaker_stance,认为经费已经是，经经费是一个,,,
R8009_M8019,R8009_M8019_seg0464,1278.470,1280.990,N_SPK8024,我们可以把这笔，这笔经费省下来。,False,none,,,,speaker_stance,认为可以把这笔，这笔经费省下来,,,
R8009_M8019,R8009_M8019_seg0465,1281.900,1282.700,N_SPK8024,我们。,False,none,,,,speaker_stance,认为我们,,,
R8009_M8019,R8009_M8019_seg0466,1282.700,1284.160,N_SPK8024,不带他们去吃中餐。,False,none,,,,speaker_stance,认为不带他们去吃中餐,,,
R8009_M8019,R8009_M8019_seg0467,1284.160,1285.340,N_SPK8024,我们就在学校里面。,False,none,,,,speaker_stance,认为就在学校里面,,,
R8009_M8019,R8009_M8019_seg0468,1285.920,1287.680,N_SPK8024,不是晚上才举行晚会嘛？,False,none,,,,open_question,待确认不是晚上才举行晚会嘛？,,,
R8009_M8019,R8009_M8019_seg0469,1288.050,1288.850,N_SPK8024,下午。,False,none,,,,speaker_stance,认为下午,,,
R8009_M8019,R8009_M8019_seg0470,1289.250,1290.760,N_SPK8024,我们可以让一些学生。,False,none,,,,speaker_stance,认为可以让一些学生,,,
R8009_M8019,R8009_M8019_seg0471,1290.760,1292.390,N_SPK8024,在学校包饺子。,False,none,,,,speaker_stance,认为在学校包饺子,,,
R8009_M8019,R8009_M8019_seg0472,1292.850,1298.990,N_SPK8023,呃，包饺子你这个。,True,partial,,,,uncertainty,高重叠语音，内容或说话人归属不确定,,,多人同时说话，按项目规则标为不确定
R8009_M8019,R8009_M8019_seg0472,1292.850,1298.990,N_SPK8024,包饺子，让那些外国人也可以学。,True,partial,,,,uncertainty,高重叠语音，内容或说话人归属不确定,,,多人同时说话，按项目规则标为不确定
R8009_M8019,R8009_M8019_seg0472,1292.850,1298.990,N_SPK8023,唉，包饺子这个是可以，但是这边就是食堂这边哈。,True,partial,,,,uncertainty,高重叠语音，内容或说话人归属不确定,,,多人同时说话，按项目规则标为不确定
R8009_M8019,R8009_M8019_seg0473,1298.990,1306.420,N_SPK8023,也需要给那个食堂这边提前说对，对对对要交流一下一些相关的一些事项啊，这些东西。,True,partial,,,,uncertainty,高重叠语音，内容或说话人归属不确定,,,多人同时说话，按项目规则标为不确定
R8009_M8019,R8009_M8019_seg0473,1298.990,1306.420,N_SPK8024,在食堂的话。,True,partial,,,,uncertainty,高重叠语音，内容或说话人归属不确定,,,多人同时说话，按项目规则标为不确定
R8009_M8019,R8009_M8019_seg0473,1298.990,1306.420,N_SPK8024,会说，会说的会跟他们说好的。,True,partial,,,,uncertainty,高重叠语音，内容或说话人归属不确定,,,多人同时说话，按项目规则标为不确定
R8009_M8019,R8009_M8019_seg0474,1306.420,1308.430,N_SPK8023,因为毕竟。,True,full,,,,uncertainty,高重叠语音，内容或说话人归属不确定,,,多人同时说话，按项目规则标为不确定
R8009_M8019,R8009_M8019_seg0474,1306.420,1308.430,N_SPK8024,就。,True,full,,,,uncertainty,高重叠语音，内容或说话人归属不确定,,,多人同时说话，按项目规则标为不确定
R8009_M8019,R8009_M8019_seg0474,1306.420,1308.430,N_SPK8024,我的意思是这样的。,True,full,,,,uncertainty,高重叠语音，内容或说话人归属不确定,,,多人同时说话，按项目规则标为不确定
R8009_M8019,R8009_M8019_seg0475,1308.430,1309.540,N_SPK8024,让那些。,False,none,,,,speaker_stance,认为让那些,,,
R8009_M8019,R8009_M8019_seg0476,1309.540,1310.540,N_SPK8024,包饺子。,False,none,,,,speaker_stance,认为包饺子,,,
R8009_M8019,R8009_M8019_seg0477,1311.180,1313.760,N_SPK8024,我们学生可以包，老师可以包。,False,none,,,,speaker_stance,认为学生可以包，老师可以包,,,
R8009_M8019,R8009_M8019_seg0478,1313.760,1315.940,N_SPK8024,最主要是可以教那些外国人包。,False,none,,,,speaker_stance,认为最主要是可以教那些外国人包,,,
R8009_M8019,R8009_M8019_seg0479,1316.280,1317.200,N_SPK8024,让他们觉得。,False,none,,,,speaker_stance,认为让他们觉得,,,
R8009_M8019,R8009_M8019_seg0480,1317.200,1318.640,N_SPK8024,唉，这是件。,False,none,,,,speaker_stance,认为唉，这是件,,,
R8009_M8019,R8009_M8019_seg0481,1319.040,1320.830,N_SPK8024,包饺子，饺子不光好吃。,False,none,,,,speaker_stance,认为包饺子，饺子不光好吃,,,
R8009_M8019,R8009_M8019_seg0482,1320.830,1323.560,N_SPK8024,包饺子啊，过程也挺有趣的，让他们觉得。,False,none,,,,speaker_stance,认为包饺子，过程也挺有趣的，让他们觉得,,,
R8009_M8019,R8009_M8019_seg0483,1323.900,1326.780,N_SPK8023,也不错，这个建议是不错因为。,True,full,,,,uncertainty,高重叠语音，内容或说话人归属不确定,,,多人同时说话，按项目规则标为不确定
R8009_M8019,R8009_M8019_seg0483,1323.900,1326.780,N_SPK8024,正好，我们全全校师。,True,full,,,,uncertainty,高重叠语音，内容或说话人归属不确定,,,多人同时说话，按项目规则标为不确定
R8009_M8019,R8009_M8019_seg0484,1326.780,1331.330,N_SPK8024,我们我们全校师生就可以在晚，那那天晚上，就是那天晚上都吃饺子。,True,full,,,,uncertainty,高重叠语音，内容或说话人归属不确定,,,多人同时说话，按项目规则标为不确定
R8009_M8019,R8009_M8019_seg0484,1326.780,1331.330,N_SPK8023,这个建议是不错的。,True,full,,,,uncertainty,高重叠语音，内容或说话人归属不确定,,,多人同时说话，按项目规则标为不确定
R8009_M8019,R8009_M8019_seg0484,1326.780,1331.330,N_SPK8023,对对。,True,full,,,,uncertainty,高重叠语音，内容或说话人归属不确定,,,多人同时说话，按项目规则标为不确定
R8009_M8019,R8009_M8019_seg0485,1331.760,1332.410,N_SPK8023,可以的。,False,none,,,,speaker_stance,认为可以的,,,
R8009_M8019,R8009_M8019_seg0486,1332.720,1339.850,N_SPK8023,因为这个也算是一个活动，也算是一个活动能体现我们就是说中国哈就是一种风俗习惯。,False,none,,,,speaker_stance,认为因为也算是一个活动，也算是一个活动能体现中国哈就是一种风俗习惯,,,
R8009_M8019,R8009_M8019_seg0487,1340.160,1341.440,N_SPK8023,啊，包饺子。,False,none,,,,speaker_stance,认为包饺子,,,
R8009_M8019,R8009_M8019_seg0488,1342.610,1344.170,N_SPK8023,啊，可以的。,False,none,,,,speaker_stance,认为可以的,,,
R8009_M8019,R8009_M8019_seg0489,1344.170,1344.850,N_SPK8023,这个。,False,none,,,,speaker_stance,认为这个,,,
R8009_M8019,R8009_M8019_seg0490,1344.850,1350.190,N_SPK8023,因为相关的哈，有些东西刚刚我们都就是说一起交流了一下。,False,none,,,,speaker_stance,认为因为相关的哈，有些东西刚刚都一起交流了,,,
R8009_M8019,R8009_M8019_seg0491,1350.190,1353.440,N_SPK8023,就是说人越方便，就是说四十个人。,False,none,,,,speaker_stance,认为人越方便，四十个人,,,
R8009_M8019,R8009_M8019_seg0492,1353.750,1359.070,N_SPK8023,然后这边就是说食堂的方面，这边我会给这个学校这边。,False,none,,,,speaker_stance,认为这边食堂的方面，这边我会给学校这边,,,
R8009_M8019,R8009_M8019_seg0493,1359.070,1363.290,N_SPK8023,食堂不跟他们，就是说包括就是留学生交流会。,False,none,,,,speaker_stance,认为食堂不跟他们，包括就是留学生交流会,,,
R8009_M8019,R8009_M8019_seg0494,1363.290,1365.970,N_SPK8023,啊，中秋节那天肯定是要用食堂。,False,none,,,,speaker_stance,认为中秋节那天肯定是要用食堂,,,
R8009_M8019,R8009_M8019_seg0495,1365.970,1368.290,N_SPK8023,因为相关有一些东西啊，或者。,False,none,,,,speaker_stance,认为因为相关有一些东西，或者,,,
R8009_M8019,R8009_M8019_seg0496,1368.660,1370.470,N_SPK8023,要给你们准备好。,False,none,,,,speaker_stance,认为要给你们准备好,,,
R8009_M8019,R8009_M8019_seg0497,1370.470,1373.830,N_SPK8023,这些东西或者人员方面不够的情况下。,True,partial,,,,uncertainty,高重叠语音，内容或说话人归属不确定,,,多人同时说话，按项目规则标为不确定
R8009_M8019,R8009_M8019_seg0497,1370.470,1373.830,N_SPK8024,对。,True,partial,,,,uncertainty,高重叠语音，内容或说话人归属不确定,,,多人同时说话，按项目规则标为不确定
R8009_M8019,R8009_M8019_seg0498,1373.830,1375.610,N_SPK8023,啊，这边还是可以。,False,none,,,,speaker_stance,认为这边还是可以,,,
R8009_M8019,R8009_M8019_seg0499,1376.550,1378.250,N_SPK8023,安排人员来支援的。,False,none,,,,action_item,跟进人员来支援的,uncertain,,
R8009_M8019,R8009_M8019_seg0500,1378.800,1382.860,N_SPK8023,要把这个，留学生交流会弄好。,True,partial,,,,uncertainty,高重叠语音，内容或说话人归属不确定,,,多人同时说话，按项目规则标为不确定
R8009_M8019,R8009_M8019_seg0500,1378.800,1382.860,N_SPK8024,对吧？,True,partial,,,,uncertainty,高重叠语音，内容或说话人归属不确定,,,多人同时说话，按项目规则标为不确定
R8009_M8019,R8009_M8019_seg0500,1378.800,1382.860,N_SPK8024,他们。,True,partial,,,,uncertainty,高重叠语音，内容或说话人归属不确定,,,多人同时说话，按项目规则标为不确定
R8009_M8019,R8009_M8019_seg0500,1378.800,1382.860,N_SPK8024,他们来我们这边。,True,partial,,,,uncertainty,高重叠语音，内容或说话人归属不确定,,,多人同时说话，按项目规则标为不确定
R8009_M8019,R8009_M8019_seg0501,1382.860,1386.820,N_SPK8024,他们，肯定不止一天，他们明天还有其他安排。,False,none,,,,action_item,跟进他们，肯定不止一天，他们明天还有其他安排,uncertain,明天,
R8009_M8019,R8009_M8019_seg0502,1386.820,1388.760,N_SPK8024,我们要安排他们的住宿。,False,none,,,,action_item,跟进要安排他们的住宿,uncertain,,
R8009_M8019,R8009_M8019_seg0503,1388.760,1391.510,N_SPK8024,他们，你说是住学校，还是在外面住？,False,none,,,,open_question,待确认他们，你说是住学校，还是在外面住？,,,
R8009_M8019,R8009_M8019_seg0504,1392.690,1397.520,N_SPK8023,嗯，学校应该是可以呀，因为学校这边就是说住宿应该是。,False,none,,,,speaker_stance,认为学校应该是可以呀，因为学校这边住宿应该是,,,
R8009_M8019,R8009_M8019_seg0505,1398.010,1402.370,N_SPK8023,嗯呀。,True,partial,,,,uncertainty,高重叠语音，内容或说话人归属不确定,,,多人同时说话，按项目规则标为不确定
R8009_M8019,R8009_M8019_seg0505,1398.010,1402.370,N_SPK8024,我们可以安排出一个寝室，安排出一个空的寝室给他们住。,True,partial,,,,uncertainty,高重叠语音，内容或说话人归属不确定,,,多人同时说话，按项目规则标为不确定
R8009_M8019,R8009_M8019_seg0506,1403.220,1404.700,N_SPK8024,给他们几个留学生住。,False,none,,,,speaker_stance,认为给他们几个留学生住,,,
R8009_M8019,R8009_M8019_seg0507,1404.700,1405.520,N_SPK8024,你觉得怎么样？,False,none,,,,open_question,待确认你觉得怎么样？,,,
R8009_M8019,R8009_M8019_seg0508,1405.980,1411.410,N_SPK8023,呃，寝室这边的一个是有空的是最好知道吧，因为你毕竟就是在学。,False,none,,,,speaker_stance,认为寝室这边的一个是有空的是最好知道吧，因为你毕竟就是在学,,,
R8009_M8019,R8009_M8019_seg0509,1411.860,1417.610,N_SPK8023,留学生你在学校然后住宿肯定比外外边好，毕竟是学生知道吧，一个安全。,False,none,,,,speaker_stance,认为留学生你在学校住宿肯定比外外边好，毕竟是学生知道吧，一个安全,,,
R8009_M8019,R8009_M8019_seg0510,1417.610,1420.930,N_SPK8023,还有一个就是说在学校，他跟那个。,False,none,,,,speaker_stance,认为还有一个在学校，他跟,,,
R8009_M8019,R8009_M8019_seg0511,1420.930,1421.930,N_SPK8023,体会到。,False,none,,,,speaker_stance,认为体会到,,,
R8009_M8019,R8009_M8019_seg0512,1421.930,1422.980,N_SPK8023,这个学校。,False,none,,,,speaker_stance,认为学校,,,
R8009_M8019,R8009_M8019_seg0513,1423.830,1427.150,N_SPK8023,对很多学校的文化，还有一个和。,False,none,,,,speaker_stance,认为对很多学校的文化，还有一个和,,,
R8009_M8019,R8009_M8019_seg0514,1427.150,1428.050,N_SPK8023,同学。,False,none,,,,speaker_stance,认为同学,,,
R8009_M8019,R8009_M8019_seg0515,1428.510,1431.910,N_SPK8023,学生之间，你们之间交流更贴近。,False,none,,,,speaker_stance,认为学生之间，你们之间交流更贴近,,,
R8009_M8019,R8009_M8019_seg0516,1431.910,1432.560,N_SPK8023,更好。,False,none,,,,speaker_stance,认为更好,,,
R8009_M8019,R8009_M8019_seg0517,1433.760,1434.340,N_SPK8024,可以。,False,none,,,,speaker_stance,认为可以,,,
R8009_M8019,R8009_M8019_seg0518,1434.340,1435.070,N_SPK8024,就这样。,False,none,,,,speaker_stance,认为就这样,,,
R8009_M8019,R8009_M8019_seg0519,1435.410,1436.300,N_SPK8024,我觉得。,False,none,,,,speaker_stance,认为我觉得,,,
R8009_M8019,R8009_M8019_seg0520,1436.640,1437.890,N_SPK8024,还可以。,False,none,,,,speaker_stance,认为还可以,,,
R8009_M8019,R8009_M8019_seg0521,1439.160,1440.290,N_SPK8024,给他们。,False,none,,,,speaker_stance,认为给他们,,,
R8009_M8019,R8009_M8019_seg0522,1443.030,1444.100,N_SPK8024,你觉得。,False,none,,,,speaker_stance,认为你觉得,,,
R8009_M8019,R8009_M8019_seg0523,1444.100,1445.390,N_SPK8024,像他们的这种。,False,none,,,,speaker_stance,认为像他们的这种,,,
R8009_M8019,R8009_M8019_seg0524,1446.270,1447.400,N_SPK8024,住宿的话。,False,none,,,,speaker_stance,认为住宿,,,
R8009_M8019,R8009_M8019_seg0525,1447.770,1449.110,N_SPK8024,在学校住宿。,False,none,,,,speaker_stance,认为在学校住宿,,,
R8009_M8019,R8009_M8019_seg0526,1450.110,1452.350,N_SPK8024,我觉得也可以安排他们到外面去住。,False,none,,,,action_item,跟进也可以安排他们到外面去住,uncertain,,
R8009_M8019,R8009_M8019_seg0527,1452.840,1455.200,N_SPK8024,万一我们学校有什么不好。,False,none,,,,speaker_stance,认为万一学校有什么不好,,,
R8009_M8019,R8009_M8019_seg0528,1455.630,1461.080,N_SPK8023,呃，这个问题你刚刚说的，我想了下，就是我们学校旁边不是有一个酒店了吗？,True,partial,,,,uncertainty,高重叠语音，内容或说话人归属不确定,,,多人同时说话，按项目规则标为不确定
R8009_M8019,R8009_M8019_seg0528,1455.630,1461.080,N_SPK8024,不不合他们。,True,partial,,,,uncertainty,高重叠语音，内容或说话人归属不确定,,,多人同时说话，按项目规则标为不确定
R8009_M8019,R8009_M8019_seg0529,1461.080,1467.680,N_SPK8023,因为住宿的问题这个没有多大，如果不行的话，酒店这边就是说到时候。,True,partial,,,,uncertainty,高重叠语音，内容或说话人归属不确定,,,多人同时说话，按项目规则标为不确定
R8009_M8019,R8009_M8019_seg0529,1461.080,1467.680,N_SPK8024,到时候我们问一下他们的意见。,True,partial,,,,uncertainty,高重叠语音，内容或说话人归属不确定,,,多人同时说话，按项目规则标为不确定
R8009_M8019,R8009_M8019_seg0530,1467.680,1471.020,N_SPK8024,就是问他们是想住酒店，还是想住学校。,True,full,,,,uncertainty,高重叠语音，内容或说话人归属不确定,,,多人同时说话，按项目规则标为不确定
R8009_M8019,R8009_M8019_seg0530,1467.680,1471.020,N_SPK8023,对对对，最主要是就是说尊重他们的意见。,True,full,,,,uncertainty,高重叠语音，内容或说话人归属不确定,,,多人同时说话，按项目规则标为不确定
R8009_M8019,R8009_M8019_seg0530,1467.680,1471.020,N_SPK8023,还有。,True,full,,,,uncertainty,高重叠语音，内容或说话人归属不确定,,,多人同时说话，按项目规则标为不确定
R8009_M8019,R8009_M8019_seg0531,1471.020,1476.710,N_SPK8023,他们有什么想法，就是说提前说我你这边就好安排，因为这个时间还是。,False,none,,,,action_item,跟进他们有什么想法，提前说我你这边就好安排，因为时间还是,uncertain,,
R8009_M8019,R8009_M8019_seg0532,1477.470,1479.380,N_SPK8023,还有几天啦，对吧。,False,none,,,,speaker_stance,认为还有几天啦，对吧,,,
R8009_M8019,R8009_M8019_seg0533,1480.410,1481.240,N_SPK8024,我觉得。,False,none,,,,speaker_stance,认为我觉得,,,
R8009_M8019,R8009_M8019_seg0534,1482.090,1483.370,N_SPK8024,我想的是。,False,none,,,,speaker_stance,认为我想的是,,,
R8009_M8019,R8009_M8019_seg0535,1483.800,1486.130,N_SPK8024,让那些学生会，学生会成员。,False,none,,,,speaker_stance,认为让那些学生会，学生会成员,,,
R8009_M8019,R8009_M8019_seg0536,1486.770,1487.960,N_SPK8024,学生会所有人。,False,none,,,,speaker_stance,认为学生会所有人,,,
R8009_M8019,R8009_M8019_seg0537,1488.300,1490.280,N_SPK8024,就是先让那些部长。,False,none,,,,speaker_stance,认为就是先让那些部长,,,
R8009_M8019,R8009_M8019_seg0538,1490.280,1491.410,N_SPK8024,还有主席团。,False,none,,,,speaker_stance,认为还有主席团,,,
R8009_M8019,R8009_M8019_seg0539,1492.290,1493.150,N_SPK8024,开一个会。,False,none,,,,speaker_stance,认为开一个会,,,
R8009_M8019,R8009_M8019_seg0540,1493.160,1493.830,N_SPK8023,但是。,False,none,,,,speaker_stance,认为但是,,,
R8009_M8019,R8009_M8019_seg0541,1493.830,1508.240,N_SPK8023,这个会议之前呢？,True,full,,,,uncertainty,高重叠语音，内容或说话人归属不确定,,,多人同时说话，按项目规则标为不确定
R8009_M8019,R8009_M8019_seg0541,1493.830,1508.240,N_SPK8024,让他们。,True,full,,,,uncertainty,高重叠语音，内容或说话人归属不确定,,,多人同时说话，按项目规则标为不确定
R8009_M8019,R8009_M8019_seg0541,1493.830,1508.240,N_SPK8024,把我们这些，把我们两个今天讨论的事情告诉他们。,True,full,,,,uncertainty,高重叠语音，内容或说话人归属不确定,,,多人同时说话，按项目规则标为不确定
R8009_M8019,R8009_M8019_seg0541,1493.830,1508.240,N_SPK8023,首先有一点。,True,full,,,,uncertainty,高重叠语音，内容或说话人归属不确定,,,多人同时说话，按项目规则标为不确定
R8009_M8019,R8009_M8019_seg0541,1493.830,1508.240,N_SPK8023,对对对。,True,full,,,,uncertainty,高重叠语音，内容或说话人归属不确定,,,多人同时说话，按项目规则标为不确定
R8009_M8019,R8009_M8019_seg0541,1493.830,1508.240,N_SPK8023,由于是讨论时间，首先我们讨论的这个有些东西，它没有什么建议，你提前要说一下。,True,full,,,,uncertainty,高重叠语音，内容或说话人归属不确定,,,多人同时说话，按项目规则标为不确定
R8009_M8019,R8009_M8019_seg0541,1493.830,1508.240,N_SPK8024,把这些东西给学生会说。,True,full,,,,uncertainty,高重叠语音，内容或说话人归属不确定,,,多人同时说话，按项目规则标为不确定
R8009_M8019,R8009_M8019_seg0541,1493.830,1508.240,N_SPK8024,让他们开个会，让他们底下学生提个建议，让学生会。,True,full,,,,uncertainty,高重叠语音，内容或说话人归属不确定,,,多人同时说话，按项目规则标为不确定
R8009_M8019,R8009_M8019_seg0541,1493.830,1508.240,N_SPK8023,就是说，也安排一下。,True,full,,,,uncertainty,高重叠语音，内容或说话人归属不确定,,,多人同时说话，按项目规则标为不确定
R8009_M8019,R8009_M8019_seg0542,1508.240,1510.360,N_SPK8024,底，学生会其他学生提建议。,False,none,,,,speaker_stance,认为底，学生会其他学生提建议,,,
R8009_M8019,R8009_M8019_seg0543,1510.360,1511.000,N_SPK8024,然后再。,False,none,,,,speaker_stance,认为再,,,
R8009_M8019,R8009_M8019_seg0544,1511.460,1512.370,N_SPK8024,然后。,False,none,,,,speaker_stance,认为然后,,,
R8009_M8019,R8009_M8019_seg0545,1512.370,1514.930,N_SPK8024,还有一周时间了，时间真的比较紧。,False,none,,,,speaker_stance,认为还有一周时间了，时间真的比较紧,,,
R8009_M8019,R8009_M8019_seg0546,1516.800,1518.890,N_SPK8024,给他们让学生会开一个会。,False,none,,,,speaker_stance,认为给他们让学生会开一个会,,,
R8009_M8019,R8009_M8019_seg0547,1518.890,1520.540,N_SPK8024,让他们好好。,False,none,,,,speaker_stance,认为让他们好好,,,
R8009_M8019,R8009_M8019_seg0548,1521.150,1522.250,N_SPK8024,筹划一下这个。,False,none,,,,speaker_stance,认为筹划,,,
R8009_M8019,R8009_M8019_seg0549,1522.620,1525.210,N_SPK8024,你看有什么，我们这里没讨论。,False,none,,,,speaker_stance,认为你看有什么，这里没讨论,,,
R8009_M8019,R8009_M8019_seg0550,1525.210,1526.910,N_SPK8024,讨论到不足的点。,False,none,,,,speaker_stance,认为讨论到不足的点,,,
R8009_M8019,R8009_M8019_seg0551,1527.350,1528.690,N_SPK8024,哦，那是一个。,False,none,,,,speaker_stance,认为哦，那是一个,,,
R8009_M8019,R8009_M8019_seg0552,1528.690,1529.930,N_SPK8024,让他们告诉我们。,False,none,,,,speaker_stance,认为让他们告诉,,,
R8009_M8019,R8009_M8019_seg0553,1531.110,1531.820,N_SPK8024,你觉得怎么样？,False,none,,,,open_question,待确认你觉得怎么样？,,,
R8009_M8019,R8009_M8019_seg0554,1534.110,1536.030,N_SPK8023,嗯，我们之前都说了。,False,none,,,,speaker_stance,认为之前都说了,,,
R8009_M8019,R8009_M8019_seg0555,1536.030,1538.390,N_SPK8023,啊，这个是可以的。,False,none,,,,speaker_stance,认为是可以的,,,
R8009_M8019,R8009_M8019_seg0556,1538.970,1540.610,N_SPK8023,还有一个就是说。,False,none,,,,speaker_stance,认为还有一个,,,
R8009_M8019,R8009_M8019_seg0557,1540.610,1544.090,N_SPK8023,呃，这边也要把时间安排。,False,none,,,,action_item,跟进这边也要把时间安排,uncertain,,
R8009_M8019,R8009_M8019_seg0558,1544.090,1546.670,N_SPK8023,还有需要，其他什么协助。,False,none,,,,speaker_stance,认为还有需要，其他什么协助,,,
R8009_M8019,R8009_M8019_seg0559,1547.220,1548.980,N_SPK8023,还有什么需要。,False,none,,,,speaker_stance,认为还有什么需要,,,
R8009_M8019,R8009_M8019_seg0560,1548.980,1550.960,N_SPK8023,我这边就是说，安排的。,False,none,,,,action_item,跟进我这边，安排的,uncertain,,
R8009_M8019,R8009_M8019_seg0561,1550.960,1553.540,N_SPK8023,你要跟我说一下，因为我这边还尽。,False,none,,,,topic_transition,讨论你要跟我说，因为我这边还尽,,,
R8009_M8019,R8009_M8019_seg0562,1554.180,1556.720,N_SPK8023,最大可能的啊，啊配合你们。,False,none,,,,speaker_stance,认为最大可能的，配合你们,,,
R8009_M8019,R8009_M8019_seg0563,1556.720,1559.550,N_SPK8023,把这个留学生那个交流会。,False,none,,,,speaker_stance,认为把留学生交流会,,,
R8009_M8019,R8009_M8019_seg0564,1559.550,1561.650,N_SPK8023,啊，办得更好知道吧。,False,none,,,,speaker_stance,认为办得更好知道吧,,,
R8009_M8019,R8009_M8019_seg0565,1562.190,1563.230,N_SPK8024,我想的是。,False,none,,,,speaker_stance,认为我想的是,,,
R8009_M8019,R8009_M8019_seg0566,1564.620,1566.020,N_SPK8024,这会的标题。,False,none,,,,speaker_stance,认为这会的标题,,,
R8009_M8019,R8009_M8019_seg0567,1566.600,1567.730,N_SPK8024,中秋晚会。,False,none,,,,speaker_stance,认为中秋晚会,,,
R8009_M8019,R8009_M8019_seg0568,1567.730,1569.440,N_SPK8024,就不可能只叫中秋晚会嘛。,False,none,,,,speaker_stance,认为就不可能只叫中秋晚会嘛,,,
R8009_M8019,R8009_M8019_seg0569,1569.930,1571.800,N_SPK8024,既然我们这回的主题叫。,False,none,,,,speaker_stance,认为既然这回的主题叫,,,
R8009_M8019,R8009_M8019_seg0570,1571.800,1572.740,N_SPK8024,让你。,False,none,,,,speaker_stance,认为让你,,,
R8009_M8019,R8009_M8019_seg0571,1572.740,1574.270,N_SPK8024,更好的懂我。,False,none,,,,speaker_stance,认为更好的懂我,,,
R8009_M8019,R8009_M8019_seg0572,1574.940,1577.370,N_SPK8024,我就标题，我们这回可以，可以。,False,none,,,,speaker_stance,认为我就标题，这回可以，可以,,,
R8009_M8019,R8009_M8019_seg0573,1577.370,1578.870,N_SPK8024,可以，标题可以取。,False,none,,,,speaker_stance,认为可以，标题可以取,,,
R8009_M8019,R8009_M8019_seg0574,1578.870,1580.550,N_SPK8024,取这个，取个名字。,False,none,,,,speaker_stance,认为取，取个名字,,,
R8009_M8019,R8009_M8019_seg0575,1580.550,1581.080,N_SPK8024,就叫。,False,none,,,,speaker_stance,认为就叫,,,
R8009_M8019,R8009_M8019_seg0576,1581.480,1583.530,N_SPK8024,让你更好的懂我。,False,none,,,,speaker_stance,认为让你更好的懂我,,,
R8009_M8019,R8009_M8019_seg0577,1583.530,1584.560,N_SPK8024,中秋晚会。,False,none,,,,speaker_stance,认为中秋晚会,,,
R8009_M8019,R8009_M8019_seg0578,1586.040,1586.570,N_SPK8024,怎么样？,False,none,,,,open_question,待确认怎么样？,,,
R8009_M8019,R8009_M8019_seg0579,1587.690,1591.010,N_SPK8023,嗯，让你更好的懂我。中秋晚会。,False,none,,,,speaker_stance,认为让你更好的懂我，中秋晚会,,,
R8009_M8019,R8009_M8019_seg0580,1592.040,1596.280,N_SPK8023,这个会不会长了一点这个标题啊，你觉得。,True,partial,,,,uncertainty,高重叠语音，内容或说话人归属不确定,,,多人同时说话，按项目规则标为不确定
R8009_M8019,R8009_M8019_seg0580,1592.040,1596.280,N_SPK8024,不会。,True,partial,,,,uncertainty,高重叠语音，内容或说话人归属不确定,,,多人同时说话，按项目规则标为不确定
R8009_M8019,R8009_M8019_seg0581,1596.280,1597.670,N_SPK8024,我觉得这样挺好的。,False,none,,,,speaker_stance,认为这样挺好的,,,
R8009_M8019,R8009_M8019_seg0582,1598.130,1599.490,N_SPK8024,让你更好的懂我。,False,none,,,,speaker_stance,认为让你更好的懂我,,,
R8009_M8019,R8009_M8019_seg0583,1599.490,1601.690,N_SPK8024,让你更好懂我是让谁更好懂我嘛？,False,none,,,,open_question,待确认让你更好懂我是让谁更好懂我嘛？,,,
R8009_M8019,R8009_M8019_seg0584,1601.690,1604.960,N_SPK8024,是让那些外国人更好的懂我们中国。,False,none,,,,speaker_stance,认为是让那些外国人更好的懂中国,,,
R8009_M8019,R8009_M8019_seg0585,1604.960,1606.530,N_SPK8024,中秋晚会。,True,full,,,,uncertainty,高重叠语音，内容或说话人归属不确定,,,多人同时说话，按项目规则标为不确定
R8009_M8019,R8009_M8019_seg0585,1604.960,1606.530,N_SPK8023,你这个。,True,full,,,,uncertainty,高重叠语音，内容或说话人归属不确定,,,多人同时说话，按项目规则标为不确定
R8009_M8019,R8009_M8019_seg0586,1606.530,1611.560,N_SPK8023,我看一下标题，感觉还是与你们的想法跟我们其实。,False,none,,,,topic_transition,讨论我看标题，感觉还是与你们的想法跟,,,
R8009_M8019,R8009_M8019_seg0587,1611.560,1616.930,N_SPK8023,知道吗？,True,full,,,,uncertainty,高重叠语音，内容或说话人归属不确定,,,多人同时说话，按项目规则标为不确定
R8009_M8019,R8009_M8019_seg0587,1611.560,1616.930,N_SPK8024,标题这个，可以让他们接着讨论。,True,full,,,,uncertainty,高重叠语音，内容或说话人归属不确定,,,多人同时说话，按项目规则标为不确定
R8009_M8019,R8009_M8019_seg0587,1611.560,1616.930,N_SPK8023,想法一样，你们年轻人想法肯定更加新颖一点，也是可以的。,True,full,,,,uncertainty,高重叠语音，内容或说话人归属不确定,,,多人同时说话，按项目规则标为不确定
R8009_M8019,R8009_M8019_seg0587,1611.560,1616.930,N_SPK8024,我一个人不能代表所有人。,True,full,,,,uncertainty,高重叠语音，内容或说话人归属不确定,,,多人同时说话，按项目规则标为不确定
R8009_M8019,R8009_M8019_seg0588,1616.930,1619.270,N_SPK8024,我一个人不能代表所有人，可以让他们。,False,none,,,,speaker_stance,认为我一个人不能代表所有人，可以让他们,,,
R8009_M8019,R8009_M8019_seg0589,1619.580,1621.580,N_SPK8024,不是有学生会嘛，然后他们去讨论。,False,none,,,,disagreement,存在分歧不是有学生会嘛，他们去讨论,,,
R8009_M8019,R8009_M8019_seg0590,1622.280,1623.560,N_SPK8024,他们知道。,False,none,,,,speaker_stance,认为他们知道,,,
R8009_M8019,R8009_M8019_seg0591,1624.080,1628.030,N_SPK8024,让让他们来讨论，更好的标题或者什么什么什么都可以更好。,False,none,,,,speaker_stance,认为让让他们来讨论，更好的标题或者什么什么什么都可以更好,,,
R8009_M8019,R8009_M8019_seg0592,1628.760,1629.470,N_SPK8024,其次。,False,none,,,,speaker_stance,认为其次,,,
R8009_M8019,R8009_M8019_seg0593,1630.800,1634.030,N_SPK8024,就是，让那些留学生自我介绍的时候。,False,none,,,,speaker_stance,认为就是，让那些留学生自我介绍的时候,,,
R8009_M8019,R8009_M8019_seg0594,1634.880,1640.890,N_SPK8024,我们要不要买那种。,True,partial,,,,uncertainty,高重叠语音，内容或说话人归属不确定,,,多人同时说话，按项目规则标为不确定
R8009_M8019,R8009_M8019_seg0594,1634.880,1640.890,N_SPK8023,其实上最主要哈，就是那个你刚刚之前也说过。,True,partial,,,,uncertainty,高重叠语音，内容或说话人归属不确定,,,多人同时说话，按项目规则标为不确定
R8009_M8019,R8009_M8019_seg0595,1640.890,1645.030,N_SPK8023,那个自我介绍，我觉得自我介绍也是比较重要的一点。,False,none,,,,speaker_stance,认为自我介绍，自我介绍也是比较重要的一点,,,
R8009_M8019,R8009_M8019_seg0596,1645.030,1648.700,N_SPK8023,就是自我介绍，就是说让他们了解我们中国。,False,none,,,,speaker_stance,认为就是自我介绍，让他们了解中国,,,
R8009_M8019,R8009_M8019_seg0597,1649.460,1655.360,N_SPK8023,一些风俗一些习惯还有一个，就是说同时我们在他们身上的也能看到。,False,none,,,,speaker_stance,认为一些风俗一些习惯还有一个，同时在他们身上的也能看到,,,
R8009_M8019,R8009_M8019_seg0598,1655.790,1657.690,N_SPK8023,也能了解知道。,False,none,,,,speaker_stance,认为也能了解知道,,,
R8009_M8019,R8009_M8019_seg0599,1657.690,1660.030,N_SPK8023,他们国家一些风俗习惯。,False,none,,,,speaker_stance,认为他们国家一些风俗习惯,,,
R8009_M8019,R8009_M8019_seg0600,1660.030,1661.080,N_SPK8023,也让。,False,none,,,,speaker_stance,认为也让,,,
R8009_M8019,R8009_M8019_seg0601,1661.080,1664.280,N_SPK8023,就是说，这些留学生在我们中国哈。,False,none,,,,speaker_stance,认为这些留学生在中国哈,,,
R8009_M8019,R8009_M8019_seg0602,1664.280,1666.240,N_SPK8023,让我们的就是说。,False,none,,,,speaker_stance,认为让的,,,
R8009_M8019,R8009_M8019_seg0603,1666.240,1667.020,N_SPK8023,一些。,False,none,,,,speaker_stance,认为一些,,,
R8009_M8019,R8009_M8019_seg0604,1667.020,1668.750,N_SPK8023,学生一些校友。,False,none,,,,speaker_stance,认为学生一些校友,,,
R8009_M8019,R8009_M8019_seg0605,1668.750,1669.670,N_SPK8023,跟他们。,False,none,,,,speaker_stance,认为跟他们,,,
R8009_M8019,R8009_M8019_seg0606,1669.670,1671.040,N_SPK8023,在生活。,False,none,,,,speaker_stance,认为在生活,,,
R8009_M8019,R8009_M8019_seg0607,1671.040,1672.690,N_SPK8023,和学习中。,False,none,,,,speaker_stance,认为和学习中,,,
R8009_M8019,R8009_M8019_seg0608,1672.690,1674.270,N_SPK8023,都能够互相。,False,none,,,,speaker_stance,认为都能够互相,,,
R8009_M8019,R8009_M8019_seg0609,1674.270,1675.190,N_SPK8023,沟通。,False,none,,,,speaker_stance,认为沟通,,,
R8009_M8019,R8009_M8019_seg0610,1675.190,1676.550,N_SPK8023,更好的了解。,False,none,,,,speaker_stance,认为更好的了解,,,
R8009_M8019,R8009_M8019_seg0611,1676.550,1677.560,N_SPK8023,这个是。,False,none,,,,speaker_stance,认为是,,,
R8009_M8019,R8009_M8019_seg0612,1677.560,1678.260,N_SPK8023,一个。,False,none,,,,speaker_stance,认为一个,,,
R8009_M8019,R8009_M8019_seg0613,1678.260,1679.180,N_SPK8023,必须的。,False,none,,,,speaker_stance,认为必须的,,,
R8009_M8019,R8009_M8019_seg0614,1679.180,1683.260,N_SPK8023,这个自我介绍是很重要的，这个是提的非常好。,False,none,,,,speaker_stance,认为自我介绍是很重要的，是提的非常好,,,
R8009_M8019,R8009_M8019_seg0615,1683.810,1684.430,N_SPK8023,这一项。,False,none,,,,speaker_stance,认为这一项,,,
R8009_M8019,R8009_M8019_seg0616,1685.310,1689.430,N_SPK8024,对于活动。,True,partial,,,,uncertainty,高重叠语音，内容或说话人归属不确定,,,多人同时说话，按项目规则标为不确定
R8009_M8019,R8009_M8019_seg0616,1685.310,1689.430,N_SPK8023,就包括对，包括其之前说的小品啊。,True,partial,,,,uncertainty,高重叠语音，内容或说话人归属不确定,,,多人同时说话，按项目规则标为不确定
R8009_M8019,R8009_M8019_seg0617,1689.430,1690.880,N_SPK8023,或者是。,False,none,,,,speaker_stance,认为或者是,,,
R8009_M8019,R8009_M8019_seg0618,1690.880,1692.310,N_SPK8023,啊对诗啊。,False,none,,,,speaker_stance,认为对诗,,,
R8009_M8019,R8009_M8019_seg0619,1692.310,1693.550,N_SPK8023,这些可以。,False,none,,,,speaker_stance,认为这些可以,,,
R8009_M8019,R8009_M8019_seg0620,1693.890,1695.230,N_SPK8023,这个就是说。,False,none,,,,speaker_stance,认为这个就是说,,,
R8009_M8019,R8009_M8019_seg0621,1695.540,1696.130,N_SPK8023,能。,False,none,,,,speaker_stance,认为能,,,
R8009_M8019,R8009_M8019_seg0622,1697.100,1698.890,N_SPK8023,包括小品对诗。,False,none,,,,speaker_stance,认为包括小品对诗,,,
R8009_M8019,R8009_M8019_seg0623,1698.890,1700.810,N_SPK8023,实际上，唱歌都可以。,False,none,,,,speaker_stance,认为实际上，唱歌都可以,,,
R8009_M8019,R8009_M8019_seg0624,1700.810,1703.040,N_SPK8023,最终要体现出。,False,none,,,,speaker_stance,认为最终要体现出,,,
R8009_M8019,R8009_M8019_seg0625,1703.040,1706.990,N_SPK8023,一个就是中秋节的一种气氛，热闹。,False,none,,,,speaker_stance,认为一个就是中秋节的一种气氛，热闹,,,
R8009_M8019,R8009_M8019_seg0626,1706.990,1707.860,N_SPK8023,还有一个。,False,none,,,,speaker_stance,认为还有一个,,,
R8009_M8019,R8009_M8019_seg0627,1707.860,1711.550,N_SPK8023,我们中国的文化习俗，一些习惯。,True,partial,,,,uncertainty,高重叠语音，内容或说话人归属不确定,,,多人同时说话，按项目规则标为不确定
R8009_M8019,R8009_M8019_seg0627,1707.860,1711.550,N_SPK8024,我觉得。,True,partial,,,,uncertainty,高重叠语音，内容或说话人归属不确定,,,多人同时说话，按项目规则标为不确定
R8009_M8019,R8009_M8019_seg0628,1712.760,1713.700,N_SPK8024,宣传。,True,full,,,,uncertainty,高重叠语音，内容或说话人归属不确定,,,多人同时说话，按项目规则标为不确定
R8009_M8019,R8009_M8019_seg0628,1712.760,1713.700,N_SPK8023,好不好啊。,True,full,,,,uncertainty,高重叠语音，内容或说话人归属不确定,,,多人同时说话，按项目规则标为不确定
R8009_M8019,R8009_M8019_seg0629,1713.700,1714.940,N_SPK8024,我觉得还是。,False,none,,,,speaker_stance,认为还是,,,
R8009_M8019,R8009_M8019_seg0630,1715.460,1716.500,N_SPK8024,在学校里边。,False,none,,,,speaker_stance,认为在学校里边,,,
R8009_M8019,R8009_M8019_seg0631,1716.900,1717.970,N_SPK8024,给那些学生。,False,none,,,,speaker_stance,认为给那些学生,,,
R8009_M8019,R8009_M8019_seg0632,1718.370,1719.430,N_SPK8024,提前。,False,none,,,,speaker_stance,认为提前,,,
R8009_M8019,R8009_M8019_seg0633,1719.430,1720.430,N_SPK8024,提醒一下。,False,none,,,,speaker_stance,认为提醒,,,
R8009_M8019,R8009_M8019_seg0634,1720.950,1722.450,N_SPK8024,再好好宣传一下。,False,none,,,,speaker_stance,认为再好好宣传,,,
R8009_M8019,R8009_M8019_seg0635,1722.450,1728.590,N_SPK8024,就是。,True,full,,,,uncertainty,高重叠语音，内容或说话人归属不确定,,,多人同时说话，按项目规则标为不确定
R8009_M8019,R8009_M8019_seg0635,1722.450,1728.590,N_SPK8023,呃，包括宣传这一块。,True,full,,,,uncertainty,高重叠语音，内容或说话人归属不确定,,,多人同时说话，按项目规则标为不确定
R8009_M8019,R8009_M8019_seg0635,1722.450,1728.590,N_SPK8024,每个，我们让每个。,True,full,,,,uncertainty,高重叠语音，内容或说话人归属不确定,,,多人同时说话，按项目规则标为不确定
R8009_M8019,R8009_M8019_seg0635,1722.450,1728.590,N_SPK8023,不包括宣传这个，我可以就是说我。,True,full,,,,uncertainty,高重叠语音，内容或说话人归属不确定,,,多人同时说话，按项目规则标为不确定
R8009_M8019,R8009_M8019_seg0635,1722.450,1728.590,N_SPK8024,我们让每个班上选一个。,True,full,,,,uncertainty,高重叠语音，内容或说话人归属不确定,,,多人同时说话，按项目规则标为不确定
R8009_M8019,R8009_M8019_seg0636,1729.080,1734.260,N_SPK8023,宣传嘛，就是说。,True,partial,,,,uncertainty,高重叠语音，内容或说话人归属不确定,,,多人同时说话，按项目规则标为不确定
R8009_M8019,R8009_M8019_seg0636,1729.080,1734.260,N_SPK8024,我们每个班，每个班选出一个关于中秋的节目。,True,partial,,,,uncertainty,高重叠语音，内容或说话人归属不确定,,,多人同时说话，按项目规则标为不确定
R8009_M8019,R8009_M8019_seg0637,1734.630,1736.150,N_SPK8024,哦，他们好好那个。,False,none,,,,speaker_stance,认为哦，他们好好,,,
R8009_M8019,R8009_M8019_seg0638,1736.460,1739.420,N_SPK8024,但也来不及了，还有一，还有还有一周了。,False,none,,,,speaker_stance,认为但也来不及了，还有一，还有还有一周了,,,
R8009_M8019,R8009_M8019_seg0639,1739.430,1743.520,N_SPK8023,嗯，这个没有关系这个到时候就是宣传部吗？,False,none,,,,open_question,待确认没有关系到时候就是宣传部吗？,,,
R8009_M8019,R8009_M8019_seg0640,1743.520,1747.600,N_SPK8023,这边也可以配合你们，因为毕竟留学交流会这个是个大会。,False,none,,,,speaker_stance,认为这边也可以配合你们，因为毕竟留学交流会是个大会,,,
R8009_M8019,R8009_M8019_seg0641,1747.600,1748.380,N_SPK8023,知道吧。,False,none,,,,speaker_stance,认为知道吧,,,
R8009_M8019,R8009_M8019_seg0642,1748.380,1749.680,N_SPK8023,因为做做宣传。,False,none,,,,speaker_stance,认为因为做做宣传,,,
R8009_M8019,R8009_M8019_seg0643,1749.680,1751.360,N_SPK8023,广播里面就是说。,False,none,,,,speaker_stance,认为广播里面,,,
R8009_M8019,R8009_M8019_seg0644,1751.970,1755.560,N_SPK8023,再就是休息，课间的时候做做宣传啊，这些。,False,none,,,,speaker_stance,认为再就是休息，课间的时候做做宣传，这些,,,
R8009_M8019,R8009_M8019_seg0645,1755.870,1757.180,N_SPK8023,首先就是说。,False,none,,,,topic_transition,讨论首先,,,
R8009_M8019,R8009_M8019_seg0646,1757.180,1759.100,N_SPK8023,让他们知道有这个活动。,False,none,,,,speaker_stance,认为让他们知道有活动,,,
R8009_M8019,R8009_M8019_seg0647,1759.560,1760.510,N_SPK8023,让他们。,False,none,,,,speaker_stance,认为让他们,,,
R8009_M8019,R8009_M8019_seg0648,1761.750,1763.330,N_SPK8023,呃，就是说。,False,none,,,,speaker_stance,认为呃，就是说,,,
R8009_M8019,R8009_M8019_seg0649,1763.940,1765.370,N_SPK8023,能积极的参加。,False,none,,,,speaker_stance,认为能积极的参加,,,
R8009_M8019,R8009_M8019_seg0650,1765.710,1766.240,N_SPK8023,好吧。,False,none,,,,speaker_stance,认为好吧,,,
R8009_M8019,R8009_M8019_seg0651,1766.760,1767.450,N_SPK8023,你觉得。,False,none,,,,speaker_stance,认为你觉得,,,
R8009_M8019,R8009_M8019_seg0652,1767.990,1769.750,N_SPK8024,我觉得可以，非常。,False,none,,,,speaker_stance,认为可以，非常,,,
R8009_M8019,R8009_M8019_seg0653,1770.690,1771.430,N_SPK8024,这样。,False,none,,,,speaker_stance,认为这样,,,
R8009_M8019,R8009_M8019_seg0654,1771.430,1773.410,N_SPK8024,我们今天就说的是。,False,none,,,,topic_transition,讨论今天就说的是,,,
R8009_M8019,R8009_M8019_seg0655,1774.410,1775.750,N_SPK8024,我们今天讲了哪些点？,False,none,,,,open_question,待确认今天讲了哪些点？,,,
R8009_M8019,R8009_M8019_seg0656,1776.540,1778.120,N_SPK8024,就是，主题是。,False,none,,,,speaker_stance,认为就是，主题是,,,
R8009_M8019,R8009_M8019_seg0657,1778.940,1780.460,N_SPK8024,让你更好的懂我。,False,none,,,,speaker_stance,认为让你更好的懂我,,,
R8009_M8019,R8009_M8019_seg0658,1780.460,1782.470,N_SPK8024,我们这回的晚会名字就叫。,False,none,,,,speaker_stance,认为这回的晚会名字就叫,,,
R8009_M8019,R8009_M8019_seg0659,1782.810,1784.900,N_SPK8024,让你更好的懂我中秋晚会。,False,none,,,,speaker_stance,认为让你更好的懂我中秋晚会,,,
R8009_M8019,R8009_M8019_seg0660,1786.170,1786.730,N_SPK8024,对吧？,False,none,,,,open_question,待确认对吧？,,,
R8009_M8019,R8009_M8019_seg0661,1787.070,1793.290,N_SPK8023,对对对，因为今天我们说了怎么多交流这么多，就是说这类活动来说的宗旨哈。,False,none,,,,topic_transition,讨论对对对，因为今天说了怎么多交流这么多，这类活动来说的宗旨哈,,,
R8009_M8019,R8009_M8019_seg0662,1793.290,1796.110,N_SPK8023,必须要体现出，一个中国。,False,none,,,,speaker_stance,认为必须要体现出，一个中国,,,
R8009_M8019,R8009_M8019_seg0663,1796.110,1797.560,N_SPK8023,我们的那个哦。,False,none,,,,speaker_stance,认为的哦,,,
R8009_M8019,R8009_M8019_seg0664,1797.560,1799.030,N_SPK8023,文化的。,True,full,,,,uncertainty,高重叠语音，内容或说话人归属不确定,,,多人同时说话，按项目规则标为不确定
R8009_M8019,R8009_M8019_seg0664,1797.560,1799.030,N_SPK8024,增进交流。,True,full,,,,uncertainty,高重叠语音，内容或说话人归属不确定,,,多人同时说话，按项目规则标为不确定
R8009_M8019,R8009_M8019_seg0665,1799.460,1800.140,N_SPK8023,数。,False,none,,,,speaker_stance,认为数,,,
R8009_M8019,R8009_M8019_seg0666,1800.140,1801.120,N_SPK8023,一样。,False,none,,,,speaker_stance,认为一样,,,
R8009_M8019,R8009_M8019_seg0667,1801.120,1802.800,N_SPK8023,增进交流。,False,none,,,,speaker_stance,认为增进交流,,,
R8009_M8019,R8009_M8019_seg0668,1802.800,1807.390,N_SPK8023,对，让他更懂我们中国。,True,partial,,,,uncertainty,高重叠语音，内容或说话人归属不确定,,,多人同时说话，按项目规则标为不确定
R8009_M8019,R8009_M8019_seg0668,1802.800,1807.390,N_SPK8024,时间就是，中秋晚会。,True,partial,,,,uncertainty,高重叠语音，内容或说话人归属不确定,,,多人同时说话，按项目规则标为不确定
R8009_M8019,R8009_M8019_seg0668,1802.800,1807.390,N_SPK8023,还更懂我们这个，学校。,True,partial,,,,uncertainty,高重叠语音，内容或说话人归属不确定,,,多人同时说话，按项目规则标为不确定
R8009_M8019,R8009_M8019_seg0669,1807.390,1811.860,N_SPK8023,时间就定在，中秋晚会这边。,True,full,,,,uncertainty,高重叠语音，内容或说话人归属不确定,,,多人同时说话，按项目规则标为不确定
R8009_M8019,R8009_M8019_seg0669,1807.390,1811.860,N_SPK8024,时间，中秋晚会就是中秋节。,True,full,,,,uncertainty,高重叠语音，内容或说话人归属不确定,,,多人同时说话，按项目规则标为不确定
R8009_M8019,R8009_M8019_seg0669,1807.390,1811.860,N_SPK8024,就是中秋节。,True,full,,,,uncertainty,高重叠语音，内容或说话人归属不确定,,,多人同时说话，按项目规则标为不确定
R8009_M8019,R8009_M8019_seg0669,1807.390,1811.860,N_SPK8023,然后就是说。,True,full,,,,uncertainty,高重叠语音，内容或说话人归属不确定,,,多人同时说话，按项目规则标为不确定
R8009_M8019,R8009_M8019_seg0670,1811.860,1814.630,N_SPK8023,包括翻译，这边我给你说了。,False,none,,,,speaker_stance,认为包括翻译，这边我给你说了,,,
R8009_M8019,R8009_M8019_seg0671,1814.630,1818.650,N_SPK8023,那个。,True,full,,,,uncertainty,高重叠语音，内容或说话人归属不确定,,,多人同时说话，按项目规则标为不确定
R8009_M8019,R8009_M8019_seg0671,1814.630,1818.650,N_SPK8024,宋老师吗？,True,full,,,,uncertainty,高重叠语音，内容或说话人归属不确定,,,多人同时说话，按项目规则标为不确定
R8009_M8019,R8009_M8019_seg0671,1814.630,1818.650,N_SPK8023,对小宋老师会这边会配合你们。,True,full,,,,uncertainty,高重叠语音，内容或说话人归属不确定,,,多人同时说话，按项目规则标为不确定
R8009_M8019,R8009_M8019_seg0671,1814.630,1818.650,N_SPK8024,唉，那个。,True,full,,,,uncertainty,高重叠语音，内容或说话人归属不确定,,,多人同时说话，按项目规则标为不确定
R8009_M8019,R8009_M8019_seg0672,1818.990,1819.970,N_SPK8024,那个。,False,none,,,,speaker_stance,认为那个,,,
R8009_M8019,R8009_M8019_seg0673,1822.140,1832.010,N_SPK8024,张老师是？,True,partial,,,,uncertainty,高重叠语音，内容或说话人归属不确定,,,多人同时说话，按项目规则标为不确定
R8009_M8019,R8009_M8019_seg0673,1822.140,1832.010,N_SPK8023,张老师这边就是说人员嘛，你不是说要四十个人嘛。,True,partial,,,,uncertainty,高重叠语音，内容或说话人归属不确定,,,多人同时说话，按项目规则标为不确定
R8009_M8019,R8009_M8019_seg0673,1822.140,1832.010,N_SPK8024,对。,True,partial,,,,uncertainty,高重叠语音，内容或说话人归属不确定,,,多人同时说话，按项目规则标为不确定
R8009_M8019,R8009_M8019_seg0673,1822.140,1832.010,N_SPK8023,体育的张老师这边，他们其实会安排学生，就是说尽量是男生嘛？,True,partial,,,,uncertainty,高重叠语音，内容或说话人归属不确定,,,多人同时说话，按项目规则标为不确定
R8009_M8019,R8009_M8019_seg0673,1822.140,1832.010,N_SPK8024,嗯。,True,partial,,,,uncertainty,高重叠语音，内容或说话人归属不确定,,,多人同时说话，按项目规则标为不确定
R8009_M8019,R8009_M8019_seg0674,1832.010,1834.030,N_SPK8023,这边，到时候又布置会场。,False,none,,,,speaker_stance,认为这边，到时候又布置会场,,,
R8009_M8019,R8009_M8019_seg0675,1834.030,1834.780,N_SPK8023,对吧。,False,none,,,,speaker_stance,认为对吧,,,
R8009_M8019,R8009_M8019_seg0676,1834.780,1839.270,N_SPK8023,布置会场这边尽量能，能够协助你们。,True,full,,,,uncertainty,高重叠语音，内容或说话人归属不确定,,,多人同时说话，按项目规则标为不确定
R8009_M8019,R8009_M8019_seg0676,1834.780,1839.270,N_SPK8024,就是。,True,full,,,,uncertainty,高重叠语音，内容或说话人归属不确定,,,多人同时说话，按项目规则标为不确定
R8009_M8019,R8009_M8019_seg0676,1834.780,1839.270,N_SPK8024,其实到时候，我们关于中秋的表演。,True,full,,,,uncertainty,高重叠语音，内容或说话人归属不确定,,,多人同时说话，按项目规则标为不确定
R8009_M8019,R8009_M8019_seg0676,1834.780,1839.270,N_SPK8023,对对对。,True,full,,,,uncertainty,高重叠语音，内容或说话人归属不确定,,,多人同时说话，按项目规则标为不确定
R8009_M8019,R8009_M8019_seg0677,1839.270,1840.310,N_SPK8024,诗朗诵。,False,none,,,,speaker_stance,认为诗朗诵,,,
R8009_M8019,R8009_M8019_seg0678,1840.620,1841.390,N_SPK8024,对诗。,False,none,,,,speaker_stance,认为对诗,,,
R8009_M8019,R8009_M8019_seg0679,1842.090,1847.920,N_SPK8023,不是啊。,True,partial,,,,uncertainty,高重叠语音，内容或说话人归属不确定,,,多人同时说话，按项目规则标为不确定
R8009_M8019,R8009_M8019_seg0679,1842.090,1847.920,N_SPK8024,然后下午。,True,partial,,,,uncertainty,高重叠语音，内容或说话人归属不确定,,,多人同时说话，按项目规则标为不确定
R8009_M8019,R8009_M8019_seg0679,1842.090,1847.920,N_SPK8023,诗朗诵对诗，可以的可以的。,True,partial,,,,uncertainty,高重叠语音，内容或说话人归属不确定,,,多人同时说话，按项目规则标为不确定
R8009_M8019,R8009_M8019_seg0679,1842.090,1847.920,N_SPK8024,下午就是，包饺子。,True,partial,,,,uncertainty,高重叠语音，内容或说话人归属不确定,,,多人同时说话，按项目规则标为不确定
R8009_M8019,R8009_M8019_seg0679,1842.090,1847.920,N_SPK8023,包饺子可以。,True,partial,,,,uncertainty,高重叠语音，内容或说话人归属不确定,,,多人同时说话，按项目规则标为不确定
R8009_M8019,R8009_M8019_seg0680,1847.920,1855.050,N_SPK8023,因为包饺子，这一块儿就是。,True,partial,,,,uncertainty,高重叠语音，内容或说话人归属不确定,,,多人同时说话，按项目规则标为不确定
R8009_M8019,R8009_M8019_seg0680,1847.920,1855.050,N_SPK8024,下午就是吃吃。,True,partial,,,,uncertainty,高重叠语音，内容或说话人归属不确定,,,多人同时说话，按项目规则标为不确定
R8009_M8019,R8009_M8019_seg0680,1847.920,1855.050,N_SPK8023,因为之前也说个包饺子给我说，我这边会跟食堂这边就是说。,True,partial,,,,uncertainty,高重叠语音，内容或说话人归属不确定,,,多人同时说话，按项目规则标为不确定
R8009_M8019,R8009_M8019_seg0681,1855.050,1855.900,N_SPK8023,提前。,False,none,,,,speaker_stance,认为提前,,,
R8009_M8019,R8009_M8019_seg0682,1855.900,1857.800,N_SPK8023,呃，说明这个情况。,False,none,,,,speaker_stance,认为说明情况,,,
R8009_M8019,R8009_M8019_seg0683,1858.320,1862.620,N_SPK8023,叫他们配合你还有相关，比如说饺子啊，食材啊，这边。,False,none,,,,speaker_stance,认为叫他们配合你还有相关，比如说饺子，食材，这边,,,
R8009_M8019,R8009_M8019_seg0684,1862.620,1867.900,N_SPK8023,呃，中秋月饼这边我们会给你安排好学校，这边会给你弄好。,True,partial,,,,uncertainty,高重叠语音，内容或说话人归属不确定,,,多人同时说话，按项目规则标为不确定
R8009_M8019,R8009_M8019_seg0684,1862.620,1867.900,N_SPK8024,对。,True,partial,,,,uncertainty,高重叠语音，内容或说话人归属不确定,,,多人同时说话，按项目规则标为不确定
R8009_M8019,R8009_M8019_seg0685,1867.900,1868.900,N_SPK8023,包括经费。,False,none,,,,speaker_stance,认为包括经费,,,
R8009_M8019,R8009_M8019_seg0686,1869.390,1870.810,N_SPK8023,经费的人。,False,none,,,,speaker_stance,认为经费的人,,,
R8009_M8019,R8009_M8019_seg0687,1870.810,1872.320,N_SPK8023,需要的情况也。,False,none,,,,speaker_stance,认为需要的情况也,,,
R8009_M8019,R8009_M8019_seg0688,1872.630,1874.390,N_SPK8023,提前告诉我一下，这边。,False,none,,,,speaker_stance,认为提前告诉我，这边,,,
R8009_M8019,R8009_M8019_seg0689,1874.760,1877.380,N_SPK8023,就是说让这个留学生交流会哈。,False,none,,,,speaker_stance,认为让留学生交流会哈,,,
R8009_M8019,R8009_M8019_seg0690,1877.380,1878.440,N_SPK8023,能弄得更好。,False,none,,,,speaker_stance,认为能弄得更好,,,
R8009_M8019,R8009_M8019_seg0691,1878.440,1879.680,N_SPK8023,啊这。,False,none,,,,speaker_stance,认为这,,,
R8009_M8019,R8009_M8019_seg0692,1879.680,1881.620,N_SPK8023,让就是外国的。,False,none,,,,speaker_stance,认为让就是外国的,,,
R8009_M8019,R8009_M8019_seg0693,1881.620,1883.680,N_SPK8023,尤其是外国的友人。,False,none,,,,speaker_stance,认为尤其是外国的友人,,,
R8009_M8019,R8009_M8019_seg0694,1883.680,1884.380,N_SPK8023,更能。,False,none,,,,speaker_stance,认为更能,,,
R8009_M8019,R8009_M8019_seg0695,1884.810,1885.480,N_SPK8023,及时。,False,none,,,,speaker_stance,认为及时,,,
R8009_M8019,R8009_M8019_seg0696,1885.480,1887.170,N_SPK8023,知道我们中国的。,False,none,,,,speaker_stance,认为知道中国的,,,
R8009_M8019,R8009_M8019_seg0697,1888.320,1889.760,N_SPK8023,文化艺术。,False,none,,,,speaker_stance,认为文化艺术,,,
R8009_M8019,R8009_M8019_seg0698,1889.760,1892.840,N_SPK8023,中国的人数风情，还有个人体。,False,none,,,,speaker_stance,认为中国的人数风情，还有个人体,,,
R8009_M8019,R8009_M8019_seg0699,1892.890,1895.630,N_SPK8024,中传。,True,full,,,,uncertainty,高重叠语音，内容或说话人归属不确定,,,多人同时说话，按项目规则标为不确定
R8009_M8019,R8009_M8019_seg0699,1892.890,1895.630,N_SPK8023,体会，到我们这个学校哈。,True,full,,,,uncertainty,高重叠语音，内容或说话人归属不确定,,,多人同时说话，按项目规则标为不确定
R8009_M8019,R8009_M8019_seg0699,1892.890,1895.630,N_SPK8024,中国传统。,True,full,,,,uncertainty,高重叠语音，内容或说话人归属不确定,,,多人同时说话，按项目规则标为不确定
R8009_M8019,R8009_M8019_seg0700,1895.670,1896.950,N_SPK8024,中国传统文化。,False,none,,,,speaker_stance,认为中国传统文化,,,
R8009_M8019,R8009_M8019_seg0701,1897.860,1898.720,N_SPK8023,学校。,False,none,,,,speaker_stance,认为学校,,,
R8009_M8019,R8009_M8019_seg0702,1899.270,1900.010,N_SPK8023,有一种。,False,none,,,,speaker_stance,认为有一种,,,
R8009_M8019,R8009_M8019_seg0703,1900.650,1903.100,N_SPK8023,一家亲的感觉，那是最好的。,False,none,,,,speaker_stance,认为一家亲的感觉，那是最好的,,,
R8009_M8019,R8009_M8019_seg0704,1903.100,1906.880,N_SPK8023,所以这个活动哈，就是你要想想你要多费心。,False,none,,,,speaker_stance,认为所以活动哈，就是你要想想你要多费心,,,
R8009_M8019,R8009_M8019_seg0705,1907.190,1909.870,N_SPK8023,把它好好的去，就是。,False,none,,,,speaker_stance,认为把它好好的去，就是,,,
R8009_M8019,R8009_M8019_seg0706,1909.870,1914.200,N_SPK8023,弄好宣传，这边会给你说了，学校会配合宣传部这边广播。,False,none,,,,speaker_stance,认为弄好宣传，这边会给你说了，学校会配合宣传部这边广播,,,
R8009_M8019,R8009_M8019_seg0707,1914.780,1917.460,N_SPK8023,好吧，再，课间的时候会。,False,none,,,,speaker_stance,认为好吧，再，课间的时候会,,,
R8009_M8019,R8009_M8019_seg0708,1917.460,1918.700,N_SPK8023,说这个信息。,False,none,,,,speaker_stance,认为说信息,,,
R8009_M8019,R8009_M8019_seg0709,1918.700,1924.300,N_SPK8023,让就是说学校的老师同学都知道，对。,True,full,,,,uncertainty,高重叠语音，内容或说话人归属不确定,,,多人同时说话，按项目规则标为不确定
R8009_M8019,R8009_M8019_seg0709,1918.700,1924.300,N_SPK8024,一定要让，一定要学生们拿出，一定要让学生们拿出最好的热情。,True,full,,,,uncertainty,高重叠语音，内容或说话人归属不确定,,,多人同时说话，按项目规则标为不确定
R8009_M8019,R8009_M8019_seg0710,1924.300,1925.480,N_SPK8024,来接待他们。,False,none,,,,speaker_stance,认为来接待他们,,,
R8009_M8019,R8009_M8019_seg0711,1926.270,1928.260,N_SPK8023,呃，非常的不错非常不错。,False,none,,,,speaker_stance,认为非常的不错非常不错,,,
R8009_M8019,R8009_M8019_seg0712,1928.260,1929.590,N_SPK8023,就是说这个。,False,none,,,,speaker_stance,认为就是说这个,,,
R8009_M8019,R8009_M8019_seg0713,1930.350,1931.860,N_SPK8023,呃，留学生交流会。,False,none,,,,speaker_stance,认为留学生交流会,,,
R8009_M8019,R8009_M8019_seg0714,1931.860,1936.100,N_SPK8023,嗯，就你要多费心，好好的就是干。,False,none,,,,speaker_stance,认为就你要多费心，好好的就是干,,,
R8009_M8019,R8009_M8019_seg0715,1936.650,1937.570,N_SPK8023,好好的弄。,False,none,,,,speaker_stance,认为好好的弄,,,
R8009_M8019,R8009_M8019_seg0716,1937.570,1939.090,N_SPK8023,让就是说。,False,none,,,,speaker_stance,认为让,,,
R8009_M8019,R8009_M8019_seg0717,1939.090,1941.270,N_SPK8023,留学生在进行交流会。,False,none,,,,speaker_stance,认为留学生在进行交流会,,,
R8009_M8019,R8009_M8019_seg0718,1941.270,1942.100,N_SPK8023,能够。,False,none,,,,speaker_stance,认为能够,,,
R8009_M8019,R8009_M8019_seg0719,1943.790,1944.590,N_SPK8023,举办的。,False,none,,,,speaker_stance,认为举办的,,,
R8009_M8019,R8009_M8019_seg0720,1944.590,1945.930,N_SPK8023,非常好效果。,False,none,,,,speaker_stance,认为非常好效果,,,
R8009_M8019,R8009_M8019_seg0721,1945.930,1951.250,N_SPK8023,能够让他们，感觉到我们这个主题就是让你。,False,none,,,,speaker_stance,认为能够让他们，感觉到主题就是让你,,,
R8009_M8019,R8009_M8019_seg0722,1951.680,1952.880,N_SPK8023,更好的懂我。,False,none,,,,speaker_stance,认为更好的懂我,,,
R8009_M8019,R8009_M8019_seg0723,1952.880,1954.160,N_SPK8023,懂我们这中国。,False,none,,,,speaker_stance,认为懂这中国,,,
R8009_M8019,R8009_M8019_seg0724,1954.470,1955.120,N_SPK8023,好不好。,False,none,,,,speaker_stance,认为好不好,,,
R8009_M8019,R8009_M8019_seg0725,1955.580,1957.300,N_SPK8023,呃，就是说你。,True,partial,,,,uncertainty,高重叠语音，内容或说话人归属不确定,,,多人同时说话，按项目规则标为不确定
R8009_M8019,R8009_M8019_seg0725,1955.580,1957.300,N_SPK8024,好。,True,partial,,,,uncertainty,高重叠语音，内容或说话人归属不确定,,,多人同时说话，按项目规则标为不确定
R8009_M8019,R8009_M8019_seg0726,1957.300,1958.810,N_SPK8023,加把劲，努力。,False,none,,,,speaker_stance,认为加把劲，努力,,,
R8009_M8019,R8009_M8019_seg0727,1959.600,1961.420,N_SPK8023,嗯，我这边就是说。,False,none,,,,speaker_stance,认为我这边,,,
R8009_M8019,R8009_M8019_seg0728,1961.420,1962.760,N_SPK8023,呃，看好你们。,False,none,,,,speaker_stance,认为看好你们,,,
R8009_M8019,R8009_M8019_seg0729,1962.760,1963.460,N_SPK8023,好不好。,False,none,,,,speaker_stance,认为好不好,,,
R8009_M8019,R8009_M8019_seg0730,1963.500,1964.660,N_SPK8024,好。,True,partial,,,,uncertainty,高重叠语音，内容或说话人归属不确定,,,多人同时说话，按项目规则标为不确定
R8009_M8019,R8009_M8019_seg0730,1963.500,1964.660,N_SPK8023,啊，加油。,True,partial,,,,uncertainty,高重叠语音，内容或说话人归属不确定,,,多人同时说话，按项目规则标为不确定
